; generated by PrusaSlicer 2.9.4 on 2026-06-11 at 13:47:19 UTC

; 

; external perimeters extrusion width = 0.63mm
; perimeters extrusion width = 0.66mm
; infill extrusion width = 0.66mm
; solid infill extrusion width = 0.66mm
; top infill extrusion width = 0.60mm
; first layer extrusion width = 0.63mm

M201 X500 Y500 Z100 E5000 ; sets maximum accelerations, mm/sec^2
M203 X500 Y500 Z10 E60 ; sets maximum feedrates, mm / sec
M204 S500 T1000 ; sets acceleration (S) and retract acceleration (R), mm/sec^2
M205 X8.00 Y8.00 Z0.40 E5.00 ; sets the jerk limits, mm/sec
M205 S0 T0 ; sets the minimum extruding and travel feed rate, mm/sec

; printing object Chess Board Lid id:0 copy 0
; stop printing object Chess Board Lid id:0 copy 0

;TYPE:Custom
G90 ; use absolute coordinates
M83 ; extruder relative mode
M109 S150 ; set temporary nozzle temp to prevent oozing during homing
M190 S60 ; wait for bed temp to stabilize
M140 S60 ; set final bed temp
G28 ; home all axis
G1 Z50 F240
G1 X2.0 Y10 F3000
M104 S205 ; set final nozzle temp
M109 S205 ; wait for nozzle temp to stabilize
G1 Z0.28 F240
G92 E0
G1 X2.0 Y140 E10 F1500 ; prime the nozzle
G1 X2.3 Y140 F5000
G92 E0
G1 X2.3 Y10 E10 F1200 ; prime the nozzle
G92 E0
G21 ; set units to millimeters
G90 ; use absolute coordinates
M83 ; use relative distances for extrusion
; Filament gcode
M107
;LAYER_CHANGE
;Z:0.3
;HEIGHT:0.3
G1 E-6 F3600
G1 Z.3 F9000
G1 X41.261 Y27.441
G1 E6 F2400
M204 S500
;TYPE:Skirt/Brim
;WIDTH:0.63
G1 F1200
G1 X42.348 Y26.256 E.11344
G1 X44.15 Y25.717 E.13269
G1 X355.85 Y25.717 E21.98955
G1 X357.409 Y26.111 E.11344
G1 X358.594 Y27.198 E.11344
G1 X359.133 Y29 E.13269
G1 X359.133 Y32.028 E.21362
G1 X356.233 Y371.028 E23.91637
G1 X355.825 Y372.584 E.11348
G1 X354.728 Y373.76 E.11346
G1 X352.95 Y374.283 E.13075
G1 X47.05 Y374.283 E21.58038
G1 X45.491 Y373.889 E.11344
G1 X44.306 Y372.802 E.11344
G1 X43.767 Y371.028 E.1308
G1 X40.867 Y32.028 E23.91637
G1 X40.867 Y29 E.21362
G1 X41.239 Y27.528 E.10711
G1 E-4.2 F3600
;WIPE_START
G1 F7200
G1 X41.261 Y27.441 E-.04263
G1 X42.348 Y26.256 E-.76382
G1 X44.15 Y25.717 E-.89342
G1 X44.361 Y25.717 E-.10013
;WIPE_END
; printing object Chess Board Lid id:0 copy 0
G1 X45.249 Y30.099 F9000
G1 E6 F2400
;TYPE:Perimeter
;WIDTH:0.866572
G1 F1200
G1 X47.182 Y30.099 E.1934
G1 X47.365 Y30.075 E.01847
;WIDTH:0.819257
G1 X47.547 Y30.052 E.01727
;WIDTH:0.771943
G1 X47.729 Y30.028 E.0162
;WIDTH:0.724628
G1 X47.912 Y30.004 E.0152
;WIDTH:0.677314
G1 X48.094 Y29.981 E.01402
;WIDTH:0.63
G1 X351.906 Y29.981 E21.43306
;WIDTH:0.679387
G1 X352.041 Y30.005 E.01052
;WIDTH:0.728774
G1 X352.175 Y30.03 E.0113
;WIDTH:0.778161
G1 X352.31 Y30.055 E.01222
;WIDTH:0.827548
G1 X352.445 Y30.079 E.01305
;WIDTH:0.876936
G1 X352.58 Y30.104 E.01391
G1 X352.818 Y30.099 E.02413
;WIDTH:0.866572
G1 X354.751 Y30.099 E.1934
G1 X354.751 Y30.901 E.08024
G1 X352.661 Y30.901 E.20911
G1 X352.591 Y30.959 E.0091
;WIDTH:0.819257
G1 X352.52 Y31.016 E.00857
;WIDTH:0.771943
G1 X352.45 Y31.074 E.00802
;WIDTH:0.724628
G1 X352.379 Y31.131 E.0075
;WIDTH:0.677314
G1 X352.309 Y31.189 E.00695
;WIDTH:0.63
G1 X352.035 Y31.541 E.03147
G1 X351.969 Y31.868 E.02353
G1 X351.969 Y370.019 E23.85558
G1 X48.031 Y370.019 E21.44195
G1 X48.031 Y31.868 E23.85558
G1 X47.965 Y31.541 E.02353
G1 X47.691 Y31.189 E.03147
;WIDTH:0.677314
G1 X47.589 Y31.131 E.00897
;WIDTH:0.724628
G1 X47.488 Y31.074 E.00955
;WIDTH:0.771943
G1 X47.386 Y31.016 E.01036
;WIDTH:0.819257
G1 X47.284 Y30.959 E.011
;WIDTH:0.866572
G1 X47.182 Y30.901 E.01174
G1 X45.249 Y30.901 E.1934
G1 X45.249 Y30.189 E.07124
G1 X44.565 Y29.415 F9000
;TYPE:External perimeter
;WIDTH:0.63
G1 F1200
G1 X355.435 Y29.415 E21.93098
G1 X355.435 Y31.585 E.15309
G1 X352.818 Y31.585 E.18462
G1 X352.648 Y31.642 E.01265
G1 X352.557 Y31.759 E.01046
G1 X352.535 Y31.868 E.00784
G1 X352.535 Y370.585 E23.89551
G1 X47.465 Y370.585 E21.52181
G1 X47.465 Y31.787 E23.90122
G1 X47.352 Y31.642 E.01297
G1 X47.182 Y31.585 E.01265
G1 X44.565 Y31.585 E.18462
G1 X44.565 Y29.505 E.14674
G1 E-4.2 F3600
;WIPE_START
G1 F7200
G1 X44.565 Y29.415 E-.04275
G1 X48.264 Y29.415 E-1.75725
;WIPE_END
G1 X351.317 Y30.162 F9000
G1 E6 F2400
;TYPE:Solid infill
;WIDTH:0.6301
G1 F1200
G1 X352.021 Y30.866 E.07025
G1 X351.671 Y31.316 E.04023
G1 X350.772 Y30.416 E.08976
G1 X349.972 Y30.416 E.05645
G1 X351.534 Y31.978 E.15587
G1 X351.534 Y32.778 E.05645
G1 X349.172 Y30.416 E.2357
G1 X348.371 Y30.416 E.05652
G1 X351.534 Y33.579 E.31562
G1 X351.534 Y34.379 E.05645
G1 X347.571 Y30.416 E.39545
G1 X346.771 Y30.416 E.05645
G1 X351.534 Y35.179 E.47528
G1 X351.534 Y35.979 E.05645
G1 X345.971 Y30.416 E.55511
G1 X345.171 Y30.416 E.05645
G1 X351.534 Y36.779 E.63494
G1 X351.534 Y37.579 E.05645
G1 X344.371 Y30.416 E.71477
G1 X343.571 Y30.416 E.05645
G1 X351.534 Y38.379 E.7946
G1 X351.534 Y39.179 E.05645
G1 X342.771 Y30.416 E.87443
G1 X341.971 Y30.416 E.05645
G1 X351.534 Y39.979 E.95426
G1 X351.534 Y40.779 E.05645
G1 X341.171 Y30.416 E1.03409
G1 X340.371 Y30.416 E.05645
G1 X351.534 Y41.579 E1.11391
G1 X351.534 Y42.379 E.05645
G1 X339.571 Y30.416 E1.19374
G1 X338.771 Y30.416 E.05645
G1 X351.534 Y43.179 E1.27357
G1 X351.534 Y43.979 E.05645
G1 X337.971 Y30.416 E1.3534
G1 X337.171 Y30.416 E.05645
G1 X351.534 Y44.779 E1.43323
G1 X351.534 Y45.579 E.05645
G1 X336.371 Y30.416 E1.51306
G1 X335.571 Y30.416 E.05645
G1 X351.534 Y46.379 E1.59289
G1 X351.534 Y47.179 E.05645
G1 X334.771 Y30.416 E1.67272
G1 X333.971 Y30.416 E.05645
G1 X351.534 Y47.979 E1.75255
G1 X351.534 Y48.779 E.05645
G1 X333.171 Y30.416 E1.83238
G1 X332.371 Y30.416 E.05645
G1 X351.534 Y49.579 E1.91221
G1 X351.534 Y50.38 E.05652
G1 X331.57 Y30.416 E1.99213
G1 X330.77 Y30.416 E.05645
G1 X351.534 Y51.18 E2.07196
G1 X351.534 Y51.98 E.05645
G1 X329.97 Y30.416 E2.15179
G1 X329.17 Y30.416 E.05645
G1 X351.534 Y52.78 E2.23162
G1 X351.534 Y53.58 E.05645
G1 X328.37 Y30.416 E2.31145
G1 X327.57 Y30.416 E.05645
G1 X351.534 Y54.38 E2.39128
G1 X351.534 Y55.18 E.05645
G1 X326.77 Y30.416 E2.47111
G1 X325.97 Y30.416 E.05645
G1 X351.534 Y55.98 E2.55094
G1 X351.534 Y56.78 E.05645
G1 X325.17 Y30.416 E2.63077
G1 X324.37 Y30.416 E.05645
G1 X351.534 Y57.58 E2.7106
G1 X351.534 Y58.38 E.05645
G1 X323.57 Y30.416 E2.79042
G1 X322.77 Y30.416 E.05645
G1 X351.534 Y59.18 E2.87025
G1 X351.534 Y59.98 E.05645
G1 X321.97 Y30.416 E2.95008
G1 X321.17 Y30.416 E.05645
G1 X351.534 Y60.78 E3.02991
G1 X351.534 Y61.58 E.05645
G1 X320.37 Y30.416 E3.10974
G1 X319.57 Y30.416 E.05645
G1 X351.534 Y62.38 E3.18957
G1 X351.534 Y63.18 E.05645
G1 X318.77 Y30.416 E3.2694
G1 X317.97 Y30.416 E.05645
G1 X351.534 Y63.98 E3.34923
G1 X351.534 Y64.78 E.05645
G1 X317.17 Y30.416 E3.42906
G1 X316.37 Y30.416 E.05645
G1 X351.534 Y65.58 E3.50889
G1 X351.534 Y66.38 E.05645
G1 X315.57 Y30.416 E3.58872
G1 X314.769 Y30.416 E.05652
G1 X351.534 Y67.181 E3.66864
G1 X351.534 Y67.981 E.05645
G1 X313.969 Y30.416 E3.74847
G1 X313.169 Y30.416 E.05645
G1 X351.534 Y68.781 E3.8283
G1 X351.534 Y69.581 E.05645
G1 X312.369 Y30.416 E3.90813
G1 X311.569 Y30.416 E.05645
G1 X351.534 Y70.381 E3.98796
G1 X351.534 Y71.181 E.05645
G1 X310.769 Y30.416 E4.06779
G1 X309.969 Y30.416 E.05645
G1 X351.534 Y71.981 E4.14762
G1 X351.534 Y72.781 E.05645
G1 X309.169 Y30.416 E4.22745
G1 X308.369 Y30.416 E.05645
G1 X351.534 Y73.581 E4.30728
G1 X351.534 Y74.381 E.05645
G1 X307.569 Y30.416 E4.38711
G1 X306.769 Y30.416 E.05645
G1 X351.534 Y75.181 E4.46694
G1 X351.534 Y75.981 E.05645
G1 X305.969 Y30.416 E4.54676
G1 X305.169 Y30.416 E.05645
G1 X351.534 Y76.781 E4.62659
G1 X351.534 Y77.581 E.05645
G1 X304.369 Y30.416 E4.70642
G1 X303.569 Y30.416 E.05645
G1 X351.534 Y78.381 E4.78625
G1 X351.534 Y79.181 E.05645
G1 X302.769 Y30.416 E4.86608
G1 X301.969 Y30.416 E.05645
G1 X351.534 Y79.981 E4.94591
G1 X351.534 Y80.781 E.05645
G1 X301.169 Y30.416 E5.02574
G1 X300.369 Y30.416 E.05645
G1 X351.534 Y81.581 E5.10557
G1 X351.534 Y82.381 E.05645
G1 X299.569 Y30.416 E5.1854
G1 X298.769 Y30.416 E.05645
G1 X351.534 Y83.181 E5.26523
G1 X351.534 Y83.982 E.05652
G1 X297.968 Y30.416 E5.34515
G1 X297.168 Y30.416 E.05645
G1 X351.534 Y84.782 E5.42498
G1 X351.534 Y85.582 E.05645
G1 X296.368 Y30.416 E5.50481
G1 X295.568 Y30.416 E.05645
G1 X351.534 Y86.382 E5.58464
G1 X351.534 Y87.182 E.05645
G1 X294.768 Y30.416 E5.66447
G1 X293.968 Y30.416 E.05645
G1 X351.534 Y87.982 E5.7443
G1 X351.534 Y88.782 E.05645
G1 X293.168 Y30.416 E5.82413
G1 X292.368 Y30.416 E.05645
G1 X351.534 Y89.582 E5.90396
G1 X351.534 Y90.382 E.05645
G1 X291.568 Y30.416 E5.98379
G1 X290.768 Y30.416 E.05645
G1 X351.534 Y91.182 E6.06362
G1 X351.534 Y91.982 E.05645
G1 X289.968 Y30.416 E6.14345
G1 X289.168 Y30.416 E.05645
G1 X351.534 Y92.782 E6.22327
G1 X351.534 Y93.582 E.05645
G1 X288.368 Y30.416 E6.3031
G1 X287.568 Y30.416 E.05645
G1 X351.534 Y94.382 E6.38293
G1 X351.534 Y95.182 E.05645
G1 X286.768 Y30.416 E6.46276
G1 X285.968 Y30.416 E.05645
G1 X351.534 Y95.982 E6.54259
G1 X351.534 Y96.782 E.05645
G1 X285.168 Y30.416 E6.62242
G1 X284.368 Y30.416 E.05645
G1 X351.534 Y97.582 E6.70225
G1 X351.534 Y98.382 E.05645
G1 X283.568 Y30.416 E6.78208
G1 X282.768 Y30.416 E.05645
G1 X351.534 Y99.182 E6.86191
G1 X351.534 Y99.982 E.05645
G1 X281.968 Y30.416 E6.94174
G1 X281.167 Y30.416 E.05652
G1 X351.534 Y100.783 E7.02166
G1 X351.534 Y101.583 E.05645
G1 X280.367 Y30.416 E7.10149
G1 X279.567 Y30.416 E.05645
G1 X351.534 Y102.383 E7.18132
G1 X351.534 Y103.183 E.05645
G1 X278.767 Y30.416 E7.26115
G1 X277.967 Y30.416 E.05645
G1 X351.534 Y103.983 E7.34098
G1 X351.534 Y104.783 E.05645
G1 X277.167 Y30.416 E7.42081
G1 X276.367 Y30.416 E.05645
G1 X351.534 Y105.583 E7.50064
G1 X351.534 Y106.383 E.05645
G1 X275.567 Y30.416 E7.58047
G1 X274.767 Y30.416 E.05645
G1 X351.534 Y107.183 E7.6603
G1 X351.534 Y107.983 E.05645
G1 X273.967 Y30.416 E7.74013
G1 X273.167 Y30.416 E.05645
G1 X351.534 Y108.783 E7.81996
G1 X351.534 Y109.583 E.05645
G1 X272.367 Y30.416 E7.89978
G1 X271.567 Y30.416 E.05645
G1 X351.534 Y110.383 E7.97961
G1 X351.534 Y111.183 E.05645
G1 X270.767 Y30.416 E8.05944
G1 X269.967 Y30.416 E.05645
G1 X351.534 Y111.983 E8.13927
G1 X351.534 Y112.783 E.05645
G1 X269.167 Y30.416 E8.2191
G1 X268.367 Y30.416 E.05645
G1 X351.534 Y113.583 E8.29893
G1 X351.534 Y114.383 E.05645
G1 X267.567 Y30.416 E8.37876
G1 X266.767 Y30.416 E.05645
G1 X351.534 Y115.183 E8.45859
G1 X351.534 Y115.983 E.05645
G1 X265.967 Y30.416 E8.53842
G1 X265.167 Y30.416 E.05645
G1 X351.534 Y116.783 E8.61825
G1 X351.534 Y117.584 E.05652
G1 X264.366 Y30.416 E8.69817
G1 X263.566 Y30.416 E.05645
G1 X351.534 Y118.384 E8.778
G1 X351.534 Y119.184 E.05645
G1 X262.766 Y30.416 E8.85783
G1 X261.966 Y30.416 E.05645
G1 X351.534 Y119.984 E8.93766
G1 X351.534 Y120.784 E.05645
G1 X261.166 Y30.416 E9.01749
G1 X260.366 Y30.416 E.05645
G1 X351.534 Y121.584 E9.09732
G1 X351.534 Y122.384 E.05645
G1 X259.566 Y30.416 E9.17715
G1 X258.766 Y30.416 E.05645
G1 X351.534 Y123.184 E9.25698
G1 X351.534 Y123.984 E.05645
G1 X257.966 Y30.416 E9.33681
G1 X257.166 Y30.416 E.05645
G1 X351.534 Y124.784 E9.41664
G1 X351.534 Y125.584 E.05645
G1 X256.366 Y30.416 E9.49647
G1 X255.566 Y30.416 E.05645
G1 X351.534 Y126.384 E9.57629
G1 X351.534 Y127.184 E.05645
G1 X254.766 Y30.416 E9.65612
G1 X253.966 Y30.416 E.05645
G1 X351.534 Y127.984 E9.73595
G1 X351.534 Y128.784 E.05645
G1 X253.166 Y30.416 E9.81578
G1 X252.366 Y30.416 E.05645
G1 X351.534 Y129.584 E9.89561
G1 X351.534 Y130.384 E.05645
G1 X251.566 Y30.416 E9.97544
G1 X250.766 Y30.416 E.05645
G1 X351.534 Y131.184 E10.05527
G1 X351.534 Y131.984 E.05645
G1 X249.966 Y30.416 E10.1351
G1 X249.166 Y30.416 E.05645
G1 X351.534 Y132.784 E10.21493
G1 X351.534 Y133.584 E.05645
G1 X248.366 Y30.416 E10.29476
G1 X247.565 Y30.416 E.05652
G1 X351.534 Y134.385 E10.37468
G1 X351.534 Y135.185 E.05645
G1 X246.765 Y30.416 E10.45451
G1 X245.965 Y30.416 E.05645
G1 X351.534 Y135.985 E10.53434
G1 X351.534 Y136.785 E.05645
G1 X245.165 Y30.416 E10.61417
G1 X244.365 Y30.416 E.05645
G1 X351.534 Y137.585 E10.694
G1 X351.534 Y138.385 E.05645
G1 X243.565 Y30.416 E10.77383
G1 X242.765 Y30.416 E.05645
G1 X351.534 Y139.185 E10.85366
G1 X351.534 Y139.985 E.05645
G1 X241.965 Y30.416 E10.93349
G1 X241.165 Y30.416 E.05645
G1 X351.534 Y140.785 E11.01332
G1 X351.534 Y141.585 E.05645
G1 X240.365 Y30.416 E11.09315
G1 X239.565 Y30.416 E.05645
G1 X351.534 Y142.385 E11.17298
G1 X351.534 Y143.185 E.05645
G1 X238.765 Y30.416 E11.2528
G1 X237.965 Y30.416 E.05645
G1 X351.534 Y143.985 E11.33263
G1 X351.534 Y144.785 E.05645
G1 X237.165 Y30.416 E11.41246
G1 X236.365 Y30.416 E.05645
G1 X351.534 Y145.585 E11.49229
G1 X351.534 Y146.385 E.05645
G1 X235.565 Y30.416 E11.57212
G1 X234.765 Y30.416 E.05645
G1 X351.534 Y147.185 E11.65195
G1 X351.534 Y147.985 E.05645
G1 X233.965 Y30.416 E11.73178
G1 X233.165 Y30.416 E.05645
G1 X351.534 Y148.785 E11.81161
G1 X351.534 Y149.585 E.05645
G1 X232.365 Y30.416 E11.89144
G1 X231.565 Y30.416 E.05645
G1 X351.534 Y150.385 E11.97127
G1 X351.534 Y151.186 E.05652
G1 X230.764 Y30.416 E12.05119
G1 X229.964 Y30.416 E.05645
G1 X351.534 Y151.986 E12.13102
G1 X351.534 Y152.786 E.05645
G1 X229.164 Y30.416 E12.21085
G1 X228.364 Y30.416 E.05645
G1 X351.534 Y153.586 E12.29068
G1 X351.534 Y154.386 E.05645
G1 X227.564 Y30.416 E12.37051
G1 X226.764 Y30.416 E.05645
G1 X351.534 Y155.186 E12.45034
G1 X351.534 Y155.986 E.05645
G1 X225.964 Y30.416 E12.53017
G1 X225.164 Y30.416 E.05645
G1 X351.534 Y156.786 E12.61
G1 X351.534 Y157.586 E.05645
G1 X224.364 Y30.416 E12.68983
G1 X223.564 Y30.416 E.05645
G1 X351.534 Y158.386 E12.76966
G1 X351.534 Y159.186 E.05645
G1 X222.764 Y30.416 E12.84949
G1 X221.964 Y30.416 E.05645
G1 X351.534 Y159.986 E12.92931
G1 X351.534 Y160.786 E.05645
G1 X221.164 Y30.416 E13.00914
G1 X220.364 Y30.416 E.05645
G1 X351.534 Y161.586 E13.08897
G1 X351.534 Y162.386 E.05645
G1 X219.564 Y30.416 E13.1688
G1 X218.764 Y30.416 E.05645
G1 X351.534 Y163.186 E13.24863
G1 X351.534 Y163.986 E.05645
G1 X217.964 Y30.416 E13.32846
G1 X217.164 Y30.416 E.05645
G1 X351.534 Y164.786 E13.40829
G1 X351.534 Y165.586 E.05645
G1 X216.364 Y30.416 E13.48812
G1 X215.564 Y30.416 E.05645
G1 X351.534 Y166.386 E13.56795
G1 X351.534 Y167.186 E.05645
G1 X214.764 Y30.416 E13.64778
G1 X213.963 Y30.416 E.05652
G1 X351.534 Y167.987 E13.72771
G1 X351.534 Y168.787 E.05645
G1 X213.163 Y30.416 E13.80753
G1 X212.363 Y30.416 E.05645
G1 X351.534 Y169.587 E13.88736
G1 X351.534 Y170.387 E.05645
G1 X211.563 Y30.416 E13.96719
G1 X210.763 Y30.416 E.05645
G1 X351.534 Y171.187 E14.04702
G1 X351.534 Y171.987 E.05645
G1 X209.963 Y30.416 E14.12685
G1 X209.163 Y30.416 E.05645
G1 X351.534 Y172.787 E14.20668
G1 X351.534 Y173.587 E.05645
G1 X208.363 Y30.416 E14.28651
G1 X207.563 Y30.416 E.05645
G1 X351.534 Y174.387 E14.36634
G1 X351.534 Y175.187 E.05645
G1 X206.763 Y30.416 E14.44617
G1 X205.963 Y30.416 E.05645
G1 X351.534 Y175.987 E14.526
G1 X351.534 Y176.787 E.05645
G1 X205.163 Y30.416 E14.60582
G1 X204.363 Y30.416 E.05645
G1 X351.534 Y177.587 E14.68565
G1 X351.534 Y178.387 E.05645
G1 X203.563 Y30.416 E14.76548
G1 X202.763 Y30.416 E.05645
G1 X351.534 Y179.187 E14.84531
G1 X351.534 Y179.987 E.05645
G1 X201.963 Y30.416 E14.92514
G1 X201.163 Y30.416 E.05645
G1 X351.534 Y180.787 E15.00497
G1 X351.534 Y181.587 E.05645
G1 X200.363 Y30.416 E15.0848
G1 X199.563 Y30.416 E.05645
G1 X351.534 Y182.387 E15.16463
G1 X351.534 Y183.187 E.05645
G1 X198.763 Y30.416 E15.24446
G1 X197.963 Y30.416 E.05645
G1 X351.534 Y183.987 E15.32429
G1 X351.534 Y184.788 E.05652
G1 X197.162 Y30.416 E15.40422
G1 X196.362 Y30.416 E.05645
G1 X351.534 Y185.588 E15.48404
G1 X351.534 Y186.388 E.05645
G1 X195.562 Y30.416 E15.56387
G1 X194.762 Y30.416 E.05645
G1 X351.534 Y187.188 E15.6437
G1 X351.534 Y187.988 E.05645
G1 X193.962 Y30.416 E15.72353
G1 X193.162 Y30.416 E.05645
G1 X351.534 Y188.788 E15.80336
G1 X351.534 Y189.588 E.05645
G1 X192.362 Y30.416 E15.88319
G1 X191.562 Y30.416 E.05645
G1 X351.534 Y190.388 E15.96302
G1 X351.534 Y191.188 E.05645
G1 X190.762 Y30.416 E16.04285
G1 X189.962 Y30.416 E.05645
G1 X351.534 Y191.988 E16.12268
G1 X351.534 Y192.788 E.05645
G1 X189.162 Y30.416 E16.20251
G1 X188.362 Y30.416 E.05645
G1 X351.534 Y193.588 E16.28233
G1 X351.534 Y194.388 E.05645
G1 X187.562 Y30.416 E16.36216
G1 X186.762 Y30.416 E.05645
G1 X351.534 Y195.188 E16.44199
G1 X351.534 Y195.988 E.05645
G1 X185.962 Y30.416 E16.52182
G1 X185.162 Y30.416 E.05645
G1 X351.534 Y196.788 E16.60165
G1 X351.534 Y197.588 E.05645
G1 X184.362 Y30.416 E16.68148
G1 X183.562 Y30.416 E.05645
G1 X351.534 Y198.388 E16.76131
G1 X351.534 Y199.188 E.05645
G1 X182.762 Y30.416 E16.84114
G1 X181.962 Y30.416 E.05645
G1 X351.534 Y199.988 E16.92097
G1 X351.534 Y200.788 E.05645
G1 X181.162 Y30.416 E17.0008
G1 X180.361 Y30.416 E.05652
G1 X351.534 Y201.589 E17.08073
G1 X351.534 Y202.389 E.05645
G1 X179.561 Y30.416 E17.16055
G1 X178.761 Y30.416 E.05645
G1 X351.534 Y203.189 E17.24038
G1 X351.534 Y203.989 E.05645
G1 X177.961 Y30.416 E17.32021
G1 X177.161 Y30.416 E.05645
G1 X351.534 Y204.789 E17.40004
G1 X351.534 Y205.589 E.05645
G1 X176.361 Y30.416 E17.47987
G1 X175.561 Y30.416 E.05645
G1 X351.534 Y206.389 E17.5597
G1 X351.534 Y207.189 E.05645
G1 X174.761 Y30.416 E17.63953
G1 X173.961 Y30.416 E.05645
G1 X351.534 Y207.989 E17.71936
G1 X351.534 Y208.789 E.05645
G1 X173.161 Y30.416 E17.79919
G1 X172.361 Y30.416 E.05645
G1 X351.534 Y209.589 E17.87902
G1 X351.534 Y210.389 E.05645
G1 X171.561 Y30.416 E17.95884
G1 X170.761 Y30.416 E.05645
G1 X351.534 Y211.189 E18.03867
G1 X351.534 Y211.989 E.05645
G1 X169.961 Y30.416 E18.1185
G1 X169.161 Y30.416 E.05645
G1 X351.534 Y212.789 E18.19833
G1 X351.534 Y213.589 E.05645
G1 X168.361 Y30.416 E18.27816
G1 X167.561 Y30.416 E.05645
G1 X351.534 Y214.389 E18.35799
G1 X351.534 Y215.189 E.05645
G1 X166.761 Y30.416 E18.43782
G1 X165.961 Y30.416 E.05645
G1 X351.534 Y215.989 E18.51765
G1 X351.534 Y216.789 E.05645
G1 X165.161 Y30.416 E18.59748
G1 X164.361 Y30.416 E.05645
G1 X351.534 Y217.589 E18.67731
G1 X351.534 Y218.39 E.05652
G1 X163.56 Y30.416 E18.75724
G1 X162.76 Y30.416 E.05645
G1 X351.534 Y219.19 E18.83706
G1 X351.534 Y219.99 E.05645
G1 X161.96 Y30.416 E18.91689
G1 X161.16 Y30.416 E.05645
G1 X351.534 Y220.79 E18.99672
G1 X351.534 Y221.59 E.05645
G1 X160.36 Y30.416 E19.07655
G1 X159.56 Y30.416 E.05645
G1 X351.534 Y222.39 E19.15638
G1 X351.534 Y223.19 E.05645
G1 X158.76 Y30.416 E19.23621
G1 X157.96 Y30.416 E.05645
G1 X351.534 Y223.99 E19.31604
G1 X351.534 Y224.79 E.05645
G1 X157.16 Y30.416 E19.39587
G1 X156.36 Y30.416 E.05645
G1 X351.534 Y225.59 E19.4757
G1 X351.534 Y226.39 E.05645
G1 X155.56 Y30.416 E19.55553
G1 X154.76 Y30.416 E.05645
G1 X351.534 Y227.19 E19.63536
G1 X351.534 Y227.99 E.05645
G1 X153.96 Y30.416 E19.71518
G1 X153.16 Y30.416 E.05645
G1 X351.534 Y228.79 E19.79501
G1 X351.534 Y229.59 E.05645
G1 X152.36 Y30.416 E19.87484
G1 X151.56 Y30.416 E.05645
G1 X351.534 Y230.39 E19.95467
G1 X351.534 Y231.19 E.05645
G1 X150.76 Y30.416 E20.0345
G1 X149.96 Y30.416 E.05645
G1 X351.534 Y231.99 E20.11433
G1 X351.534 Y232.79 E.05645
G1 X149.16 Y30.416 E20.19416
G1 X148.36 Y30.416 E.05645
G1 X351.534 Y233.59 E20.27399
G1 X351.534 Y234.39 E.05645
G1 X147.56 Y30.416 E20.35382
G1 X146.759 Y30.416 E.05652
G1 X351.534 Y235.191 E20.43375
G1 X351.534 Y235.991 E.05645
G1 X145.959 Y30.416 E20.51357
G1 X145.159 Y30.416 E.05645
G1 X351.534 Y236.791 E20.5934
G1 X351.534 Y237.591 E.05645
G1 X144.359 Y30.416 E20.67323
G1 X143.559 Y30.416 E.05645
G1 X351.534 Y238.391 E20.75306
G1 X351.534 Y239.191 E.05645
G1 X142.759 Y30.416 E20.83289
G1 X141.959 Y30.416 E.05645
G1 X351.534 Y239.991 E20.91272
G1 X351.534 Y240.791 E.05645
G1 X141.159 Y30.416 E20.99255
G1 X140.359 Y30.416 E.05645
G1 X351.534 Y241.591 E21.07238
G1 X351.534 Y242.391 E.05645
G1 X139.559 Y30.416 E21.15221
G1 X138.759 Y30.416 E.05645
G1 X351.534 Y243.191 E21.23204
G1 X351.534 Y243.991 E.05645
G1 X137.959 Y30.416 E21.31187
G1 X137.159 Y30.416 E.05645
G1 X351.534 Y244.791 E21.39169
G1 X351.534 Y245.591 E.05645
G1 X136.359 Y30.416 E21.47152
G1 X135.559 Y30.416 E.05645
G1 X351.534 Y246.391 E21.55135
G1 X351.534 Y247.191 E.05645
G1 X134.759 Y30.416 E21.63118
G1 X133.959 Y30.416 E.05645
G1 X351.534 Y247.991 E21.71101
G1 X351.534 Y248.791 E.05645
G1 X133.159 Y30.416 E21.79084
G1 X132.359 Y30.416 E.05645
G1 X351.534 Y249.591 E21.87067
G1 X351.534 Y250.391 E.05645
G1 X131.559 Y30.416 E21.9505
G1 X130.759 Y30.416 E.05645
G1 X351.534 Y251.191 E22.03033
G1 X351.534 Y251.992 E.05652
G1 X129.958 Y30.416 E22.11026
G1 X129.158 Y30.416 E.05645
G1 X351.534 Y252.792 E22.19008
G1 X351.534 Y253.592 E.05645
G1 X128.358 Y30.416 E22.26991
G1 X127.558 Y30.416 E.05645
G1 X351.534 Y254.392 E22.34974
G1 X351.534 Y255.192 E.05645
G1 X126.758 Y30.416 E22.42957
G1 X125.958 Y30.416 E.05645
G1 X351.534 Y255.992 E22.5094
G1 X351.534 Y256.792 E.05645
G1 X125.158 Y30.416 E22.58923
G1 X124.358 Y30.416 E.05645
G1 X351.534 Y257.592 E22.66906
G1 X351.534 Y258.392 E.05645
G1 X123.558 Y30.416 E22.74889
G1 X122.758 Y30.416 E.05645
G1 X351.534 Y259.192 E22.82872
G1 X351.534 Y259.992 E.05645
G1 X121.958 Y30.416 E22.90855
G1 X121.158 Y30.416 E.05645
G1 X351.534 Y260.792 E22.98838
G1 X351.534 Y261.592 E.05645
G1 X120.358 Y30.416 E23.0682
G1 X119.558 Y30.416 E.05645
G1 X351.534 Y262.392 E23.14803
G1 X351.534 Y263.192 E.05645
G1 X118.758 Y30.416 E23.22786
G1 X117.958 Y30.416 E.05645
G1 X351.534 Y263.992 E23.30769
G1 X351.534 Y264.792 E.05645
G1 X117.158 Y30.416 E23.38752
G1 X116.358 Y30.416 E.05645
G1 X351.534 Y265.592 E23.46735
G1 X351.534 Y266.392 E.05645
G1 X115.558 Y30.416 E23.54718
G1 X114.758 Y30.416 E.05645
G1 X351.534 Y267.192 E23.62701
G1 X351.534 Y267.992 E.05645
G1 X113.958 Y30.416 E23.70684
G1 X113.158 Y30.416 E.05645
G1 X351.534 Y268.793 E23.78672
G1 X351.534 Y269.593 E.05645
G1 X112.357 Y30.416 E23.86659
G1 X111.557 Y30.416 E.05645
G1 X351.534 Y270.393 E23.94642
G1 X351.534 Y271.193 E.05645
G1 X110.757 Y30.416 E24.02625
G1 X109.957 Y30.416 E.05645
G1 X351.534 Y271.993 E24.10608
G1 X351.534 Y272.793 E.05645
G1 X109.157 Y30.416 E24.18591
G1 X108.357 Y30.416 E.05645
G1 X351.534 Y273.593 E24.26574
G1 X351.534 Y274.393 E.05645
G1 X107.557 Y30.416 E24.34557
G1 X106.757 Y30.416 E.05645
G1 X351.534 Y275.193 E24.4254
G1 X351.534 Y275.993 E.05645
G1 X105.957 Y30.416 E24.50523
G1 X105.157 Y30.416 E.05645
G1 X351.534 Y276.793 E24.58506
G1 X351.534 Y277.593 E.05645
G1 X104.357 Y30.416 E24.66489
G1 X103.557 Y30.416 E.05645
G1 X351.534 Y278.393 E24.74471
G1 X351.534 Y279.193 E.05645
G1 X102.757 Y30.416 E24.82454
G1 X101.957 Y30.416 E.05645
G1 X351.534 Y279.993 E24.90437
G1 X351.534 Y280.793 E.05645
G1 X101.157 Y30.416 E24.9842
G1 X100.357 Y30.416 E.05645
G1 X351.534 Y281.593 E25.06403
G1 X351.534 Y282.393 E.05645
G1 X99.557 Y30.416 E25.14386
G1 X98.757 Y30.416 E.05645
G1 X351.534 Y283.193 E25.22369
G1 X351.534 Y283.993 E.05645
G1 X97.957 Y30.416 E25.30352
G1 X97.157 Y30.416 E.05645
G1 X351.534 Y284.793 E25.38335
G1 X351.534 Y285.594 E.05652
G1 X96.357 Y30.416 E25.46323
G1 X95.556 Y30.416 E.05652
G1 X351.534 Y286.394 E25.5431
G1 X351.534 Y287.194 E.05645
G1 X94.756 Y30.416 E25.62293
G1 X93.956 Y30.416 E.05645
G1 X351.534 Y287.994 E25.70276
G1 X351.534 Y288.794 E.05645
G1 X93.156 Y30.416 E25.78259
G1 X92.356 Y30.416 E.05645
G1 X351.534 Y289.594 E25.86242
G1 X351.534 Y290.394 E.05645
G1 X91.556 Y30.416 E25.94225
G1 X90.756 Y30.416 E.05645
G1 X351.534 Y291.194 E26.02208
G1 X351.534 Y291.994 E.05645
G1 X89.956 Y30.416 E26.10191
G1 X89.156 Y30.416 E.05645
G1 X351.534 Y292.794 E26.18174
G1 X351.534 Y293.594 E.05645
G1 X88.356 Y30.416 E26.26157
G1 X87.556 Y30.416 E.05645
G1 X351.534 Y294.394 E26.3414
G1 X351.534 Y295.194 E.05645
G1 X86.756 Y30.416 E26.42122
G1 X85.956 Y30.416 E.05645
G1 X351.534 Y295.994 E26.50105
G1 X351.534 Y296.794 E.05645
G1 X85.156 Y30.416 E26.58088
G1 X84.356 Y30.416 E.05645
G1 X351.534 Y297.594 E26.66071
G1 X351.534 Y298.394 E.05645
G1 X83.556 Y30.416 E26.74054
G1 X82.756 Y30.416 E.05645
G1 X351.534 Y299.194 E26.82037
G1 X351.534 Y299.994 E.05645
G1 X81.956 Y30.416 E26.9002
G1 X81.156 Y30.416 E.05645
G1 X351.534 Y300.794 E26.98003
G1 X351.534 Y301.594 E.05645
G1 X80.356 Y30.416 E27.05986
G1 X79.556 Y30.416 E.05645
G1 X351.534 Y302.394 E27.13969
G1 X351.534 Y303.195 E.05652
G1 X78.755 Y30.416 E27.21962
G1 X77.955 Y30.416 E.05645
G1 X351.534 Y303.995 E27.29944
G1 X351.534 Y304.795 E.05645
G1 X77.155 Y30.416 E27.37927
G1 X76.355 Y30.416 E.05645
G1 X351.534 Y305.595 E27.4591
G1 X351.534 Y306.395 E.05645
G1 X75.555 Y30.416 E27.53893
G1 X74.755 Y30.416 E.05645
G1 X351.534 Y307.195 E27.61876
G1 X351.534 Y307.995 E.05645
G1 X73.955 Y30.416 E27.69859
G1 X73.155 Y30.416 E.05645
G1 X351.534 Y308.795 E27.77842
G1 X351.534 Y309.595 E.05645
G1 X72.355 Y30.416 E27.85825
G1 X71.555 Y30.416 E.05645
G1 X351.534 Y310.395 E27.93808
G1 X351.534 Y311.195 E.05645
G1 X70.755 Y30.416 E28.01791
G1 X69.955 Y30.416 E.05645
G1 X351.534 Y311.995 E28.09773
G1 X351.534 Y312.795 E.05645
G1 X69.155 Y30.416 E28.17756
G1 X68.355 Y30.416 E.05645
G1 X351.534 Y313.595 E28.25739
G1 X351.534 Y314.395 E.05645
G1 X67.555 Y30.416 E28.33722
G1 X66.755 Y30.416 E.05645
G1 X351.534 Y315.195 E28.41705
G1 X351.534 Y315.995 E.05645
G1 X65.955 Y30.416 E28.49688
G1 X65.155 Y30.416 E.05645
G1 X351.534 Y316.795 E28.57671
G1 X351.534 Y317.595 E.05645
G1 X64.355 Y30.416 E28.65654
G1 X63.555 Y30.416 E.05645
G1 X351.534 Y318.395 E28.73637
G1 X351.534 Y319.195 E.05645
G1 X62.755 Y30.416 E28.8162
G1 X61.954 Y30.416 E.05652
G1 X351.534 Y319.996 E28.89613
G1 X351.534 Y320.796 E.05645
G1 X61.154 Y30.416 E28.97595
G1 X60.354 Y30.416 E.05645
G1 X351.534 Y321.596 E29.05578
G1 X351.534 Y322.396 E.05645
G1 X59.554 Y30.416 E29.13561
G1 X58.754 Y30.416 E.05645
G1 X351.534 Y323.196 E29.21544
G1 X351.534 Y323.996 E.05645
G1 X57.954 Y30.416 E29.29527
G1 X57.154 Y30.416 E.05645
G1 X351.534 Y324.796 E29.3751
G1 X351.534 Y325.596 E.05645
G1 X56.354 Y30.416 E29.45493
G1 X55.554 Y30.416 E.05645
G1 X351.534 Y326.396 E29.53476
G1 X351.534 Y327.196 E.05645
G1 X54.754 Y30.416 E29.61459
G1 X53.954 Y30.416 E.05645
G1 X351.534 Y327.996 E29.69442
G1 X351.534 Y328.796 E.05645
G1 X53.154 Y30.416 E29.77424
G1 X52.354 Y30.416 E.05645
G1 X351.534 Y329.596 E29.85407
G1 X351.534 Y330.396 E.05645
G1 X51.554 Y30.416 E29.9339
G1 X50.754 Y30.416 E.05645
G1 X351.534 Y331.196 E30.01373
G1 X351.534 Y331.996 E.05645
G1 X49.954 Y30.416 E30.09356
G1 X49.154 Y30.416 E.05645
G1 X351.534 Y332.796 E30.17339
G1 X351.534 Y333.596 E.05645
G1 X48.354 Y30.416 E30.25322
G1 X48.114 Y30.416 E.01693
G1 X47.669 Y30.531 E.03243
G1 X351.534 Y334.396 E30.32157
G1 X351.534 Y335.196 E.05645
G1 X48.466 Y32.129 E30.24199
G1 X48.466 Y32.929 E.05645
G1 X351.534 Y335.996 E30.24199
G1 X351.534 Y336.797 E.05652
G1 X48.466 Y33.729 E30.24204
G1 X48.466 Y34.529 E.05645
G1 X351.534 Y337.597 E30.24204
G1 X351.534 Y338.397 E.05645
G1 X48.466 Y35.329 E30.24204
G1 X48.466 Y36.129 E.05645
G1 X351.534 Y339.197 E30.24204
G1 X351.534 Y339.997 E.05645
G1 X48.466 Y36.929 E30.24204
G1 X48.466 Y37.729 E.05645
G1 X351.534 Y340.797 E30.24204
G1 X351.534 Y341.597 E.05645
G1 X48.466 Y38.529 E30.24204
G1 X48.466 Y39.329 E.05645
G1 X351.534 Y342.397 E30.24204
G1 X351.534 Y343.197 E.05645
G1 X48.466 Y40.129 E30.24204
G1 X48.466 Y40.929 E.05645
G1 X351.534 Y343.997 E30.24204
G1 X351.534 Y344.797 E.05645
G1 X48.466 Y41.729 E30.24204
G1 X48.466 Y42.529 E.05645
G1 X351.534 Y345.597 E30.24204
G1 X351.534 Y346.397 E.05645
G1 X48.466 Y43.329 E30.24204
G1 X48.466 Y44.129 E.05645
G1 X351.534 Y347.197 E30.24204
G1 X351.534 Y347.997 E.05645
G1 X48.466 Y44.929 E30.24204
G1 X48.466 Y45.73 E.05652
G1 X351.534 Y348.797 E30.24199
G1 X351.534 Y349.597 E.05645
G1 X48.466 Y46.53 E30.24199
G1 X48.466 Y47.33 E.05645
G1 X351.534 Y350.397 E30.24199
G1 X351.534 Y351.197 E.05645
G1 X48.466 Y48.13 E30.24199
G1 X48.466 Y48.93 E.05645
G1 X351.534 Y351.997 E30.24199
G1 X351.534 Y352.797 E.05645
G1 X48.466 Y49.73 E30.24199
G1 X48.466 Y50.53 E.05645
G1 X351.534 Y353.598 E30.24204
G1 X351.534 Y354.398 E.05645
G1 X48.466 Y51.33 E30.24204
G1 X48.466 Y52.13 E.05645
G1 X351.534 Y355.198 E30.24204
G1 X351.534 Y355.998 E.05645
G1 X48.466 Y52.93 E30.24204
G1 X48.466 Y53.73 E.05645
G1 X351.534 Y356.798 E30.24204
G1 X351.534 Y357.598 E.05645
G1 X48.466 Y54.53 E30.24204
G1 X48.466 Y55.33 E.05645
G1 X351.534 Y358.398 E30.24204
G1 X351.534 Y359.198 E.05645
G1 X48.466 Y56.13 E30.24204
G1 X48.466 Y56.93 E.05645
G1 X351.534 Y359.998 E30.24204
G1 X351.534 Y360.798 E.05645
G1 X48.466 Y57.73 E30.24204
G1 X48.466 Y58.53 E.05645
G1 X351.534 Y361.598 E30.24204
G1 X351.534 Y362.398 E.05645
G1 X48.466 Y59.33 E30.24204
G1 X48.466 Y60.13 E.05645
G1 X351.534 Y363.198 E30.24204
G1 X351.534 Y363.998 E.05645
G1 X48.466 Y60.93 E30.24204
G1 X48.466 Y61.73 E.05645
G1 X351.534 Y364.798 E30.24204
G1 X351.534 Y365.598 E.05645
G1 X48.466 Y62.531 E30.24199
G1 X48.466 Y63.331 E.05645
G1 X351.534 Y366.398 E30.24199
G1 X351.534 Y367.198 E.05645
G1 X48.466 Y64.131 E30.24199
G1 X48.466 Y64.931 E.05645
G1 X351.534 Y367.998 E30.24199
G1 X351.534 Y368.798 E.05645
G1 X48.466 Y65.731 E30.24199
G1 X48.466 Y66.531 E.05645
G1 X351.519 Y369.584 E30.24055
G1 X350.719 Y369.584 E.05645
G1 X48.466 Y67.331 E30.16072
G1 X48.466 Y68.131 E.05645
G1 X349.919 Y369.584 E30.08089
G1 X349.119 Y369.584 E.05645
G1 X48.466 Y68.931 E30.00106
G1 X48.466 Y69.731 E.05645
G1 X348.319 Y369.584 E29.92123
G1 X347.519 Y369.584 E.05645
G1 X48.466 Y70.531 E29.8414
G1 X48.466 Y71.331 E.05645
G1 X346.719 Y369.584 E29.76157
G1 X345.919 Y369.584 E.05645
G1 X48.466 Y72.131 E29.68174
G1 X48.466 Y72.931 E.05645
G1 X345.119 Y369.584 E29.60191
G1 X344.319 Y369.584 E.05645
G1 X48.466 Y73.731 E29.52208
G1 X48.466 Y74.531 E.05645
G1 X343.519 Y369.584 E29.44226
G1 X342.719 Y369.584 E.05645
G1 X48.466 Y75.331 E29.36243
G1 X48.466 Y76.131 E.05645
G1 X341.919 Y369.584 E29.2826
G1 X341.119 Y369.584 E.05645
G1 X48.466 Y76.931 E29.20277
G1 X48.466 Y77.731 E.05645
G1 X340.319 Y369.584 E29.12294
G1 X339.519 Y369.584 E.05645
G1 X48.466 Y78.531 E29.04311
G1 X48.466 Y79.332 E.05652
G1 X338.718 Y369.584 E28.96318
G1 X337.918 Y369.584 E.05645
G1 X48.466 Y80.132 E28.88335
G1 X48.466 Y80.932 E.05645
G1 X337.118 Y369.584 E28.80352
G1 X336.318 Y369.584 E.05645
G1 X48.466 Y81.732 E28.72369
G1 X48.466 Y82.532 E.05645
G1 X335.518 Y369.584 E28.64387
G1 X334.718 Y369.584 E.05645
G1 X48.466 Y83.332 E28.56404
G1 X48.466 Y84.132 E.05645
G1 X333.918 Y369.584 E28.48421
G1 X333.118 Y369.584 E.05645
G1 X48.466 Y84.932 E28.40438
G1 X48.466 Y85.732 E.05645
G1 X332.318 Y369.584 E28.32455
G1 X331.518 Y369.584 E.05645
G1 X48.466 Y86.532 E28.24472
G1 X48.466 Y87.332 E.05645
G1 X330.718 Y369.584 E28.16489
G1 X329.918 Y369.584 E.05645
G1 X48.466 Y88.132 E28.08506
G1 X48.466 Y88.932 E.05645
G1 X329.118 Y369.584 E28.00523
G1 X328.318 Y369.584 E.05645
G1 X48.466 Y89.732 E27.9254
G1 X48.466 Y90.532 E.05645
G1 X327.518 Y369.584 E27.84557
G1 X326.718 Y369.584 E.05645
G1 X48.466 Y91.332 E27.76575
G1 X48.466 Y92.132 E.05645
G1 X325.918 Y369.584 E27.68592
G1 X325.118 Y369.584 E.05645
G1 X48.466 Y92.932 E27.60609
G1 X48.466 Y93.732 E.05645
G1 X324.318 Y369.584 E27.52626
G1 X323.518 Y369.584 E.05645
G1 X48.466 Y94.532 E27.44643
G1 X48.466 Y95.332 E.05645
G1 X322.718 Y369.584 E27.3666
G1 X321.917 Y369.584 E.05652
G1 X48.466 Y96.133 E27.28667
G1 X48.466 Y96.933 E.05645
G1 X321.117 Y369.584 E27.20684
G1 X320.317 Y369.584 E.05645
G1 X48.466 Y97.733 E27.12701
G1 X48.466 Y98.533 E.05645
G1 X319.517 Y369.584 E27.04718
G1 X318.717 Y369.584 E.05645
G1 X48.466 Y99.333 E26.96736
G1 X48.466 Y100.133 E.05645
G1 X317.917 Y369.584 E26.88753
G1 X317.117 Y369.584 E.05645
G1 X48.466 Y100.933 E26.8077
G1 X48.466 Y101.733 E.05645
G1 X316.317 Y369.584 E26.72787
G1 X315.517 Y369.584 E.05645
G1 X48.466 Y102.533 E26.64804
G1 X48.466 Y103.333 E.05645
G1 X314.717 Y369.584 E26.56821
G1 X313.917 Y369.584 E.05645
G1 X48.466 Y104.133 E26.48838
G1 X48.466 Y104.933 E.05645
G1 X313.117 Y369.584 E26.40855
G1 X312.317 Y369.584 E.05645
G1 X48.466 Y105.733 E26.32872
G1 X48.466 Y106.533 E.05645
G1 X311.517 Y369.584 E26.24889
G1 X310.717 Y369.584 E.05645
G1 X48.466 Y107.333 E26.16906
G1 X48.466 Y108.133 E.05645
G1 X309.917 Y369.584 E26.08924
G1 X309.117 Y369.584 E.05645
G1 X48.466 Y108.933 E26.00941
G1 X48.466 Y109.733 E.05645
G1 X308.317 Y369.584 E25.92958
G1 X307.517 Y369.584 E.05645
G1 X48.466 Y110.533 E25.84975
G1 X48.466 Y111.333 E.05645
G1 X306.717 Y369.584 E25.76992
G1 X305.917 Y369.584 E.05645
G1 X48.466 Y112.133 E25.69009
G1 X48.466 Y112.934 E.05652
G1 X305.116 Y369.584 E25.61016
G1 X304.316 Y369.584 E.05645
G1 X48.466 Y113.734 E25.53033
G1 X48.466 Y114.534 E.05645
G1 X303.516 Y369.584 E25.4505
G1 X302.716 Y369.584 E.05645
G1 X48.466 Y115.334 E25.37067
G1 X48.466 Y116.134 E.05645
G1 X301.916 Y369.584 E25.29085
G1 X301.116 Y369.584 E.05645
G1 X48.466 Y116.934 E25.21102
G1 X48.466 Y117.734 E.05645
G1 X300.316 Y369.584 E25.13119
G1 X299.516 Y369.584 E.05645
G1 X48.466 Y118.534 E25.05136
G1 X48.466 Y119.334 E.05645
G1 X298.716 Y369.584 E24.97153
G1 X297.916 Y369.584 E.05645
G1 X48.466 Y120.134 E24.8917
G1 X48.466 Y120.934 E.05645
G1 X297.116 Y369.584 E24.81187
G1 X296.316 Y369.584 E.05645
G1 X48.466 Y121.734 E24.73204
G1 X48.466 Y122.534 E.05645
G1 X295.516 Y369.584 E24.65221
G1 X294.716 Y369.584 E.05645
G1 X48.466 Y123.334 E24.57238
G1 X48.466 Y124.134 E.05645
G1 X293.916 Y369.584 E24.49255
G1 X293.116 Y369.584 E.05645
G1 X48.466 Y124.934 E24.41273
G1 X48.466 Y125.734 E.05645
G1 X292.316 Y369.584 E24.3329
G1 X291.516 Y369.584 E.05645
G1 X48.466 Y126.534 E24.25307
G1 X48.466 Y127.334 E.05645
G1 X290.716 Y369.584 E24.17324
G1 X289.916 Y369.584 E.05645
G1 X48.466 Y128.134 E24.09341
G1 X48.466 Y128.934 E.05645
G1 X289.116 Y369.584 E24.01358
G1 X288.315 Y369.584 E.05652
G1 X48.466 Y129.735 E23.93365
G1 X48.466 Y130.535 E.05645
G1 X287.515 Y369.584 E23.85382
G1 X286.715 Y369.584 E.05645
G1 X48.466 Y131.335 E23.77399
G1 X48.466 Y132.135 E.05645
G1 X285.915 Y369.584 E23.69416
G1 X285.115 Y369.584 E.05645
G1 X48.466 Y132.935 E23.61433
G1 X48.466 Y133.735 E.05645
G1 X284.315 Y369.584 E23.53451
G1 X283.515 Y369.584 E.05645
G1 X48.466 Y134.535 E23.45468
G1 X48.466 Y135.335 E.05645
G1 X282.715 Y369.584 E23.37485
G1 X281.915 Y369.584 E.05645
G1 X48.466 Y136.135 E23.29502
G1 X48.466 Y136.935 E.05645
G1 X281.115 Y369.584 E23.21519
G1 X280.315 Y369.584 E.05645
G1 X48.466 Y137.735 E23.13536
G1 X48.466 Y138.535 E.05645
G1 X279.515 Y369.584 E23.05553
G1 X278.715 Y369.584 E.05645
G1 X48.466 Y139.335 E22.9757
G1 X48.466 Y140.135 E.05645
G1 X277.915 Y369.584 E22.89587
G1 X277.115 Y369.584 E.05645
G1 X48.466 Y140.935 E22.81604
G1 X48.466 Y141.735 E.05645
G1 X276.315 Y369.584 E22.73622
G1 X275.515 Y369.584 E.05645
G1 X48.466 Y142.535 E22.65639
G1 X48.466 Y143.335 E.05645
G1 X274.715 Y369.584 E22.57656
G1 X273.915 Y369.584 E.05645
G1 X48.466 Y144.135 E22.49673
G1 X48.466 Y144.935 E.05645
G1 X273.115 Y369.584 E22.4169
G1 X272.315 Y369.584 E.05645
G1 X48.466 Y145.735 E22.33707
G1 X48.466 Y146.536 E.05652
G1 X271.514 Y369.584 E22.25714
G1 X270.714 Y369.584 E.05645
G1 X48.466 Y147.336 E22.17731
G1 X48.466 Y148.136 E.05645
G1 X269.914 Y369.584 E22.09748
G1 X269.114 Y369.584 E.05645
G1 X48.466 Y148.936 E22.01765
G1 X48.466 Y149.736 E.05645
G1 X268.314 Y369.584 E21.93782
G1 X267.514 Y369.584 E.05645
G1 X48.466 Y150.536 E21.858
G1 X48.466 Y151.336 E.05645
G1 X266.714 Y369.584 E21.77817
G1 X265.914 Y369.584 E.05645
G1 X48.466 Y152.136 E21.69834
G1 X48.466 Y152.936 E.05645
G1 X265.114 Y369.584 E21.61851
G1 X264.314 Y369.584 E.05645
G1 X48.466 Y153.736 E21.53868
G1 X48.466 Y154.536 E.05645
G1 X263.514 Y369.584 E21.45885
G1 X262.714 Y369.584 E.05645
G1 X48.466 Y155.336 E21.37902
G1 X48.466 Y156.136 E.05645
G1 X261.914 Y369.584 E21.29919
G1 X261.114 Y369.584 E.05645
G1 X48.466 Y156.936 E21.21936
G1 X48.466 Y157.736 E.05645
G1 X260.314 Y369.584 E21.13953
G1 X259.514 Y369.584 E.05645
G1 X48.466 Y158.536 E21.05971
G1 X48.466 Y159.336 E.05645
G1 X258.714 Y369.584 E20.97988
G1 X257.914 Y369.584 E.05645
G1 X48.466 Y160.136 E20.90005
G1 X48.466 Y160.936 E.05645
G1 X257.114 Y369.584 E20.82022
G1 X256.314 Y369.584 E.05645
G1 X48.466 Y161.736 E20.74039
G1 X48.466 Y162.536 E.05645
G1 X255.514 Y369.584 E20.66056
G1 X254.713 Y369.584 E.05652
G1 X48.466 Y163.337 E20.58063
G1 X48.466 Y164.137 E.05645
G1 X253.913 Y369.584 E20.5008
G1 X253.113 Y369.584 E.05645
G1 X48.466 Y164.937 E20.42097
G1 X48.466 Y165.737 E.05645
G1 X252.313 Y369.584 E20.34114
G1 X251.513 Y369.584 E.05645
G1 X48.466 Y166.537 E20.26131
G1 X48.466 Y167.337 E.05645
G1 X250.713 Y369.584 E20.18149
G1 X249.913 Y369.584 E.05645
G1 X48.466 Y168.137 E20.10166
G1 X48.466 Y168.937 E.05645
G1 X249.113 Y369.584 E20.02183
G1 X248.313 Y369.584 E.05645
G1 X48.466 Y169.737 E19.942
G1 X48.466 Y170.537 E.05645
G1 X247.513 Y369.584 E19.86217
G1 X246.713 Y369.584 E.05645
G1 X48.466 Y171.337 E19.78234
G1 X48.466 Y172.137 E.05645
G1 X245.913 Y369.584 E19.70251
G1 X245.113 Y369.584 E.05645
G1 X48.466 Y172.937 E19.62268
G1 X48.466 Y173.737 E.05645
G1 X244.313 Y369.584 E19.54285
G1 X243.513 Y369.584 E.05645
G1 X48.466 Y174.537 E19.46302
G1 X48.466 Y175.337 E.05645
G1 X242.713 Y369.584 E19.3832
G1 X241.913 Y369.584 E.05645
G1 X48.466 Y176.137 E19.30337
G1 X48.466 Y176.937 E.05645
G1 X241.113 Y369.584 E19.22354
G1 X240.313 Y369.584 E.05645
G1 X48.466 Y177.737 E19.14371
G1 X48.466 Y178.537 E.05645
G1 X239.513 Y369.584 E19.06388
G1 X238.713 Y369.584 E.05645
G1 X48.466 Y179.337 E18.98405
G1 X48.466 Y180.138 E.05652
G1 X237.912 Y369.584 E18.90412
G1 X237.112 Y369.584 E.05645
G1 X48.466 Y180.938 E18.82429
G1 X48.466 Y181.738 E.05645
G1 X236.312 Y369.584 E18.74446
G1 X235.512 Y369.584 E.05645
G1 X48.466 Y182.538 E18.66463
G1 X48.466 Y183.338 E.05645
G1 X234.712 Y369.584 E18.5848
G1 X233.912 Y369.584 E.05645
G1 X48.466 Y184.138 E18.50498
G1 X48.466 Y184.938 E.05645
G1 X233.112 Y369.584 E18.42515
G1 X232.312 Y369.584 E.05645
G1 X48.466 Y185.738 E18.34532
G1 X48.466 Y186.538 E.05645
G1 X231.512 Y369.584 E18.26549
G1 X230.712 Y369.584 E.05645
G1 X48.466 Y187.338 E18.18566
G1 X48.466 Y188.138 E.05645
G1 X229.912 Y369.584 E18.10583
G1 X229.112 Y369.584 E.05645
G1 X48.466 Y188.938 E18.026
G1 X48.466 Y189.738 E.05645
G1 X228.312 Y369.584 E17.94617
G1 X227.512 Y369.584 E.05645
G1 X48.466 Y190.538 E17.86634
G1 X48.466 Y191.338 E.05645
G1 X226.712 Y369.584 E17.78651
G1 X225.912 Y369.584 E.05645
G1 X48.466 Y192.138 E17.70668
G1 X48.466 Y192.938 E.05645
G1 X225.112 Y369.584 E17.62686
G1 X224.312 Y369.584 E.05645
G1 X48.466 Y193.738 E17.54703
G1 X48.466 Y194.538 E.05645
G1 X223.512 Y369.584 E17.4672
G1 X222.712 Y369.584 E.05645
G1 X48.466 Y195.338 E17.38737
G1 X48.466 Y196.138 E.05645
G1 X221.912 Y369.584 E17.30754
G1 X221.111 Y369.584 E.05652
G1 X48.466 Y196.939 E17.22761
G1 X48.466 Y197.739 E.05645
G1 X220.311 Y369.584 E17.14778
G1 X219.511 Y369.584 E.05645
G1 X48.466 Y198.539 E17.06795
G1 X48.466 Y199.339 E.05645
G1 X218.711 Y369.584 E16.98812
G1 X217.911 Y369.584 E.05645
G1 X48.466 Y200.139 E16.90829
G1 X48.466 Y200.939 E.05645
G1 X217.111 Y369.584 E16.82847
G1 X216.311 Y369.584 E.05645
G1 X48.466 Y201.739 E16.74864
G1 X48.466 Y202.539 E.05645
G1 X215.511 Y369.584 E16.66881
G1 X214.711 Y369.584 E.05645
G1 X48.466 Y203.339 E16.58898
G1 X48.466 Y204.139 E.05645
G1 X213.911 Y369.584 E16.50915
G1 X213.111 Y369.584 E.05645
G1 X48.466 Y204.939 E16.42932
G1 X48.466 Y205.739 E.05645
G1 X212.311 Y369.584 E16.34949
G1 X211.511 Y369.584 E.05645
G1 X48.466 Y206.539 E16.26966
G1 X48.466 Y207.339 E.05645
G1 X210.711 Y369.584 E16.18983
G1 X209.911 Y369.584 E.05645
G1 X48.466 Y208.139 E16.11
G1 X48.466 Y208.939 E.05645
G1 X209.111 Y369.584 E16.03017
G1 X208.311 Y369.584 E.05645
G1 X48.466 Y209.739 E15.95035
G1 X48.466 Y210.539 E.05645
G1 X207.511 Y369.584 E15.87052
G1 X206.711 Y369.584 E.05645
G1 X48.466 Y211.339 E15.79069
G1 X48.466 Y212.139 E.05645
G1 X205.911 Y369.584 E15.71086
G1 X205.111 Y369.584 E.05645
G1 X48.466 Y212.939 E15.63103
G1 X48.466 Y213.74 E.05652
G1 X204.31 Y369.584 E15.5511
G1 X203.51 Y369.584 E.05645
G1 X48.466 Y214.54 E15.47127
G1 X48.466 Y215.34 E.05645
G1 X202.71 Y369.584 E15.39144
G1 X201.91 Y369.584 E.05645
G1 X48.466 Y216.14 E15.31161
G1 X48.466 Y216.94 E.05645
G1 X201.11 Y369.584 E15.23178
G1 X200.31 Y369.584 E.05645
G1 X48.466 Y217.74 E15.15196
G1 X48.466 Y218.54 E.05645
G1 X199.51 Y369.584 E15.07213
G1 X198.71 Y369.584 E.05645
G1 X48.466 Y219.34 E14.9923
G1 X48.466 Y220.14 E.05645
G1 X197.91 Y369.584 E14.91247
G1 X197.11 Y369.584 E.05645
G1 X48.466 Y220.94 E14.83264
G1 X48.466 Y221.74 E.05645
G1 X196.31 Y369.584 E14.75281
G1 X195.51 Y369.584 E.05645
G1 X48.466 Y222.54 E14.67298
G1 X48.466 Y223.34 E.05645
G1 X194.71 Y369.584 E14.59315
G1 X193.91 Y369.584 E.05645
G1 X48.466 Y224.14 E14.51332
G1 X48.466 Y224.94 E.05645
G1 X193.11 Y369.584 E14.43349
G1 X192.31 Y369.584 E.05645
G1 X48.466 Y225.74 E14.35366
G1 X48.466 Y226.54 E.05645
G1 X191.51 Y369.584 E14.27384
G1 X190.71 Y369.584 E.05645
G1 X48.466 Y227.34 E14.19401
G1 X48.466 Y228.14 E.05645
G1 X189.91 Y369.584 E14.11418
G1 X189.11 Y369.584 E.05645
G1 X48.466 Y228.94 E14.03435
G1 X48.466 Y229.74 E.05645
G1 X188.31 Y369.584 E13.95452
G1 X187.509 Y369.584 E.05652
G1 X48.466 Y230.541 E13.87459
G1 X48.466 Y231.341 E.05645
G1 X186.709 Y369.584 E13.79476
G1 X185.909 Y369.584 E.05645
G1 X48.466 Y232.141 E13.71493
G1 X48.466 Y232.941 E.05645
G1 X185.109 Y369.584 E13.6351
G1 X184.309 Y369.584 E.05645
G1 X48.466 Y233.741 E13.55527
G1 X48.466 Y234.541 E.05645
G1 X183.509 Y369.584 E13.47545
G1 X182.709 Y369.584 E.05645
G1 X48.466 Y235.341 E13.39562
G1 X48.466 Y236.141 E.05645
G1 X181.909 Y369.584 E13.31579
G1 X181.109 Y369.584 E.05645
G1 X48.466 Y236.941 E13.23596
G1 X48.466 Y237.741 E.05645
G1 X180.309 Y369.584 E13.15613
G1 X179.509 Y369.584 E.05645
G1 X48.466 Y238.541 E13.0763
G1 X48.466 Y239.341 E.05645
G1 X178.709 Y369.584 E12.99647
G1 X177.909 Y369.584 E.05645
G1 X48.466 Y240.141 E12.91664
G1 X48.466 Y240.941 E.05645
G1 X177.109 Y369.584 E12.83681
G1 X176.309 Y369.584 E.05645
G1 X48.466 Y241.741 E12.75698
G1 X48.466 Y242.541 E.05645
G1 X175.509 Y369.584 E12.67715
G1 X174.709 Y369.584 E.05645
G1 X48.466 Y243.341 E12.59733
G1 X48.466 Y244.141 E.05645
G1 X173.909 Y369.584 E12.5175
G1 X173.109 Y369.584 E.05645
G1 X48.466 Y244.941 E12.43767
G1 X48.466 Y245.741 E.05645
G1 X172.309 Y369.584 E12.35784
G1 X171.509 Y369.584 E.05645
G1 X48.466 Y246.541 E12.27801
G1 X48.466 Y247.342 E.05652
G1 X170.708 Y369.584 E12.19808
G1 X169.908 Y369.584 E.05645
G1 X48.466 Y248.142 E12.11825
G1 X48.466 Y248.942 E.05645
G1 X169.108 Y369.584 E12.03842
G1 X168.308 Y369.584 E.05645
G1 X48.466 Y249.742 E11.95859
G1 X48.466 Y250.542 E.05645
G1 X167.508 Y369.584 E11.87876
G1 X166.708 Y369.584 E.05645
G1 X48.466 Y251.342 E11.79894
G1 X48.466 Y252.142 E.05645
G1 X165.908 Y369.584 E11.71911
G1 X165.108 Y369.584 E.05645
G1 X48.466 Y252.942 E11.63928
G1 X48.466 Y253.742 E.05645
G1 X164.308 Y369.584 E11.55945
G1 X163.508 Y369.584 E.05645
G1 X48.466 Y254.542 E11.47962
G1 X48.466 Y255.342 E.05645
G1 X162.708 Y369.584 E11.39979
G1 X161.908 Y369.584 E.05645
G1 X48.466 Y256.142 E11.31996
G1 X48.466 Y256.942 E.05645
G1 X161.108 Y369.584 E11.24013
G1 X160.308 Y369.584 E.05645
G1 X48.466 Y257.742 E11.1603
G1 X48.466 Y258.542 E.05645
G1 X159.508 Y369.584 E11.08047
G1 X158.708 Y369.584 E.05645
G1 X48.466 Y259.342 E11.00064
G1 X48.466 Y260.142 E.05645
G1 X157.908 Y369.584 E10.92082
G1 X157.108 Y369.584 E.05645
G1 X48.466 Y260.942 E10.84099
G1 X48.466 Y261.742 E.05645
G1 X156.308 Y369.584 E10.76116
G1 X155.508 Y369.584 E.05645
G1 X48.466 Y262.542 E10.68133
G1 X48.466 Y263.342 E.05645
G1 X154.708 Y369.584 E10.6015
G1 X153.908 Y369.584 E.05645
G1 X48.466 Y264.143 E10.52162
G1 X48.466 Y264.943 E.05645
G1 X153.107 Y369.584 E10.44174
G1 X152.307 Y369.584 E.05645
G1 X48.466 Y265.743 E10.36191
G1 X48.466 Y266.543 E.05645
G1 X151.507 Y369.584 E10.28208
G1 X150.707 Y369.584 E.05645
G1 X48.466 Y267.343 E10.20225
G1 X48.466 Y268.143 E.05645
G1 X149.907 Y369.584 E10.12242
G1 X149.107 Y369.584 E.05645
G1 X48.466 Y268.943 E10.0426
G1 X48.466 Y269.743 E.05645
G1 X148.307 Y369.584 E9.96277
G1 X147.507 Y369.584 E.05645
G1 X48.466 Y270.543 E9.88294
G1 X48.466 Y271.343 E.05645
G1 X146.707 Y369.584 E9.80311
G1 X145.907 Y369.584 E.05645
G1 X48.466 Y272.143 E9.72328
G1 X48.466 Y272.943 E.05645
G1 X145.107 Y369.584 E9.64345
G1 X144.307 Y369.584 E.05645
G1 X48.466 Y273.743 E9.56362
G1 X48.466 Y274.543 E.05645
G1 X143.507 Y369.584 E9.48379
G1 X142.707 Y369.584 E.05645
G1 X48.466 Y275.343 E9.40396
G1 X48.466 Y276.143 E.05645
G1 X141.907 Y369.584 E9.32413
G1 X141.107 Y369.584 E.05645
G1 X48.466 Y276.943 E9.24431
G1 X48.466 Y277.743 E.05645
G1 X140.307 Y369.584 E9.16448
G1 X139.507 Y369.584 E.05645
G1 X48.466 Y278.543 E9.08465
G1 X48.466 Y279.343 E.05645
G1 X138.707 Y369.584 E9.00482
G1 X137.907 Y369.584 E.05645
G1 X48.466 Y280.143 E8.92499
G1 X48.466 Y280.943 E.05645
G1 X137.107 Y369.584 E8.84516
G1 X136.306 Y369.584 E.05652
G1 X48.466 Y281.744 E8.76523
G1 X48.466 Y282.544 E.05645
G1 X135.506 Y369.584 E8.6854
G1 X134.706 Y369.584 E.05645
G1 X48.466 Y283.344 E8.60557
G1 X48.466 Y284.144 E.05645
G1 X133.906 Y369.584 E8.52574
G1 X133.106 Y369.584 E.05645
G1 X48.466 Y284.944 E8.44591
G1 X48.466 Y285.744 E.05645
G1 X132.306 Y369.584 E8.36609
G1 X131.506 Y369.584 E.05645
G1 X48.466 Y286.544 E8.28626
G1 X48.466 Y287.344 E.05645
G1 X130.706 Y369.584 E8.20643
G1 X129.906 Y369.584 E.05645
G1 X48.466 Y288.144 E8.1266
G1 X48.466 Y288.944 E.05645
G1 X129.106 Y369.584 E8.04677
G1 X128.306 Y369.584 E.05645
G1 X48.466 Y289.744 E7.96694
G1 X48.466 Y290.544 E.05645
G1 X127.506 Y369.584 E7.88711
G1 X126.706 Y369.584 E.05645
G1 X48.466 Y291.344 E7.80728
G1 X48.466 Y292.144 E.05645
G1 X125.906 Y369.584 E7.72745
G1 X125.106 Y369.584 E.05645
G1 X48.466 Y292.944 E7.64762
G1 X48.466 Y293.744 E.05645
G1 X124.306 Y369.584 E7.5678
G1 X123.506 Y369.584 E.05645
G1 X48.466 Y294.544 E7.48797
G1 X48.466 Y295.344 E.05645
G1 X122.706 Y369.584 E7.40814
G1 X121.906 Y369.584 E.05645
G1 X48.466 Y296.144 E7.32831
G1 X48.466 Y296.944 E.05645
G1 X121.106 Y369.584 E7.24848
G1 X120.306 Y369.584 E.05645
G1 X48.466 Y297.744 E7.16865
G1 X48.466 Y298.545 E.05652
G1 X119.505 Y369.584 E7.08872
G1 X118.705 Y369.584 E.05645
G1 X48.466 Y299.345 E7.00889
G1 X48.466 Y300.145 E.05645
G1 X117.905 Y369.584 E6.92906
G1 X117.105 Y369.584 E.05645
G1 X48.466 Y300.945 E6.84923
G1 X48.466 Y301.745 E.05645
G1 X116.305 Y369.584 E6.7694
G1 X115.505 Y369.584 E.05645
G1 X48.466 Y302.545 E6.68958
G1 X48.466 Y303.345 E.05645
G1 X114.705 Y369.584 E6.60975
G1 X113.905 Y369.584 E.05645
G1 X48.466 Y304.145 E6.52992
G1 X48.466 Y304.945 E.05645
G1 X113.105 Y369.584 E6.45009
G1 X112.305 Y369.584 E.05645
G1 X48.466 Y305.745 E6.37026
G1 X48.466 Y306.545 E.05645
G1 X111.505 Y369.584 E6.29043
G1 X110.705 Y369.584 E.05645
G1 X48.466 Y307.345 E6.2106
G1 X48.466 Y308.145 E.05645
G1 X109.905 Y369.584 E6.13077
G1 X109.105 Y369.584 E.05645
G1 X48.466 Y308.945 E6.05094
G1 X48.466 Y309.745 E.05645
G1 X108.305 Y369.584 E5.97111
G1 X107.505 Y369.584 E.05645
G1 X48.466 Y310.545 E5.89129
G1 X48.466 Y311.345 E.05645
G1 X106.705 Y369.584 E5.81146
G1 X105.905 Y369.584 E.05645
G1 X48.466 Y312.145 E5.73163
G1 X48.466 Y312.945 E.05645
G1 X105.105 Y369.584 E5.6518
G1 X104.305 Y369.584 E.05645
G1 X48.466 Y313.745 E5.57197
G1 X48.466 Y314.545 E.05645
G1 X103.505 Y369.584 E5.49214
G1 X102.704 Y369.584 E.05652
G1 X48.466 Y315.346 E5.41221
G1 X48.466 Y316.146 E.05645
G1 X101.904 Y369.584 E5.33238
G1 X101.104 Y369.584 E.05645
G1 X48.466 Y316.946 E5.25255
G1 X48.466 Y317.746 E.05645
G1 X100.304 Y369.584 E5.17272
G1 X99.504 Y369.584 E.05645
G1 X48.466 Y318.546 E5.09289
G1 X48.466 Y319.346 E.05645
G1 X98.704 Y369.584 E5.01307
G1 X97.904 Y369.584 E.05645
G1 X48.466 Y320.146 E4.93324
G1 X48.466 Y320.946 E.05645
G1 X97.104 Y369.584 E4.85341
G1 X96.304 Y369.584 E.05645
G1 X48.466 Y321.746 E4.77358
G1 X48.466 Y322.546 E.05645
G1 X95.504 Y369.584 E4.69375
G1 X94.704 Y369.584 E.05645
G1 X48.466 Y323.346 E4.61392
G1 X48.466 Y324.146 E.05645
G1 X93.904 Y369.584 E4.53409
G1 X93.104 Y369.584 E.05645
G1 X48.466 Y324.946 E4.45426
G1 X48.466 Y325.746 E.05645
G1 X92.304 Y369.584 E4.37443
G1 X91.504 Y369.584 E.05645
G1 X48.466 Y326.546 E4.2946
G1 X48.466 Y327.346 E.05645
G1 X90.704 Y369.584 E4.21477
G1 X89.904 Y369.584 E.05645
G1 X48.466 Y328.146 E4.13495
G1 X48.466 Y328.946 E.05645
G1 X89.104 Y369.584 E4.05512
G1 X88.304 Y369.584 E.05645
G1 X48.466 Y329.746 E3.97529
G1 X48.466 Y330.546 E.05645
G1 X87.504 Y369.584 E3.89546
G1 X86.704 Y369.584 E.05645
G1 X48.466 Y331.346 E3.81563
G1 X48.466 Y332.147 E.05652
G1 X85.903 Y369.584 E3.7357
G1 X85.103 Y369.584 E.05645
G1 X48.466 Y332.947 E3.65587
G1 X48.466 Y333.747 E.05645
G1 X84.303 Y369.584 E3.57604
G1 X83.503 Y369.584 E.05645
G1 X48.466 Y334.547 E3.49621
G1 X48.466 Y335.347 E.05645
G1 X82.703 Y369.584 E3.41638
G1 X81.903 Y369.584 E.05645
G1 X48.466 Y336.147 E3.33656
G1 X48.466 Y336.947 E.05645
G1 X81.103 Y369.584 E3.25673
G1 X80.303 Y369.584 E.05645
G1 X48.466 Y337.747 E3.1769
G1 X48.466 Y338.547 E.05645
G1 X79.503 Y369.584 E3.09707
G1 X78.703 Y369.584 E.05645
G1 X48.466 Y339.347 E3.01724
G1 X48.466 Y340.147 E.05645
G1 X77.903 Y369.584 E2.93741
G1 X77.103 Y369.584 E.05645
G1 X48.466 Y340.947 E2.85758
G1 X48.466 Y341.747 E.05645
G1 X76.303 Y369.584 E2.77775
G1 X75.503 Y369.584 E.05645
G1 X48.466 Y342.547 E2.69792
G1 X48.466 Y343.347 E.05645
G1 X74.703 Y369.584 E2.61809
G1 X73.903 Y369.584 E.05645
G1 X48.466 Y344.147 E2.53826
G1 X48.466 Y344.947 E.05645
G1 X73.103 Y369.584 E2.45844
G1 X72.303 Y369.584 E.05645
G1 X48.466 Y345.747 E2.37861
G1 X48.466 Y346.547 E.05645
G1 X71.503 Y369.584 E2.29878
G1 X70.703 Y369.584 E.05645
G1 X48.466 Y347.347 E2.21895
G1 X48.466 Y348.147 E.05645
G1 X69.903 Y369.584 E2.13912
G1 X69.102 Y369.584 E.05652
G1 X48.466 Y348.948 E2.05919
G1 X48.466 Y349.748 E.05645
G1 X68.302 Y369.584 E1.97936
G1 X67.502 Y369.584 E.05645
G1 X48.466 Y350.548 E1.89953
G1 X48.466 Y351.348 E.05645
G1 X66.702 Y369.584 E1.8197
G1 X65.902 Y369.584 E.05645
G1 X48.466 Y352.148 E1.73987
G1 X48.466 Y352.948 E.05645
G1 X65.102 Y369.584 E1.66005
G1 X64.302 Y369.584 E.05645
G1 X48.466 Y353.748 E1.58022
G1 X48.466 Y354.548 E.05645
G1 X63.502 Y369.584 E1.50039
G1 X62.702 Y369.584 E.05645
G1 X48.466 Y355.348 E1.42056
G1 X48.466 Y356.148 E.05645
G1 X61.902 Y369.584 E1.34073
G1 X61.102 Y369.584 E.05645
G1 X48.466 Y356.948 E1.2609
G1 X48.466 Y357.748 E.05645
G1 X60.302 Y369.584 E1.18107
G1 X59.502 Y369.584 E.05645
G1 X48.466 Y358.548 E1.10124
G1 X48.466 Y359.348 E.05645
G1 X58.702 Y369.584 E1.02141
G1 X57.902 Y369.584 E.05645
G1 X48.466 Y360.148 E.94158
G1 X48.466 Y360.948 E.05645
G1 X57.102 Y369.584 E.86175
G1 X56.302 Y369.584 E.05645
G1 X48.466 Y361.748 E.78193
G1 X48.466 Y362.548 E.05645
G1 X55.502 Y369.584 E.7021
G1 X54.702 Y369.584 E.05645
G1 X48.466 Y363.348 E.62227
G1 X48.466 Y364.148 E.05645
G1 X53.902 Y369.584 E.54244
G1 X53.102 Y369.584 E.05645
G1 X48.466 Y364.948 E.46261
G1 X48.466 Y365.749 E.05652
G1 X52.301 Y369.584 E.38268
G1 X51.501 Y369.584 E.05645
G1 X48.466 Y366.549 E.30285
G1 X48.466 Y367.349 E.05645
G1 X50.701 Y369.584 E.22302
G1 X49.901 Y369.584 E.05645
G1 X48.466 Y368.149 E.14319
G1 X48.466 Y368.949 E.05645
G1 X49.356 Y369.838 E.08876
M106 S255
;LAYER_CHANGE
;Z:0.54
;HEIGHT:0.24
;BEFORE_LAYER_CHANGE
G92 E0
;0.54


G1 E-4.2 F3600
;WIPE_START
G1 F7200
G1 X48.466 Y368.949 E-.59752
G1 X48.466 Y368.149 E-.38
G1 X49.691 Y369.373 E-.82248
;WIPE_END
G1 Z.54 F9000
;AFTER_LAYER_CHANGE
;0.54
M104 S200 ; set temperature
; stop printing object Chess Board Lid id:0 copy 0
G1 X49.356 Y374.283
G1 E6 F2400
;TYPE:Skirt/Brim
;WIDTH:0.63
G1 X47.05 Y374.283 E.13311
G1 X45.491 Y373.889 E.09282
G1 X44.306 Y372.802 E.09282
G1 X43.767 Y371.028 E.10702
G1 X40.867 Y32.028 E19.56865
G1 X40.867 Y29 E.17478
G1 X41.261 Y27.441 E.09282
G1 X42.348 Y26.256 E.09282
G1 X44.15 Y25.717 E.10857
G1 X355.85 Y25.717 E17.99211
G1 X357.409 Y26.111 E.09282
G1 X358.594 Y27.198 E.09282
G1 X359.133 Y29 E.10857
G1 X359.133 Y32.028 E.17478
G1 X356.233 Y371.028 E19.56865
G1 X355.825 Y372.584 E.09285
G1 X354.728 Y373.76 E.09283
G1 X352.95 Y374.283 E.10698
G1 X49.446 Y374.283 E17.51902
G1 E-4.2 F3600
;WIPE_START
G1 F7200
G1 X49.356 Y374.283 E-.04275
G1 X47.05 Y374.283 E-1.09535
G1 X45.699 Y373.941 E-.6619
;WIPE_END
; printing object Chess Board Lid id:0 copy 0
G1 X47.958 Y367.992 F9000
G1 E6 F2400
;TYPE:Perimeter
;WIDTH:0.659999
G1 X47.958 Y31.974 E20.40163
G1 X47.923 Y31.727 E.01515
G1 X47.782 Y31.445 E.01914
G1 X47.491 Y31.195 E.02329
;WIDTH:0.707876
G1 X47.422 Y31.154 E.00526
;WIDTH:0.755752
G1 X47.353 Y31.113 E.00564
;WIDTH:0.803628
G1 X47.283 Y31.072 E.00609
;WIDTH:0.851505
G1 X47.214 Y31.03 E.00645
;WIDTH:0.899381
G1 X47.145 Y30.989 E.00679
;WIDTH:0.947257
G1 X47.076 Y30.948 E.00717
G1 X45.202 Y30.948 E.1675
G1 X45.202 Y30.052 E.08008
G1 X47.076 Y30.052 E.1675
G1 X47.199 Y30.028 E.0112
;WIDTH:0.899381
G1 X47.321 Y30.004 E.01052
;WIDTH:0.851505
G1 X47.444 Y29.98 E.01
;WIDTH:0.803628
G1 X47.567 Y29.956 E.0094
;WIDTH:0.755752
G1 X47.69 Y29.932 E.00881
;WIDTH:0.707876
G1 X47.813 Y29.908 E.00821
;WIDTH:0.659999
G1 X351.45 Y29.908 E18.43559
;WIDTH:0.68804
G1 X351.819 Y29.923 E.02346
;WIDTH:0.716081
G1 X352.187 Y29.937 E.02442
;WIDTH:0.764551
G1 X352.283 Y29.961 E.00704
;WIDTH:0.81302
G1 X352.379 Y29.985 E.00752
;WIDTH:0.861489
G1 X352.475 Y30.009 E.008
;WIDTH:0.909958
G1 X352.572 Y30.033 E.00856
;WIDTH:0.958427
G1 X352.668 Y30.058 E.00898
G1 X352.924 Y30.052 E.02317
;WIDTH:0.947257
G1 X354.798 Y30.052 E.1675
G1 X354.798 Y30.948 E.08008
G1 X352.757 Y30.948 E.18242
G1 X352.667 Y31.031 E.01094
;WIDTH:0.899381
G1 X352.577 Y31.113 E.0103
;WIDTH:0.851505
G1 X352.487 Y31.196 E.00977
;WIDTH:0.803628
G1 X352.398 Y31.279 E.00913
;WIDTH:0.755752
G1 X352.308 Y31.362 E.0086
;WIDTH:0.707876
G1 X352.218 Y31.445 E.00802
;WIDTH:0.659999
G1 X352.077 Y31.727 E.01914
G1 X352.042 Y31.974 E.01515
G1 X352.042 Y367.992 E20.40163
G1 X342.865 Y367.992 E.55719
G1 X342.517 Y368.091 E.02197
G1 X342.251 Y368.304 E.02069
G1 X342.086 Y368.596 E.02036
G1 X342.042 Y368.874 E.01709
G1 X342.042 Y370.092 E.07395
G1 X205.958 Y370.092 E8.26246
G1 X205.958 Y368.874 E.07395
G1 X205.915 Y368.6 E.01684
G1 X205.834 Y368.423 E.01182
G1 X205.681 Y368.232 E.01486
G1 X205.429 Y368.065 E.01836
G1 X205.081 Y367.992 E.02159
G1 X200 Y367.992 E.3085
G1 X194.968 Y367.992 E.30552
G1 X194.612 Y368.094 E.02248
G1 X194.347 Y368.308 E.02068
G1 X194.185 Y368.6 E.02027
G1 X194.142 Y368.874 E.01684
G1 X194.142 Y370.092 E.07395
G1 X57.958 Y370.092 E8.26853
G1 X57.958 Y368.874 E.07395
G1 X57.914 Y368.596 E.01709
G1 X57.832 Y368.418 E.0119
G1 X57.677 Y368.228 E.01489
G1 X57.408 Y368.057 E.01935
G1 X57.076 Y367.992 E.02054
G1 X48.048 Y367.992 E.54814
G1 X47.365 Y368.585 F9000
;TYPE:External perimeter
;WIDTH:0.629999
G1 F1500
G1 X47.365 Y31.907 E19.43388
G1 X47.212 Y31.719 E.01399
G1 X47.076 Y31.685 E.00809
G1 X44.465 Y31.685 E.15071
G1 X44.465 Y29.315 E.1368
G1 X355.535 Y29.315 E17.95573
G1 X355.535 Y31.685 E.1368
G1 X352.881 Y31.685 E.1532
G1 X352.693 Y31.801 E.01275
G1 X352.635 Y31.974 E.01053
G1 X352.635 Y368.585 E19.43002
G1 X342.887 Y368.585 E.56268
G1 X342.704 Y368.687 E.01209
G1 X342.635 Y368.874 E.01151
G1 X342.635 Y370.685 E.10454
G1 X205.365 Y370.685 E7.92356
G1 X205.365 Y368.805 E.10852
G1 X205.254 Y368.647 E.01115
G1 X205.079 Y368.585 E.01072
G1 X194.986 Y368.585 E.58259
G1 X194.802 Y368.689 E.0122
G1 X194.735 Y368.874 E.01136
G1 X194.735 Y370.685 E.10454
G1 X57.365 Y370.685 E7.92933
G1 X57.365 Y368.804 E.10858
G1 X57.253 Y368.645 E.01123
G1 X57.076 Y368.585 E.01079
G1 X47.455 Y368.585 E.55535
G1 E-4.2 F3600
;WIPE_START
G1 F7200
G1 X47.365 Y368.585 E-.04275
G1 X47.365 Y364.886 E-1.75725
;WIPE_END
G1 X48.655 Y30.377 F9000
G1 E6 F2400
;TYPE:Solid infill
;WIDTH:0.659999
G1 X48.004 Y31.028 E.0559
;WIDTH:0.699485
G1 X47.866 Y30.894 E.01244
;WIDTH:0.738971
G1 X47.729 Y30.761 E.0131
;WIDTH:0.778456
G1 X47.591 Y30.628 E.0139
G1 X47.503 Y30.652 E.00662
G1 X47.439 Y30.588 E.00657
G1 X47.463 Y30.5 E.00662
G1 X47.55 Y30.476 E.00655
G1 X47.615 Y30.541 E.00667
G1 X48.349 Y31.543 F9000
;WIDTH:0.659999
G1 F2400
G1 X49.515 Y30.377 E.10012
G1 X50.376 Y30.377 E.05228
G1 X48.328 Y32.426 E.17589
;WIDTH:0.610752
G1 X48.229 Y32.527 E.00789
;WIDTH:0.561504
G1 X48.184 Y32.482 E.00324
G1 X48.122 Y32.499 E.00327
G1 X48.106 Y32.56 E.00321
G1 X48.151 Y32.605 E.00324
G1 X48.212 Y32.589 E.00321
;WIDTH:0.659999
G1 X48.427 Y33.186 E.03853
G1 X51.236 Y30.377 E.2412
G1 X52.097 Y30.377 E.05228
G1 X48.427 Y34.047 E.31513
G1 X48.427 Y34.907 E.05222
G1 X52.957 Y30.377 E.38897
G1 X53.818 Y30.377 E.05228
G1 X48.427 Y35.768 E.4629
G1 X48.427 Y36.628 E.05222
G1 X54.678 Y30.377 E.53674
G1 X55.539 Y30.377 E.05228
G1 X48.427 Y37.489 E.61067
G1 X48.427 Y38.349 E.05222
G1 X56.399 Y30.377 E.68452
G1 X57.26 Y30.377 E.05228
G1 X48.427 Y39.21 E.75845
G1 X48.427 Y40.071 E.05228
G1 X58.121 Y30.377 E.83238
G1 X58.981 Y30.377 E.05222
G1 X48.427 Y40.931 E.90622
G1 X48.427 Y41.792 E.05228
G1 X59.842 Y30.377 E.98015
G1 X60.702 Y30.377 E.05222
G1 X48.427 Y42.652 E1.054
G1 X48.427 Y43.513 E.05228
G1 X61.563 Y30.377 E1.12793
G1 X62.423 Y30.377 E.05222
G1 X48.427 Y44.373 E1.20177
G1 X48.427 Y45.234 E.05228
G1 X63.284 Y30.377 E1.2757
G1 X64.144 Y30.377 E.05222
G1 X48.427 Y46.094 E1.34954
G1 X48.427 Y46.955 E.05228
G1 X65.005 Y30.377 E1.42347
G1 X65.865 Y30.377 E.05222
G1 X48.427 Y47.815 E1.49732
G1 X48.427 Y48.676 E.05228
G1 X66.726 Y30.377 E1.57125
G1 X67.587 Y30.377 E.05228
G1 X48.427 Y49.537 E1.64518
G1 X48.427 Y50.397 E.05222
G1 X68.447 Y30.377 E1.71902
G1 X69.308 Y30.377 E.05228
G1 X48.427 Y51.258 E1.79295
G1 X48.427 Y52.118 E.05222
G1 X70.168 Y30.377 E1.8668
G1 X71.029 Y30.377 E.05228
G1 X48.427 Y52.979 E1.94073
G1 X48.427 Y53.839 E.05222
G1 X71.889 Y30.377 E2.01457
G1 X72.75 Y30.377 E.05228
G1 X48.427 Y54.7 E2.0885
G1 X48.427 Y55.56 E.05222
G1 X73.61 Y30.377 E2.16234
G1 X74.471 Y30.377 E.05228
G1 X48.427 Y56.421 E2.23627
G1 X48.427 Y57.281 E.05222
G1 X75.331 Y30.377 E2.31012
G1 X76.192 Y30.377 E.05228
G1 X48.427 Y58.142 E2.38405
G1 X48.427 Y59.002 E.05222
G1 X77.053 Y30.377 E2.45793
G1 X77.913 Y30.377 E.05222
G1 X48.427 Y59.863 E2.53182
G1 X48.427 Y60.724 E.05228
G1 X78.774 Y30.377 E2.60575
G1 X79.634 Y30.377 E.05222
G1 X48.427 Y61.584 E2.6796
G1 X48.427 Y62.445 E.05228
G1 X80.495 Y30.377 E2.75353
G1 X81.355 Y30.377 E.05222
G1 X48.427 Y63.305 E2.82737
G1 X48.427 Y64.166 E.05228
G1 X82.216 Y30.377 E2.9013
G1 X83.076 Y30.377 E.05222
G1 X48.427 Y65.026 E2.97514
G1 X48.427 Y65.887 E.05228
G1 X83.937 Y30.377 E3.04907
G1 X84.797 Y30.377 E.05222
G1 X48.427 Y66.747 E3.12292
G1 X48.427 Y67.608 E.05228
G1 X85.658 Y30.377 E3.19685
G1 X86.518 Y30.377 E.05222
G1 X48.427 Y68.468 E3.27069
G1 X48.427 Y69.329 E.05228
G1 X87.379 Y30.377 E3.34462
G1 X88.24 Y30.377 E.05228
G1 X48.427 Y70.19 E3.41855
G1 X48.427 Y71.05 E.05222
G1 X89.1 Y30.377 E3.4924
G1 X89.961 Y30.377 E.05228
G1 X48.427 Y71.911 E3.56633
G1 X48.427 Y72.771 E.05222
G1 X90.821 Y30.377 E3.64017
G1 X91.682 Y30.377 E.05228
G1 X48.427 Y73.632 E3.7141
G1 X48.427 Y74.492 E.05222
G1 X92.542 Y30.377 E3.78794
G1 X93.403 Y30.377 E.05228
G1 X48.427 Y75.353 E3.86187
G1 X48.427 Y76.213 E.05222
G1 X94.263 Y30.377 E3.93572
G1 X95.124 Y30.377 E.05228
G1 X48.427 Y77.074 E4.00965
G1 X48.427 Y77.934 E.05222
G1 X95.984 Y30.377 E4.08349
G1 X96.845 Y30.377 E.05228
G1 X48.427 Y78.795 E4.15742
G1 X48.427 Y79.655 E.05222
G1 X97.706 Y30.377 E4.23131
G1 X98.566 Y30.377 E.05222
G1 X48.427 Y80.516 E4.3052
G1 X48.427 Y81.377 E.05228
G1 X99.427 Y30.377 E4.37913
G1 X100.287 Y30.377 E.05222
G1 X48.427 Y82.237 E4.45297
G1 X48.427 Y83.098 E.05228
G1 X101.148 Y30.377 E4.5269
G1 X102.008 Y30.377 E.05222
G1 X48.427 Y83.958 E4.60074
G1 X48.427 Y84.819 E.05228
G1 X102.869 Y30.377 E4.67467
G1 X103.729 Y30.377 E.05222
G1 X48.427 Y85.679 E4.74852
G1 X48.427 Y86.54 E.05228
G1 X104.59 Y30.377 E4.82245
G1 X105.45 Y30.377 E.05222
G1 X48.427 Y87.4 E4.89629
G1 X48.427 Y88.261 E.05228
G1 X106.311 Y30.377 E4.97022
G1 X107.171 Y30.377 E.05222
G1 X48.427 Y89.121 E5.04407
G1 X48.427 Y89.982 E.05228
G1 X108.032 Y30.377 E5.118
G1 X108.893 Y30.377 E.05228
G1 X48.427 Y90.843 E5.19193
G1 X48.427 Y91.703 E.05222
G1 X109.753 Y30.377 E5.26577
G1 X110.614 Y30.377 E.05228
G1 X48.427 Y92.564 E5.3397
G1 X48.427 Y93.424 E.05222
G1 X111.474 Y30.377 E5.41354
G1 X112.335 Y30.377 E.05228
G1 X48.427 Y94.285 E5.48747
G1 X48.427 Y95.145 E.05222
G1 X113.195 Y30.377 E5.56132
G1 X114.056 Y30.377 E.05228
G1 X48.427 Y96.006 E5.63525
G1 X48.427 Y96.866 E.05222
G1 X114.916 Y30.377 E5.70909
G1 X115.777 Y30.377 E.05228
G1 X48.427 Y97.727 E5.78302
G1 X48.427 Y98.587 E.05222
G1 X116.637 Y30.377 E5.85687
G1 X117.498 Y30.377 E.05228
G1 X48.427 Y99.448 E5.9308
G1 X48.427 Y100.308 E.05222
G1 X118.359 Y30.377 E6.00468
G1 X119.219 Y30.377 E.05222
G1 X48.427 Y101.169 E6.07857
G1 X48.427 Y102.03 E.05228
G1 X120.08 Y30.377 E6.1525
G1 X120.94 Y30.377 E.05222
G1 X48.427 Y102.89 E6.22634
G1 X48.427 Y103.751 E.05228
G1 X121.801 Y30.377 E6.30027
G1 X122.661 Y30.377 E.05222
G1 X48.427 Y104.611 E6.37412
G1 X48.427 Y105.472 E.05228
G1 X123.522 Y30.377 E6.44805
G1 X124.382 Y30.377 E.05222
G1 X48.427 Y106.332 E6.52189
G1 X48.427 Y107.193 E.05228
G1 X125.243 Y30.377 E6.59582
G1 X126.103 Y30.377 E.05222
G1 X48.427 Y108.053 E6.66967
G1 X48.427 Y108.914 E.05228
G1 X126.964 Y30.377 E6.7436
G1 X127.824 Y30.377 E.05222
G1 X48.427 Y109.774 E6.81744
G1 X48.427 Y110.635 E.05228
G1 X128.685 Y30.377 E6.89137
G1 X129.546 Y30.377 E.05228
G1 X48.427 Y111.496 E6.9653
G1 X48.427 Y112.356 E.05222
G1 X130.406 Y30.377 E7.03914
G1 X131.267 Y30.377 E.05228
G1 X48.427 Y113.217 E7.11307
G1 X48.427 Y114.077 E.05222
G1 X132.127 Y30.377 E7.18692
G1 X132.988 Y30.377 E.05228
G1 X48.427 Y114.938 E7.26085
G1 X48.427 Y115.798 E.05222
G1 X133.848 Y30.377 E7.33469
G1 X134.709 Y30.377 E.05228
G1 X48.427 Y116.659 E7.40862
G1 X48.427 Y117.519 E.05222
G1 X135.569 Y30.377 E7.48247
G1 X136.43 Y30.377 E.05228
G1 X48.427 Y118.38 E7.5564
G1 X48.427 Y119.24 E.05222
G1 X137.29 Y30.377 E7.63024
G1 X138.151 Y30.377 E.05228
G1 X48.427 Y120.101 E7.70417
G1 X48.427 Y120.961 E.05222
G1 X139.012 Y30.377 E7.77806
G1 X139.872 Y30.377 E.05222
G1 X48.427 Y121.822 E7.85194
G1 X48.427 Y122.683 E.05228
G1 X140.733 Y30.377 E7.92587
G1 X141.593 Y30.377 E.05222
G1 X48.427 Y123.543 E7.99972
G1 X48.427 Y124.404 E.05228
G1 X142.454 Y30.377 E8.07365
G1 X143.314 Y30.377 E.05222
G1 X48.427 Y125.264 E8.14749
G1 X48.427 Y126.125 E.05228
G1 X144.175 Y30.377 E8.22142
G1 X145.035 Y30.377 E.05222
G1 X48.427 Y126.985 E8.29527
G1 X48.427 Y127.846 E.05228
G1 X145.896 Y30.377 E8.3692
G1 X146.756 Y30.377 E.05222
G1 X48.427 Y128.706 E8.44304
G1 X48.427 Y129.567 E.05228
G1 X147.617 Y30.377 E8.51697
G1 X148.477 Y30.377 E.05222
G1 X48.427 Y130.427 E8.59082
G1 X48.427 Y131.288 E.05228
G1 X149.338 Y30.377 E8.66475
G1 X150.199 Y30.377 E.05228
G1 X48.427 Y132.149 E8.73867
G1 X48.427 Y133.009 E.05222
G1 X151.059 Y30.377 E8.81252
G1 X151.92 Y30.377 E.05228
G1 X48.427 Y133.87 E8.88645
G1 X48.427 Y134.73 E.05222
G1 X152.78 Y30.377 E8.96029
G1 X153.641 Y30.377 E.05228
G1 X48.427 Y135.591 E9.03422
G1 X48.427 Y136.451 E.05222
G1 X154.501 Y30.377 E9.10807
G1 X155.362 Y30.377 E.05228
G1 X48.427 Y137.312 E9.182
G1 X48.427 Y138.172 E.05222
G1 X156.222 Y30.377 E9.25584
G1 X157.083 Y30.377 E.05228
G1 X48.427 Y139.033 E9.32977
G1 X48.427 Y139.893 E.05222
G1 X157.943 Y30.377 E9.40362
G1 X158.804 Y30.377 E.05228
G1 X48.427 Y140.754 E9.47755
G1 X48.427 Y141.614 E.05222
G1 X159.665 Y30.377 E9.55143
G1 X160.525 Y30.377 E.05222
G1 X48.427 Y142.475 E9.62532
G1 X48.427 Y143.336 E.05228
G1 X161.386 Y30.377 E9.69925
G1 X162.246 Y30.377 E.05222
G1 X48.427 Y144.196 E9.77309
G1 X48.427 Y145.057 E.05228
G1 X163.107 Y30.377 E9.84702
G1 X163.967 Y30.377 E.05222
G1 X48.427 Y145.917 E9.92087
G1 X48.427 Y146.778 E.05228
G1 X164.828 Y30.377 E9.9948
G1 X165.688 Y30.377 E.05222
G1 X48.427 Y147.638 E10.06864
G1 X48.427 Y148.499 E.05228
G1 X166.549 Y30.377 E10.14257
G1 X167.409 Y30.377 E.05222
G1 X48.427 Y149.359 E10.21642
G1 X48.427 Y150.22 E.05228
G1 X168.27 Y30.377 E10.29035
G1 X169.13 Y30.377 E.05222
G1 X48.427 Y151.08 E10.36419
G1 X48.427 Y151.941 E.05228
G1 X169.991 Y30.377 E10.43812
G1 X170.852 Y30.377 E.05228
G1 X48.427 Y152.802 E10.51205
G1 X48.427 Y153.662 E.05222
G1 X171.712 Y30.377 E10.58589
G1 X172.573 Y30.377 E.05228
G1 X48.427 Y154.523 E10.65982
G1 X48.427 Y155.383 E.05222
G1 X173.433 Y30.377 E10.73367
G1 X174.294 Y30.377 E.05228
G1 X48.427 Y156.244 E10.8076
G1 X48.427 Y157.104 E.05222
G1 X175.154 Y30.377 E10.88144
G1 X176.015 Y30.377 E.05228
G1 X48.427 Y157.965 E10.95537
G1 X48.427 Y158.825 E.05222
G1 X176.875 Y30.377 E11.02922
G1 X177.736 Y30.377 E.05228
G1 X48.427 Y159.686 E11.10315
G1 X48.427 Y160.546 E.05222
G1 X178.596 Y30.377 E11.17699
G1 X179.457 Y30.377 E.05228
G1 X48.427 Y161.407 E11.25092
G1 X48.427 Y162.267 E.05222
G1 X180.318 Y30.377 E11.32481
G1 X181.178 Y30.377 E.05222
G1 X48.427 Y163.128 E11.39869
G1 X48.427 Y163.989 E.05228
G1 X182.039 Y30.377 E11.47262
G1 X182.899 Y30.377 E.05222
G1 X48.427 Y164.849 E11.54647
G1 X48.427 Y165.71 E.05228
G1 X183.76 Y30.377 E11.6204
G1 X184.62 Y30.377 E.05222
G1 X48.427 Y166.57 E11.69424
G1 X48.427 Y167.431 E.05228
G1 X185.481 Y30.377 E11.76817
G1 X186.341 Y30.377 E.05222
G1 X48.427 Y168.291 E11.84202
G1 X48.427 Y169.152 E.05228
G1 X187.202 Y30.377 E11.91595
G1 X188.062 Y30.377 E.05222
G1 X48.427 Y170.012 E11.98979
G1 X48.427 Y170.873 E.05228
G1 X188.923 Y30.377 E12.06372
G1 X189.784 Y30.377 E.05228
G1 X48.427 Y171.733 E12.13761
G1 X48.427 Y172.594 E.05228
G1 X190.644 Y30.377 E12.21149
G1 X191.505 Y30.377 E.05228
G1 X48.427 Y173.455 E12.28542
G1 X48.427 Y174.315 E.05222
G1 X192.365 Y30.377 E12.35927
G1 X193.226 Y30.377 E.05228
G1 X48.427 Y175.176 E12.4332
G1 X48.427 Y176.036 E.05222
G1 X194.086 Y30.377 E12.50704
G1 X194.947 Y30.377 E.05228
G1 X48.427 Y176.897 E12.58097
G1 X48.427 Y177.757 E.05222
G1 X195.807 Y30.377 E12.65482
G1 X196.668 Y30.377 E.05228
G1 X48.427 Y178.618 E12.72875
G1 X48.427 Y179.478 E.05222
G1 X197.528 Y30.377 E12.80259
G1 X198.389 Y30.377 E.05228
G1 X48.427 Y180.339 E12.87652
G1 X48.427 Y181.199 E.05222
G1 X199.249 Y30.377 E12.95036
G1 X200.11 Y30.377 E.05228
G1 X48.427 Y182.06 E13.02429
G1 X48.427 Y182.921 E.05228
G1 X200.971 Y30.377 E13.09822
G1 X201.831 Y30.377 E.05222
G1 X48.427 Y183.781 E13.17207
G1 X48.427 Y184.642 E.05228
G1 X202.692 Y30.377 E13.246
G1 X203.552 Y30.377 E.05222
G1 X48.427 Y185.502 E13.31984
G1 X48.427 Y186.363 E.05228
G1 X204.413 Y30.377 E13.39377
G1 X205.273 Y30.377 E.05222
G1 X48.427 Y187.223 E13.46762
G1 X48.427 Y188.084 E.05228
G1 X206.134 Y30.377 E13.54155
G1 X206.994 Y30.377 E.05222
G1 X48.427 Y188.944 E13.61539
G1 X48.427 Y189.805 E.05228
G1 X207.855 Y30.377 E13.68932
G1 X208.715 Y30.377 E.05222
G1 X48.427 Y190.665 E13.76316
G1 X48.427 Y191.526 E.05228
G1 X209.576 Y30.377 E13.83709
G1 X210.437 Y30.377 E.05228
G1 X48.427 Y192.386 E13.91098
G1 X48.427 Y193.247 E.05228
G1 X211.297 Y30.377 E13.98487
G1 X212.158 Y30.377 E.05228
G1 X48.427 Y194.108 E14.0588
G1 X48.427 Y194.968 E.05222
G1 X213.018 Y30.377 E14.13264
G1 X213.879 Y30.377 E.05228
G1 X48.427 Y195.829 E14.20657
G1 X48.427 Y196.689 E.05222
G1 X214.739 Y30.377 E14.28042
G1 X215.6 Y30.377 E.05228
G1 X48.427 Y197.55 E14.35435
G1 X48.427 Y198.41 E.05222
G1 X216.46 Y30.377 E14.42819
G1 X217.321 Y30.377 E.05228
G1 X48.427 Y199.271 E14.50212
G1 X48.427 Y200.131 E.05222
G1 X218.181 Y30.377 E14.57596
G1 X219.042 Y30.377 E.05228
G1 X48.427 Y200.992 E14.64989
G1 X48.427 Y201.852 E.05222
G1 X219.902 Y30.377 E14.72374
G1 X220.763 Y30.377 E.05228
G1 X48.427 Y202.713 E14.79767
G1 X48.427 Y203.574 E.05228
G1 X221.624 Y30.377 E14.8716
G1 X222.484 Y30.377 E.05222
G1 X48.427 Y204.434 E14.94544
G1 X48.427 Y205.295 E.05228
G1 X223.345 Y30.377 E15.01937
G1 X224.205 Y30.377 E.05222
G1 X48.427 Y206.155 E15.09322
G1 X48.427 Y207.016 E.05228
G1 X225.066 Y30.377 E15.16715
G1 X225.926 Y30.377 E.05222
G1 X48.427 Y207.876 E15.24099
G1 X48.427 Y208.737 E.05228
G1 X226.787 Y30.377 E15.31492
G1 X227.647 Y30.377 E.05222
G1 X48.427 Y209.597 E15.38876
G1 X48.427 Y210.458 E.05228
G1 X228.508 Y30.377 E15.46269
G1 X229.368 Y30.377 E.05222
G1 X48.427 Y211.318 E15.53654
G1 X48.427 Y212.179 E.05228
G1 X230.229 Y30.377 E15.61047
G1 X231.09 Y30.377 E.05228
G1 X48.427 Y213.039 E15.68436
G1 X48.427 Y213.9 E.05228
G1 X231.95 Y30.377 E15.75824
G1 X232.811 Y30.377 E.05228
G1 X48.427 Y214.761 E15.83217
G1 X48.427 Y215.621 E.05222
G1 X233.671 Y30.377 E15.90602
G1 X234.532 Y30.377 E.05228
G1 X48.427 Y216.482 E15.97995
G1 X48.427 Y217.342 E.05222
G1 X235.392 Y30.377 E16.05379
G1 X236.253 Y30.377 E.05228
G1 X48.427 Y218.203 E16.12772
G1 X48.427 Y219.063 E.05222
G1 X237.113 Y30.377 E16.20156
G1 X237.974 Y30.377 E.05228
G1 X48.427 Y219.924 E16.27549
G1 X48.427 Y220.784 E.05222
G1 X238.834 Y30.377 E16.34934
G1 X239.695 Y30.377 E.05228
G1 X48.427 Y221.645 E16.42327
G1 X48.427 Y222.505 E.05222
G1 X240.555 Y30.377 E16.49711
G1 X241.416 Y30.377 E.05228
G1 X48.427 Y223.366 E16.57104
G1 X48.427 Y224.227 E.05228
G1 X242.277 Y30.377 E16.64497
G1 X243.137 Y30.377 E.05222
G1 X48.427 Y225.087 E16.71882
G1 X48.427 Y225.948 E.05228
G1 X243.998 Y30.377 E16.79275
G1 X244.858 Y30.377 E.05222
G1 X48.427 Y226.808 E16.86659
G1 X48.427 Y227.669 E.05228
G1 X245.719 Y30.377 E16.94052
G1 X246.579 Y30.377 E.05222
G1 X48.427 Y228.529 E17.01436
G1 X48.427 Y229.39 E.05228
G1 X247.44 Y30.377 E17.08829
G1 X248.3 Y30.377 E.05222
G1 X48.427 Y230.25 E17.16214
G1 X48.427 Y231.111 E.05228
G1 X249.161 Y30.377 E17.23607
G1 X250.021 Y30.377 E.05222
G1 X48.427 Y231.971 E17.30991
G1 X48.427 Y232.832 E.05228
G1 X250.882 Y30.377 E17.38384
G1 X251.743 Y30.377 E.05228
G1 X48.427 Y233.692 E17.45773
G1 X48.427 Y234.553 E.05228
G1 X252.603 Y30.377 E17.53162
G1 X253.464 Y30.377 E.05228
G1 X48.427 Y235.414 E17.60555
G1 X48.427 Y236.274 E.05222
G1 X254.324 Y30.377 E17.67939
G1 X255.185 Y30.377 E.05228
G1 X48.427 Y237.135 E17.75332
G1 X48.427 Y237.995 E.05222
G1 X256.045 Y30.377 E17.82716
G1 X256.906 Y30.377 E.05228
G1 X48.427 Y238.856 E17.90109
G1 X48.427 Y239.716 E.05222
G1 X257.766 Y30.377 E17.97494
G1 X258.627 Y30.377 E.05228
G1 X48.427 Y240.577 E18.04887
G1 X48.427 Y241.437 E.05222
G1 X259.487 Y30.377 E18.12271
G1 X260.348 Y30.377 E.05228
G1 X48.427 Y242.298 E18.19664
G1 X48.427 Y243.158 E.05222
G1 X261.208 Y30.377 E18.27049
G1 X262.069 Y30.377 E.05228
G1 X48.427 Y244.019 E18.34442
G1 X48.427 Y244.88 E.05228
G1 X262.93 Y30.377 E18.41835
G1 X263.79 Y30.377 E.05222
G1 X48.427 Y245.74 E18.49219
G1 X48.427 Y246.601 E.05228
G1 X264.651 Y30.377 E18.56612
G1 X265.511 Y30.377 E.05222
G1 X48.427 Y247.461 E18.63996
G1 X48.427 Y248.322 E.05228
G1 X266.372 Y30.377 E18.71389
G1 X267.232 Y30.377 E.05222
G1 X48.427 Y249.182 E18.78774
G1 X48.427 Y250.043 E.05228
G1 X268.093 Y30.377 E18.86167
G1 X268.953 Y30.377 E.05222
G1 X48.427 Y250.903 E18.93551
G1 X48.427 Y251.764 E.05228
G1 X269.814 Y30.377 E19.00944
G1 X270.674 Y30.377 E.05222
G1 X48.427 Y252.624 E19.08329
G1 X48.427 Y253.485 E.05228
G1 X271.535 Y30.377 E19.15722
G1 X272.396 Y30.377 E.05228
G1 X48.427 Y254.345 E19.2311
G1 X48.427 Y255.206 E.05228
G1 X273.256 Y30.377 E19.30499
G1 X274.117 Y30.377 E.05228
G1 X48.427 Y256.067 E19.37892
G1 X48.427 Y256.927 E.05222
G1 X274.977 Y30.377 E19.45277
G1 X275.838 Y30.377 E.05228
G1 X48.427 Y257.788 E19.5267
G1 X48.427 Y258.648 E.05222
G1 X276.698 Y30.377 E19.60054
G1 X277.559 Y30.377 E.05228
G1 X48.427 Y259.509 E19.67447
G1 X48.427 Y260.369 E.05222
G1 X278.419 Y30.377 E19.74831
G1 X279.28 Y30.377 E.05228
G1 X48.427 Y261.23 E19.82224
G1 X48.427 Y262.09 E.05222
G1 X280.14 Y30.377 E19.89609
G1 X281.001 Y30.377 E.05228
G1 X48.427 Y262.951 E19.97002
G1 X48.427 Y263.811 E.05222
G1 X281.862 Y30.377 E20.0439
G1 X282.722 Y30.377 E.05222
G1 X48.427 Y264.672 E20.11779
G1 X48.427 Y265.533 E.05228
G1 X283.583 Y30.377 E20.19172
G1 X284.443 Y30.377 E.05222
G1 X48.427 Y266.393 E20.26557
G1 X48.427 Y267.254 E.05228
G1 X285.304 Y30.377 E20.3395
G1 X286.164 Y30.377 E.05222
G1 X48.427 Y268.114 E20.41334
G1 X48.427 Y268.975 E.05228
G1 X287.025 Y30.377 E20.48727
G1 X287.885 Y30.377 E.05222
G1 X48.427 Y269.835 E20.56111
G1 X48.427 Y270.696 E.05228
G1 X288.746 Y30.377 E20.63504
G1 X289.606 Y30.377 E.05222
G1 X48.427 Y271.556 E20.70889
G1 X48.427 Y272.417 E.05228
G1 X290.467 Y30.377 E20.78282
G1 X291.327 Y30.377 E.05222
G1 X48.427 Y273.277 E20.85666
G1 X48.427 Y274.138 E.05228
G1 X292.188 Y30.377 E20.93059
G1 X293.049 Y30.377 E.05228
G1 X48.427 Y274.998 E21.00448
G1 X48.427 Y275.859 E.05228
G1 X293.909 Y30.377 E21.07837
G1 X294.77 Y30.377 E.05228
G1 X48.427 Y276.72 E21.1523
G1 X48.427 Y277.58 E.05222
G1 X295.63 Y30.377 E21.22614
G1 X296.491 Y30.377 E.05228
G1 X48.427 Y278.441 E21.30007
G1 X48.427 Y279.301 E.05222
G1 X297.351 Y30.377 E21.37391
G1 X298.212 Y30.377 E.05228
G1 X48.427 Y280.162 E21.44784
G1 X48.427 Y281.022 E.05222
G1 X299.072 Y30.377 E21.52169
G1 X299.933 Y30.377 E.05228
G1 X48.427 Y281.883 E21.59562
G1 X48.427 Y282.743 E.05222
G1 X300.793 Y30.377 E21.66946
G1 X301.654 Y30.377 E.05228
G1 X48.427 Y283.604 E21.74339
G1 X48.427 Y284.464 E.05222
G1 X302.515 Y30.377 E21.81728
G1 X303.375 Y30.377 E.05222
G1 X48.427 Y285.325 E21.89117
G1 X48.427 Y286.186 E.05228
G1 X304.236 Y30.377 E21.9651
G1 X305.096 Y30.377 E.05222
G1 X48.427 Y287.046 E22.03894
G1 X48.427 Y287.907 E.05228
G1 X305.957 Y30.377 E22.11287
G1 X306.817 Y30.377 E.05222
G1 X48.427 Y288.767 E22.18671
G1 X48.427 Y289.628 E.05228
G1 X307.678 Y30.377 E22.26064
G1 X308.538 Y30.377 E.05222
G1 X48.427 Y290.488 E22.33449
G1 X48.427 Y291.349 E.05228
G1 X309.399 Y30.377 E22.40842
G1 X310.259 Y30.377 E.05222
G1 X48.427 Y292.209 E22.48226
G1 X48.427 Y293.07 E.05228
G1 X311.12 Y30.377 E22.55619
G1 X311.98 Y30.377 E.05222
G1 X48.427 Y293.93 E22.63004
G1 X48.427 Y294.791 E.05228
G1 X312.841 Y30.377 E22.70397
G1 X313.702 Y30.377 E.05228
G1 X48.427 Y295.651 E22.77785
G1 X48.427 Y296.512 E.05228
G1 X314.562 Y30.377 E22.85174
G1 X315.423 Y30.377 E.05228
G1 X48.427 Y297.373 E22.92567
G1 X48.427 Y298.233 E.05222
G1 X316.283 Y30.377 E22.99951
G1 X317.144 Y30.377 E.05228
G1 X48.427 Y299.094 E23.07344
G1 X48.427 Y299.954 E.05222
G1 X318.004 Y30.377 E23.14729
G1 X318.865 Y30.377 E.05228
G1 X48.427 Y300.815 E23.22122
G1 X48.427 Y301.675 E.05222
G1 X319.725 Y30.377 E23.29506
G1 X320.586 Y30.377 E.05228
G1 X48.427 Y302.536 E23.36899
G1 X48.427 Y303.396 E.05222
G1 X321.446 Y30.377 E23.44284
G1 X322.307 Y30.377 E.05228
G1 X48.427 Y304.257 E23.51677
G1 X48.427 Y305.117 E.05222
G1 X323.168 Y30.377 E23.59065
G1 X324.028 Y30.377 E.05222
G1 X48.427 Y305.978 E23.66454
G1 X48.427 Y306.839 E.05228
G1 X324.889 Y30.377 E23.73847
G1 X325.749 Y30.377 E.05222
G1 X48.427 Y307.699 E23.81231
G1 X48.427 Y308.56 E.05228
G1 X326.61 Y30.377 E23.88624
G1 X327.47 Y30.377 E.05222
G1 X48.427 Y309.42 E23.96009
G1 X48.427 Y310.281 E.05228
G1 X328.331 Y30.377 E24.03402
G1 X329.191 Y30.377 E.05222
G1 X48.427 Y311.141 E24.10786
G1 X48.427 Y312.002 E.05228
G1 X330.052 Y30.377 E24.18179
G1 X330.912 Y30.377 E.05222
G1 X48.427 Y312.862 E24.25564
G1 X48.427 Y313.723 E.05228
G1 X331.773 Y30.377 E24.32957
G1 X332.633 Y30.377 E.05222
G1 X48.427 Y314.583 E24.40341
G1 X48.427 Y315.444 E.05228
G1 X333.494 Y30.377 E24.47734
G1 X334.355 Y30.377 E.05228
G1 X48.427 Y316.304 E24.55123
G1 X48.427 Y317.165 E.05228
G1 X335.215 Y30.377 E24.62511
G1 X336.076 Y30.377 E.05228
G1 X48.427 Y318.026 E24.69904
G1 X48.427 Y318.886 E.05222
G1 X336.936 Y30.377 E24.77289
G1 X337.797 Y30.377 E.05228
G1 X48.427 Y319.747 E24.84682
G1 X48.427 Y320.607 E.05222
G1 X338.657 Y30.377 E24.92066
G1 X339.518 Y30.377 E.05228
G1 X48.427 Y321.468 E24.99459
G1 X48.427 Y322.328 E.05222
G1 X340.378 Y30.377 E25.06844
G1 X341.239 Y30.377 E.05228
G1 X48.427 Y323.189 E25.14237
G1 X48.427 Y324.049 E.05222
G1 X342.099 Y30.377 E25.21621
G1 X342.96 Y30.377 E.05228
G1 X48.427 Y324.91 E25.29014
G1 X48.427 Y325.77 E.05222
G1 X343.821 Y30.377 E25.36403
G1 X344.681 Y30.377 E.05222
G1 X48.427 Y326.631 E25.43791
G1 X48.427 Y327.492 E.05228
G1 X345.542 Y30.377 E25.51184
G1 X346.402 Y30.377 E.05222
G1 X48.427 Y328.352 E25.58569
G1 X48.427 Y329.213 E.05228
G1 X347.263 Y30.377 E25.65962
G1 X348.123 Y30.377 E.05222
G1 X48.427 Y330.073 E25.73346
G1 X48.427 Y330.934 E.05228
G1 X348.984 Y30.377 E25.80739
G1 X349.844 Y30.377 E.05222
G1 X48.427 Y331.794 E25.88124
G1 X48.427 Y332.655 E.05228
G1 X350.705 Y30.377 E25.95517
G1 X351.557 Y30.386 E.05173
G1 X48.427 Y333.515 E26.02828
G1 X48.427 Y334.376 E.05228
G1 X352.295 Y30.507 E26.09173
G1 X351.839 Y31.644 F9000
;WIDTH:0.561504
G1 F2400
G1 X351.794 Y31.599 E.00324
G1 X351.732 Y31.615 E.00326
G1 X351.716 Y31.677 E.00326
G1 X351.761 Y31.722 E.00324
G1 X351.823 Y31.705 E.00327
;WIDTH:0.610752
G1 X351.698 Y31.898 E.01283
;WIDTH:0.659999
G1 X351.573 Y32.091 E.01396
G1 X48.427 Y335.236 E26.02965
G1 X48.427 Y336.097 E.05228
G1 X351.573 Y32.951 E26.0297
G1 X351.573 Y33.812 E.05228
G1 X48.427 Y336.957 E26.02965
G1 X48.427 Y337.818 E.05228
G1 X351.573 Y34.672 E26.0297
G1 X351.573 Y35.533 E.05228
G1 X48.427 Y338.679 E26.0297
G1 X48.427 Y339.539 E.05222
G1 X351.573 Y36.393 E26.0297
G1 X351.573 Y37.254 E.05228
G1 X48.427 Y340.4 E26.0297
G1 X48.427 Y341.26 E.05222
G1 X351.573 Y38.114 E26.0297
G1 X351.573 Y38.975 E.05228
G1 X48.427 Y342.121 E26.0297
G1 X48.427 Y342.981 E.05222
G1 X351.573 Y39.835 E26.0297
G1 X351.573 Y40.696 E.05228
G1 X48.427 Y343.842 E26.0297
G1 X48.427 Y344.702 E.05222
G1 X351.573 Y41.557 E26.02965
G1 X351.573 Y42.417 E.05222
G1 X48.427 Y345.563 E26.0297
G1 X48.427 Y346.423 E.05222
G1 X351.573 Y43.278 E26.02965
G1 X351.573 Y44.138 E.05222
G1 X48.427 Y347.284 E26.0297
G1 X48.427 Y348.145 E.05228
G1 X351.573 Y44.999 E26.0297
G1 X351.573 Y45.859 E.05222
G1 X48.427 Y349.005 E26.0297
G1 X48.427 Y349.866 E.05228
G1 X351.573 Y46.72 E26.0297
G1 X351.573 Y47.58 E.05222
G1 X48.427 Y350.726 E26.0297
G1 X48.427 Y351.587 E.05228
G1 X351.573 Y48.441 E26.0297
G1 X351.573 Y49.301 E.05222
G1 X48.427 Y352.447 E26.0297
G1 X48.427 Y353.308 E.05228
G1 X351.573 Y50.162 E26.0297
G1 X351.573 Y51.022 E.05222
G1 X48.427 Y354.168 E26.0297
G1 X48.427 Y355.029 E.05228
G1 X351.573 Y51.883 E26.0297
G1 X351.573 Y52.744 E.05228
G1 X48.427 Y355.889 E26.02965
G1 X48.427 Y356.75 E.05228
G1 X351.573 Y53.604 E26.0297
G1 X351.573 Y54.465 E.05228
G1 X48.427 Y357.61 E26.02965
G1 X48.427 Y358.471 E.05228
G1 X351.573 Y55.325 E26.0297
G1 X351.573 Y56.186 E.05228
G1 X48.427 Y359.332 E26.0297
G1 X48.427 Y360.192 E.05222
G1 X351.573 Y57.046 E26.0297
G1 X351.573 Y57.907 E.05228
G1 X48.427 Y361.053 E26.0297
G1 X48.427 Y361.913 E.05222
G1 X351.573 Y58.767 E26.0297
G1 X351.573 Y59.628 E.05228
G1 X48.427 Y362.774 E26.0297
G1 X48.427 Y363.634 E.05222
G1 X351.573 Y60.488 E26.0297
G1 X351.573 Y61.349 E.05228
G1 X48.427 Y364.495 E26.0297
G1 X48.427 Y365.355 E.05222
G1 X351.573 Y62.21 E26.02965
G1 X351.573 Y63.07 E.05222
G1 X48.427 Y366.216 E26.0297
G1 X48.346 Y367.694 F9000
;WIDTH:0.561504
G1 F2400
G1 X48.284 Y367.711 E.00327
G1 X48.239 Y367.666 E.00324
G1 X48.256 Y367.604 E.00327
G1 X48.317 Y367.588 E.00321
G1 X48.362 Y367.633 E.00324
;WIDTH:0.610752
G1 X48.395 Y367.355 E.01562
;WIDTH:0.659999
G1 X48.427 Y367.076 E.01705
G1 X351.573 Y63.931 E26.02965
G1 X351.573 Y64.791 E.05222
G1 X48.841 Y367.523 E25.99415
G1 X49.702 Y367.523 E.05228
G1 X351.573 Y65.652 E25.92022
G1 X351.573 Y66.512 E.05222
G1 X50.562 Y367.523 E25.84638
G1 X51.423 Y367.523 E.05228
G1 X351.573 Y67.373 E25.77245
G1 X351.573 Y68.233 E.05222
G1 X52.283 Y367.523 E25.6986
G1 X53.144 Y367.523 E.05228
G1 X351.573 Y69.094 E25.62467
G1 X351.573 Y69.954 E.05222
G1 X54.004 Y367.523 E25.55083
G1 X54.865 Y367.523 E.05228
G1 X351.573 Y70.815 E25.4769
G1 X351.573 Y71.675 E.05222
G1 X55.725 Y367.523 E25.40305
G1 X56.586 Y367.523 E.05228
G1 X351.573 Y72.536 E25.32912
G1 X351.573 Y73.397 E.05228
G1 X57.403 Y367.566 E25.25893
G1 X57.967 Y367.863 E.0387
G1 X351.573 Y74.257 E25.21054
G1 X351.573 Y75.118 E.05228
G1 X58.322 Y368.368 E25.18002
G1 X58.427 Y369.124 E.04634
G1 X351.573 Y75.978 E25.17105
G1 X351.573 Y76.839 E.05228
G1 X58.789 Y369.623 E25.13996
G1 X58.574 Y369.68 E.0135
;WIDTH:0.610752
G1 X58.358 Y369.737 E.01247
;WIDTH:0.561504
G1 X58.313 Y369.692 E.00324
G1 X58.252 Y369.708 E.00321
G1 X58.235 Y369.77 E.00327
G1 X58.28 Y369.815 E.00324
G1 X58.342 Y369.798 E.00327
G1 X59.649 Y369.623 F9000
;WIDTH:0.659999
G1 F2400
G1 X351.573 Y77.699 E25.06612
G1 X351.573 Y78.56 E.05228
G1 X60.51 Y369.623 E24.99219
G1 X61.37 Y369.623 E.05222
G1 X351.573 Y79.42 E24.91834
G1 X351.573 Y80.281 E.05228
G1 X62.231 Y369.623 E24.84441
G1 X63.091 Y369.623 E.05222
G1 X351.573 Y81.141 E24.77057
G1 X351.573 Y82.002 E.05228
G1 X63.952 Y369.623 E24.69664
G1 X64.812 Y369.623 E.05222
G1 X351.573 Y82.863 E24.62275
G1 X351.573 Y83.723 E.05222
G1 X65.673 Y369.623 E24.54887
G1 X66.534 Y369.623 E.05228
G1 X351.573 Y84.584 E24.47494
G1 X351.573 Y85.444 E.05222
G1 X67.394 Y369.623 E24.40109
G1 X68.255 Y369.623 E.05228
G1 X351.573 Y86.305 E24.32716
G1 X351.573 Y87.165 E.05222
G1 X69.115 Y369.623 E24.25332
G1 X69.976 Y369.623 E.05228
G1 X351.573 Y88.026 E24.17939
G1 X351.573 Y88.886 E.05222
G1 X70.836 Y369.623 E24.10554
G1 X71.697 Y369.623 E.05228
G1 X351.573 Y89.747 E24.03161
G1 X351.573 Y90.607 E.05222
G1 X72.557 Y369.623 E23.95777
G1 X73.418 Y369.623 E.05228
G1 X351.573 Y91.468 E23.88384
G1 X351.573 Y92.328 E.05222
G1 X74.278 Y369.623 E23.81
G1 X75.139 Y369.623 E.05228
G1 X351.573 Y93.189 E23.73607
G1 X351.573 Y94.05 E.05228
G1 X75.999 Y369.623 E23.66218
G1 X76.86 Y369.623 E.05228
G1 X351.573 Y94.91 E23.58829
G1 X351.573 Y95.771 E.05228
G1 X77.721 Y369.623 E23.51436
G1 X78.581 Y369.623 E.05222
G1 X351.573 Y96.631 E23.44052
G1 X351.573 Y97.492 E.05228
G1 X79.442 Y369.623 E23.36659
G1 X80.302 Y369.623 E.05222
G1 X351.573 Y98.352 E23.29274
G1 X351.573 Y99.213 E.05228
G1 X81.163 Y369.623 E23.21881
G1 X82.023 Y369.623 E.05222
G1 X351.573 Y100.073 E23.14497
G1 X351.573 Y100.934 E.05228
G1 X82.884 Y369.623 E23.07104
G1 X83.744 Y369.623 E.05222
G1 X351.573 Y101.794 E22.9972
G1 X351.573 Y102.655 E.05228
G1 X84.605 Y369.623 E22.92327
G1 X85.465 Y369.623 E.05222
G1 X351.573 Y103.516 E22.84938
G1 X351.573 Y104.376 E.05222
G1 X86.326 Y369.623 E22.77549
G1 X87.187 Y369.623 E.05228
G1 X351.573 Y105.237 E22.70156
G1 X351.573 Y106.097 E.05222
G1 X88.047 Y369.623 E22.62772
G1 X88.908 Y369.623 E.05228
G1 X351.573 Y106.958 E22.55379
G1 X351.573 Y107.818 E.05222
G1 X89.768 Y369.623 E22.47994
G1 X90.629 Y369.623 E.05228
G1 X351.573 Y108.679 E22.40601
G1 X351.573 Y109.539 E.05222
G1 X91.489 Y369.623 E22.33217
G1 X92.35 Y369.623 E.05228
G1 X351.573 Y110.4 E22.25824
G1 X351.573 Y111.26 E.05222
G1 X93.21 Y369.623 E22.1844
G1 X94.071 Y369.623 E.05228
G1 X351.573 Y112.121 E22.11047
G1 X351.573 Y112.981 E.05222
G1 X94.931 Y369.623 E22.03662
G1 X95.792 Y369.623 E.05228
G1 X351.573 Y113.842 E21.96269
G1 X351.573 Y114.703 E.05228
G1 X96.652 Y369.623 E21.8888
G1 X97.513 Y369.623 E.05228
G1 X351.573 Y115.563 E21.81492
G1 X351.573 Y116.424 E.05228
G1 X98.374 Y369.623 E21.74099
G1 X99.234 Y369.623 E.05222
G1 X351.573 Y117.284 E21.66714
G1 X351.573 Y118.145 E.05228
G1 X100.095 Y369.623 E21.59321
G1 X100.955 Y369.623 E.05222
G1 X351.573 Y119.005 E21.51937
G1 X351.573 Y119.866 E.05228
G1 X101.816 Y369.623 E21.44544
G1 X102.676 Y369.623 E.05222
G1 X351.573 Y120.726 E21.3716
G1 X351.573 Y121.587 E.05228
G1 X103.537 Y369.623 E21.29767
G1 X104.397 Y369.623 E.05222
G1 X351.573 Y122.447 E21.22382
G1 X351.573 Y123.308 E.05228
G1 X105.258 Y369.623 E21.14989
G1 X106.118 Y369.623 E.05222
G1 X351.573 Y124.169 E21.076
G1 X351.573 Y125.029 E.05222
G1 X106.979 Y369.623 E21.00212
G1 X107.84 Y369.623 E.05228
G1 X351.573 Y125.89 E20.92819
G1 X351.573 Y126.75 E.05222
G1 X108.7 Y369.623 E20.85434
G1 X109.561 Y369.623 E.05228
G1 X351.573 Y127.611 E20.78041
G1 X351.573 Y128.471 E.05222
G1 X110.421 Y369.623 E20.70657
G1 X111.282 Y369.623 E.05228
G1 X351.573 Y129.332 E20.63264
G1 X351.573 Y130.192 E.05222
G1 X112.142 Y369.623 E20.55879
G1 X113.003 Y369.623 E.05228
G1 X351.573 Y131.053 E20.48487
G1 X351.573 Y131.913 E.05222
G1 X113.863 Y369.623 E20.41102
G1 X114.724 Y369.623 E.05228
G1 X351.573 Y132.774 E20.33709
G1 X351.573 Y133.634 E.05222
G1 X115.584 Y369.623 E20.26325
G1 X116.445 Y369.623 E.05228
G1 X351.573 Y134.495 E20.18932
G1 X351.573 Y135.356 E.05228
G1 X117.305 Y369.623 E20.11543
G1 X118.166 Y369.623 E.05228
G1 X351.573 Y136.216 E20.04154
G1 X351.573 Y137.077 E.05228
G1 X119.027 Y369.623 E19.96761
G1 X119.887 Y369.623 E.05222
G1 X351.573 Y137.937 E19.89377
G1 X351.573 Y138.798 E.05228
G1 X120.748 Y369.623 E19.81984
G1 X121.608 Y369.623 E.05222
G1 X351.573 Y139.658 E19.74599
G1 X351.573 Y140.519 E.05228
G1 X122.469 Y369.623 E19.67206
G1 X123.329 Y369.623 E.05222
G1 X351.573 Y141.379 E19.59822
G1 X351.573 Y142.24 E.05228
G1 X124.19 Y369.623 E19.52429
G1 X125.05 Y369.623 E.05222
G1 X351.573 Y143.1 E19.45045
G1 X351.573 Y143.961 E.05228
G1 X125.911 Y369.623 E19.37652
G1 X126.771 Y369.623 E.05222
G1 X351.573 Y144.822 E19.30263
G1 X351.573 Y145.682 E.05222
G1 X127.632 Y369.623 E19.22874
G1 X128.493 Y369.623 E.05228
G1 X351.573 Y146.543 E19.15481
G1 X351.573 Y147.403 E.05222
G1 X129.353 Y369.623 E19.08097
G1 X130.214 Y369.623 E.05228
G1 X351.573 Y148.264 E19.00704
G1 X351.573 Y149.124 E.05222
G1 X131.074 Y369.623 E18.93319
G1 X131.935 Y369.623 E.05228
G1 X351.573 Y149.985 E18.85926
G1 X351.573 Y150.845 E.05222
G1 X132.795 Y369.623 E18.78542
G1 X133.656 Y369.623 E.05228
G1 X351.573 Y151.706 E18.71149
G1 X351.573 Y152.566 E.05222
G1 X134.516 Y369.623 E18.63765
G1 X135.377 Y369.623 E.05228
G1 X351.573 Y153.427 E18.56372
G1 X351.573 Y154.287 E.05222
G1 X136.237 Y369.623 E18.48987
G1 X137.098 Y369.623 E.05228
G1 X351.573 Y155.148 E18.41594
G1 X351.573 Y156.009 E.05228
G1 X137.959 Y369.623 E18.34201
G1 X138.819 Y369.623 E.05222
G1 X351.573 Y156.869 E18.26817
G1 X351.573 Y157.73 E.05228
G1 X139.68 Y369.623 E18.19424
G1 X140.54 Y369.623 E.05222
G1 X351.573 Y158.59 E18.12039
G1 X351.573 Y159.451 E.05228
G1 X141.401 Y369.623 E18.04646
G1 X142.261 Y369.623 E.05222
G1 X351.573 Y160.311 E17.97262
G1 X351.573 Y161.172 E.05228
G1 X143.122 Y369.623 E17.89869
G1 X143.982 Y369.623 E.05222
G1 X351.573 Y162.032 E17.82485
G1 X351.573 Y162.893 E.05228
G1 X144.843 Y369.623 E17.75092
G1 X145.703 Y369.623 E.05222
G1 X351.573 Y163.753 E17.67707
G1 X351.573 Y164.614 E.05228
G1 X146.564 Y369.623 E17.60314
G1 X147.424 Y369.623 E.05222
G1 X351.573 Y165.475 E17.52926
G1 X351.573 Y166.335 E.05222
G1 X148.285 Y369.623 E17.45537
G1 X149.146 Y369.623 E.05228
G1 X351.573 Y167.196 E17.38144
G1 X351.573 Y168.056 E.05222
G1 X150.006 Y369.623 E17.30759
G1 X150.867 Y369.623 E.05228
G1 X351.573 Y168.917 E17.23366
G1 X351.573 Y169.777 E.05222
G1 X151.727 Y369.623 E17.15982
G1 X152.588 Y369.623 E.05228
G1 X351.573 Y170.638 E17.08589
G1 X351.573 Y171.498 E.05222
G1 X153.448 Y369.623 E17.01205
G1 X154.309 Y369.623 E.05228
G1 X351.573 Y172.359 E16.93812
G1 X351.573 Y173.219 E.05222
G1 X155.169 Y369.623 E16.86427
G1 X156.03 Y369.623 E.05228
G1 X351.573 Y174.08 E16.79034
G1 X351.573 Y174.94 E.05222
G1 X156.89 Y369.623 E16.7165
G1 X157.751 Y369.623 E.05228
G1 X351.573 Y175.801 E16.64257
G1 X351.573 Y176.662 E.05228
G1 X158.612 Y369.623 E16.56864
G1 X159.472 Y369.623 E.05222
G1 X351.573 Y177.522 E16.49479
G1 X351.573 Y178.383 E.05228
G1 X160.333 Y369.623 E16.42086
G1 X161.193 Y369.623 E.05222
G1 X351.573 Y179.243 E16.34702
G1 X351.573 Y180.104 E.05228
G1 X162.054 Y369.623 E16.27309
G1 X162.914 Y369.623 E.05222
G1 X351.573 Y180.964 E16.19925
G1 X351.573 Y181.825 E.05228
G1 X163.775 Y369.623 E16.12532
G1 X164.635 Y369.623 E.05222
G1 X351.573 Y182.685 E16.05147
G1 X351.573 Y183.546 E.05228
G1 X165.496 Y369.623 E15.97754
G1 X166.356 Y369.623 E.05222
G1 X351.573 Y184.406 E15.9037
G1 X351.573 Y185.267 E.05228
G1 X167.217 Y369.623 E15.82977
G1 X168.077 Y369.623 E.05222
G1 X351.573 Y186.128 E15.75588
G1 X351.573 Y186.988 E.05222
G1 X168.938 Y369.623 E15.68199
G1 X169.799 Y369.623 E.05228
G1 X351.573 Y187.849 E15.60806
G1 X351.573 Y188.709 E.05222
G1 X170.659 Y369.623 E15.53422
G1 X171.52 Y369.623 E.05228
G1 X351.573 Y189.57 E15.46029
G1 X351.573 Y190.43 E.05222
G1 X172.38 Y369.623 E15.38645
G1 X173.241 Y369.623 E.05228
G1 X351.573 Y191.291 E15.31252
G1 X351.573 Y192.151 E.05222
G1 X174.101 Y369.623 E15.23867
G1 X174.962 Y369.623 E.05228
G1 X351.573 Y193.012 E15.16474
G1 X351.573 Y193.872 E.05222
G1 X175.822 Y369.623 E15.0909
G1 X176.683 Y369.623 E.05228
G1 X351.573 Y194.733 E15.01697
G1 X351.573 Y195.593 E.05222
G1 X177.543 Y369.623 E14.94312
G1 X178.404 Y369.623 E.05228
G1 X351.573 Y196.454 E14.86919
G1 X351.573 Y197.315 E.05228
G1 X179.265 Y369.623 E14.79526
G1 X180.125 Y369.623 E.05222
G1 X351.573 Y198.175 E14.72142
G1 X351.573 Y199.036 E.05228
G1 X180.986 Y369.623 E14.64749
G1 X181.846 Y369.623 E.05222
G1 X351.573 Y199.896 E14.57365
G1 X351.573 Y200.757 E.05228
G1 X182.707 Y369.623 E14.49972
G1 X183.567 Y369.623 E.05222
G1 X351.573 Y201.617 E14.42587
G1 X351.573 Y202.478 E.05228
G1 X184.428 Y369.623 E14.35194
G1 X185.288 Y369.623 E.05222
G1 X351.573 Y203.338 E14.2781
G1 X351.573 Y204.199 E.05228
G1 X186.149 Y369.623 E14.20417
G1 X187.009 Y369.623 E.05222
G1 X351.573 Y205.059 E14.13032
G1 X351.573 Y205.92 E.05228
G1 X187.87 Y369.623 E14.05639
G1 X188.73 Y369.623 E.05222
G1 X351.573 Y206.781 E13.98251
G1 X351.573 Y207.641 E.05222
G1 X189.591 Y369.623 E13.90862
G1 X190.452 Y369.623 E.05228
G1 X351.573 Y208.502 E13.83469
G1 X351.573 Y209.362 E.05222
G1 X191.312 Y369.623 E13.76085
G1 X192.173 Y369.623 E.05228
G1 X351.573 Y210.223 E13.68692
G1 X351.573 Y211.083 E.05222
G1 X195.133 Y367.523 E13.43275
G1 X194.949 Y367.621 E.01266
;WIDTH:0.610752
G1 X194.764 Y367.72 E.01171
;WIDTH:0.561504
G1 X194.719 Y367.675 E.00324
G1 X194.658 Y367.691 E.00321
G1 X194.641 Y367.753 E.00327
G1 X194.686 Y367.798 E.00324
G1 X194.748 Y367.781 E.00327
G1 X195.994 Y367.523 F9000
;WIDTH:0.659999
G1 F2400
G1 X351.573 Y211.944 E13.35882
G1 X351.573 Y212.804 E.05222
G1 X196.854 Y367.523 E13.28498
G1 X197.715 Y367.523 E.05228
G1 X351.573 Y213.665 E13.21105
G1 X351.573 Y214.525 E.05222
G1 X198.575 Y367.523 E13.13721
G1 X199.436 Y367.523 E.05228
G1 X351.573 Y215.386 E13.06328
G1 X351.573 Y216.246 E.05222
G1 X200.296 Y367.523 E12.98943
G1 X201.157 Y367.523 E.05228
G1 X351.573 Y217.107 E12.9155
G1 X351.573 Y217.968 E.05228
G1 X202.018 Y367.523 E12.84157
G1 X202.878 Y367.523 E.05222
G1 X351.573 Y218.828 E12.76773
G1 X351.573 Y219.689 E.05228
G1 X203.739 Y367.523 E12.6938
G1 X204.599 Y367.523 E.05222
G1 X351.573 Y220.549 E12.61995
G1 X351.573 Y221.41 E.05228
G1 X205.416 Y367.567 E12.5498
G1 X205.975 Y367.869 E.03858
G1 X351.573 Y222.27 E12.50185
G1 X351.573 Y223.131 E.05228
G1 X206.326 Y368.377 E12.47162
G1 X206.343 Y369.797 F9000
;WIDTH:0.561504
G1 F2400
G1 X206.282 Y369.813 E.00321
G1 X206.237 Y369.768 E.00324
G1 X206.253 Y369.707 E.00321
G1 X206.315 Y369.69 E.00327
G1 X206.36 Y369.735 E.00324
;WIDTH:0.610752
G1 X206.393 Y369.436 E.01679
;WIDTH:0.659999
G1 X206.427 Y369.137 E.01827
G1 X351.573 Y223.991 E12.46299
G1 X351.573 Y224.852 E.05228
G1 X206.802 Y369.623 E12.43079
G1 X207.662 Y369.623 E.05222
G1 X351.573 Y225.712 E12.35695
G1 X351.573 Y226.573 E.05228
G1 X208.523 Y369.623 E12.28302
G1 X209.383 Y369.623 E.05222
G1 X351.573 Y227.434 E12.20913
G1 X351.573 Y228.294 E.05222
G1 X210.244 Y369.623 E12.13525
G1 X211.105 Y369.623 E.05228
G1 X351.573 Y229.155 E12.06132
G1 X351.573 Y230.015 E.05222
G1 X211.965 Y369.623 E11.98747
G1 X212.826 Y369.623 E.05228
G1 X351.573 Y230.876 E11.91354
G1 X351.573 Y231.736 E.05222
G1 X213.686 Y369.623 E11.8397
G1 X214.547 Y369.623 E.05228
G1 X351.573 Y232.597 E11.76577
G1 X351.573 Y233.457 E.05222
G1 X215.407 Y369.623 E11.69192
G1 X216.268 Y369.623 E.05228
G1 X351.573 Y234.318 E11.61799
G1 X351.573 Y235.178 E.05222
G1 X217.128 Y369.623 E11.54415
G1 X217.989 Y369.623 E.05228
G1 X351.573 Y236.039 E11.47022
G1 X351.573 Y236.899 E.05222
G1 X218.849 Y369.623 E11.39638
G1 X219.71 Y369.623 E.05228
G1 X351.573 Y237.76 E11.32245
G1 X351.573 Y238.621 E.05228
G1 X220.571 Y369.623 E11.24852
G1 X221.431 Y369.623 E.05222
G1 X351.573 Y239.481 E11.17467
G1 X351.573 Y240.342 E.05228
G1 X222.292 Y369.623 E11.10074
G1 X223.152 Y369.623 E.05222
G1 X351.573 Y241.202 E11.0269
G1 X351.573 Y242.063 E.05228
G1 X224.013 Y369.623 E10.95297
G1 X224.873 Y369.623 E.05222
G1 X351.573 Y242.923 E10.87912
G1 X351.573 Y243.784 E.05228
G1 X225.734 Y369.623 E10.80519
G1 X226.594 Y369.623 E.05222
G1 X351.573 Y244.644 E10.73135
G1 X351.573 Y245.505 E.05228
G1 X227.455 Y369.623 E10.65742
G1 X228.315 Y369.623 E.05222
G1 X351.573 Y246.365 E10.58358
G1 X351.573 Y247.226 E.05228
G1 X229.176 Y369.623 E10.50965
G1 X230.036 Y369.623 E.05222
G1 X351.573 Y248.087 E10.43576
G1 X351.573 Y248.947 E.05222
G1 X230.897 Y369.623 E10.36187
G1 X231.758 Y369.623 E.05228
G1 X351.573 Y249.808 E10.28794
G1 X351.573 Y250.668 E.05222
G1 X232.618 Y369.623 E10.2141
G1 X233.479 Y369.623 E.05228
G1 X351.573 Y251.529 E10.14017
G1 X351.573 Y252.389 E.05222
G1 X234.339 Y369.623 E10.06632
G1 X235.2 Y369.623 E.05228
G1 X351.573 Y253.25 E9.99239
G1 X351.573 Y254.11 E.05222
G1 X236.06 Y369.623 E9.91855
G1 X236.921 Y369.623 E.05228
G1 X351.573 Y254.971 E9.84462
G1 X351.573 Y255.831 E.05222
G1 X237.781 Y369.623 E9.77077
G1 X238.642 Y369.623 E.05228
G1 X351.573 Y256.692 E9.69684
G1 X351.573 Y257.552 E.05222
G1 X239.502 Y369.623 E9.623
G1 X240.363 Y369.623 E.05228
G1 X351.573 Y258.413 E9.54907
G1 X351.573 Y259.274 E.05228
G1 X241.224 Y369.623 E9.47514
G1 X242.084 Y369.623 E.05222
G1 X351.573 Y260.134 E9.4013
G1 X351.573 Y260.995 E.05228
G1 X242.945 Y369.623 E9.32737
G1 X243.805 Y369.623 E.05222
G1 X351.573 Y261.855 E9.25352
G1 X351.573 Y262.716 E.05228
G1 X244.666 Y369.623 E9.17959
G1 X245.526 Y369.623 E.05222
G1 X351.573 Y263.576 E9.10575
G1 X351.573 Y264.437 E.05228
G1 X246.387 Y369.623 E9.03182
G1 X247.247 Y369.623 E.05222
G1 X351.573 Y265.297 E8.95797
G1 X351.573 Y266.158 E.05228
G1 X248.108 Y369.623 E8.88404
G1 X248.968 Y369.623 E.05222
G1 X351.573 Y267.018 E8.8102
G1 X351.573 Y267.879 E.05228
G1 X249.829 Y369.623 E8.73627
G1 X250.69 Y369.623 E.05228
G1 X351.573 Y268.74 E8.66234
G1 X351.573 Y269.6 E.05222
G1 X251.55 Y369.623 E8.5885
G1 X252.411 Y369.623 E.05228
G1 X351.573 Y270.461 E8.51457
G1 X351.573 Y271.321 E.05222
G1 X253.271 Y369.623 E8.44072
G1 X254.132 Y369.623 E.05228
G1 X351.573 Y272.182 E8.36679
G1 X351.573 Y273.042 E.05222
G1 X254.992 Y369.623 E8.29295
G1 X255.853 Y369.623 E.05228
G1 X351.573 Y273.903 E8.21902
G1 X351.573 Y274.763 E.05222
G1 X256.713 Y369.623 E8.14517
G1 X257.574 Y369.623 E.05228
G1 X351.573 Y275.624 E8.07124
G1 X351.573 Y276.484 E.05222
G1 X258.434 Y369.623 E7.9974
G1 X259.295 Y369.623 E.05228
G1 X351.573 Y277.345 E7.92347
G1 X351.573 Y278.206 E.05228
G1 X260.155 Y369.623 E7.84958
G1 X261.016 Y369.623 E.05228
G1 X351.573 Y279.066 E7.7757
G1 X351.573 Y279.927 E.05228
G1 X261.877 Y369.623 E7.70177
G1 X262.737 Y369.623 E.05222
G1 X351.573 Y280.787 E7.62792
G1 X351.573 Y281.648 E.05228
G1 X263.598 Y369.623 E7.55399
G1 X264.458 Y369.623 E.05222
G1 X351.573 Y282.508 E7.48015
G1 X351.573 Y283.369 E.05228
G1 X265.319 Y369.623 E7.40622
G1 X266.179 Y369.623 E.05222
G1 X351.573 Y284.229 E7.33237
G1 X351.573 Y285.09 E.05228
G1 X267.04 Y369.623 E7.25844
G1 X267.9 Y369.623 E.05222
G1 X351.573 Y285.95 E7.1846
G1 X351.573 Y286.811 E.05228
G1 X268.761 Y369.623 E7.11067
G1 X269.621 Y369.623 E.05222
G1 X351.573 Y287.671 E7.03683
G1 X351.573 Y288.532 E.05228
G1 X270.482 Y369.623 E6.9629
G1 X271.343 Y369.623 E.05228
G1 X351.573 Y289.393 E6.88897
G1 X351.573 Y290.253 E.05222
G1 X272.203 Y369.623 E6.81512
G1 X273.064 Y369.623 E.05228
G1 X351.573 Y291.114 E6.74119
G1 X351.573 Y291.974 E.05222
G1 X273.924 Y369.623 E6.66735
G1 X274.785 Y369.623 E.05228
G1 X351.573 Y292.835 E6.59342
G1 X351.573 Y293.695 E.05222
G1 X275.645 Y369.623 E6.51957
G1 X276.506 Y369.623 E.05228
G1 X351.573 Y294.556 E6.44564
G1 X351.573 Y295.416 E.05222
G1 X277.366 Y369.623 E6.3718
G1 X278.227 Y369.623 E.05228
G1 X351.573 Y296.277 E6.29787
G1 X351.573 Y297.137 E.05222
G1 X279.087 Y369.623 E6.22403
G1 X279.948 Y369.623 E.05228
G1 X351.573 Y297.998 E6.1501
G1 X351.573 Y298.859 E.05228
G1 X280.808 Y369.623 E6.07621
G1 X281.669 Y369.623 E.05228
G1 X351.573 Y299.719 E6.00232
G1 X351.573 Y300.58 E.05228
G1 X282.53 Y369.623 E5.92839
G1 X283.39 Y369.623 E.05222
G1 X351.573 Y301.44 E5.85455
G1 X351.573 Y302.301 E.05228
G1 X284.251 Y369.623 E5.78062
G1 X285.111 Y369.623 E.05222
G1 X351.573 Y303.161 E5.70677
G1 X351.573 Y304.022 E.05228
G1 X285.972 Y369.623 E5.63284
G1 X286.832 Y369.623 E.05222
G1 X351.573 Y304.882 E5.559
G1 X351.573 Y305.743 E.05228
G1 X287.693 Y369.623 E5.48507
G1 X288.553 Y369.623 E.05222
G1 X351.573 Y306.603 E5.41123
G1 X351.573 Y307.464 E.05228
G1 X289.414 Y369.623 E5.3373
G1 X290.274 Y369.623 E.05222
G1 X351.573 Y308.324 E5.26345
G1 X351.573 Y309.185 E.05228
G1 X291.135 Y369.623 E5.18952
G1 X291.996 Y369.623 E.05228
G1 X351.573 Y310.046 E5.11559
G1 X351.573 Y310.906 E.05222
G1 X292.856 Y369.623 E5.04175
G1 X293.717 Y369.623 E.05228
G1 X351.573 Y311.767 E4.96782
G1 X351.573 Y312.627 E.05222
G1 X294.577 Y369.623 E4.89397
G1 X295.438 Y369.623 E.05228
G1 X351.573 Y313.488 E4.82004
G1 X351.573 Y314.348 E.05222
G1 X296.298 Y369.623 E4.7462
G1 X297.159 Y369.623 E.05228
G1 X351.573 Y315.209 E4.67227
G1 X351.573 Y316.069 E.05222
G1 X298.019 Y369.623 E4.59843
G1 X298.88 Y369.623 E.05228
G1 X351.573 Y316.93 E4.5245
G1 X351.573 Y317.79 E.05222
G1 X299.74 Y369.623 E4.45065
G1 X300.601 Y369.623 E.05228
G1 X351.573 Y318.651 E4.37672
G1 X351.573 Y319.512 E.05228
G1 X301.461 Y369.623 E4.30283
G1 X302.322 Y369.623 E.05228
G1 X351.573 Y320.372 E4.22895
G1 X351.573 Y321.233 E.05228
G1 X303.183 Y369.623 E4.15502
G1 X304.043 Y369.623 E.05222
G1 X351.573 Y322.093 E4.08117
G1 X351.573 Y322.954 E.05228
G1 X304.904 Y369.623 E4.00724
G1 X305.764 Y369.623 E.05222
G1 X351.573 Y323.814 E3.9334
G1 X351.573 Y324.675 E.05228
G1 X306.625 Y369.623 E3.85947
G1 X307.485 Y369.623 E.05222
G1 X351.573 Y325.535 E3.78563
G1 X351.573 Y326.396 E.05228
G1 X308.346 Y369.623 E3.7117
G1 X309.206 Y369.623 E.05222
G1 X351.573 Y327.256 E3.63785
G1 X351.573 Y328.117 E.05228
G1 X310.067 Y369.623 E3.56392
G1 X310.927 Y369.623 E.05222
G1 X351.573 Y328.977 E3.49008
G1 X351.573 Y329.838 E.05228
G1 X311.788 Y369.623 E3.41615
G1 X312.649 Y369.623 E.05228
G1 X351.573 Y330.699 E3.34222
G1 X351.573 Y331.559 E.05222
G1 X313.509 Y369.623 E3.26837
G1 X314.37 Y369.623 E.05228
G1 X351.573 Y332.42 E3.19444
G1 X351.573 Y333.28 E.05222
G1 X315.23 Y369.623 E3.1206
G1 X316.091 Y369.623 E.05228
G1 X351.573 Y334.141 E3.04667
G1 X351.573 Y335.001 E.05222
G1 X316.951 Y369.623 E2.97283
G1 X317.812 Y369.623 E.05228
G1 X351.573 Y335.862 E2.8989
G1 X351.573 Y336.722 E.05222
G1 X318.672 Y369.623 E2.82505
G1 X319.533 Y369.623 E.05228
G1 X351.573 Y337.583 E2.75112
G1 X351.573 Y338.443 E.05222
G1 X320.393 Y369.623 E2.67728
G1 X321.254 Y369.623 E.05228
G1 X351.573 Y339.304 E2.60335
G1 X351.573 Y340.165 E.05228
G1 X322.114 Y369.623 E2.52946
G1 X322.975 Y369.623 E.05228
G1 X351.573 Y341.025 E2.45557
G1 X351.573 Y341.886 E.05228
G1 X323.836 Y369.623 E2.38164
G1 X324.696 Y369.623 E.05222
G1 X351.573 Y342.746 E2.3078
G1 X351.573 Y343.607 E.05228
G1 X325.557 Y369.623 E2.23387
G1 X326.417 Y369.623 E.05222
G1 X351.573 Y344.467 E2.16003
G1 X351.573 Y345.328 E.05228
G1 X327.278 Y369.623 E2.0861
G1 X328.138 Y369.623 E.05222
G1 X351.573 Y346.188 E2.01225
G1 X351.573 Y347.049 E.05228
G1 X328.999 Y369.623 E1.93832
G1 X329.859 Y369.623 E.05222
G1 X351.573 Y347.909 E1.86448
G1 X351.573 Y348.77 E.05228
G1 X330.72 Y369.623 E1.79055
G1 X331.58 Y369.623 E.05222
G1 X351.573 Y349.63 E1.7167
G1 X351.573 Y350.491 E.05228
G1 X332.441 Y369.623 E1.64277
G1 X333.302 Y369.623 E.05228
G1 X351.573 Y351.352 E1.56884
G1 X351.573 Y352.212 E.05222
G1 X334.162 Y369.623 E1.495
G1 X335.023 Y369.623 E.05228
G1 X351.573 Y353.073 E1.42107
G1 X351.573 Y353.933 E.05222
G1 X335.883 Y369.623 E1.34723
G1 X336.744 Y369.623 E.05228
G1 X351.573 Y354.794 E1.2733
G1 X351.573 Y355.654 E.05222
G1 X337.604 Y369.623 E1.19945
G1 X338.465 Y369.623 E.05228
G1 X351.573 Y356.515 E1.12552
G1 X351.573 Y357.375 E.05222
G1 X339.325 Y369.623 E1.05168
G1 X339.997 Y369.928 E.04481
;WIDTH:0.561504
G1 X339.936 Y369.944 E.00321
G1 X339.891 Y369.899 E.00324
G1 X339.907 Y369.838 E.00321
G1 X339.969 Y369.821 E.00327
G1 X340.014 Y369.866 E.00324
;WIDTH:0.610752
G1 X340.1 Y369.745 E.00828
;WIDTH:0.659999
G1 X340.186 Y369.623 E.00906
G1 X351.573 Y358.236 E.97775
G1 X351.573 Y359.096 E.05222
G1 X343.146 Y367.523 E.72359
G1 X342.962 Y367.61 E.01236
;WIDTH:0.610752
G1 X342.778 Y367.698 E.01138
;WIDTH:0.561504
G1 X342.733 Y367.653 E.00324
G1 X342.671 Y367.669 E.00326
G1 X342.655 Y367.731 E.00326
G1 X342.7 Y367.776 E.00324
G1 X342.761 Y367.759 E.00322
G1 X344.007 Y367.523 F9000
;WIDTH:0.659999
G1 F2400
G1 X351.573 Y359.957 E.64966
G1 X351.573 Y360.818 E.05228
G1 X344.868 Y367.523 E.57573
G1 X345.728 Y367.523 E.05222
G1 X351.573 Y361.678 E.50188
G1 X351.573 Y362.539 E.05228
G1 X346.589 Y367.523 E.42795
G1 X347.449 Y367.523 E.05222
G1 X351.573 Y363.399 E.35411
G1 X351.573 Y364.26 E.05228
G1 X348.31 Y367.523 E.28018
G1 X349.17 Y367.523 E.05222
G1 X351.573 Y365.12 E.20633
G1 X351.573 Y365.981 E.05228
G1 X350.031 Y367.523 E.1324
G1 X351.41 Y366.93 F9000
;WIDTH:0.555403
G1 F2400
G1 X350.765 Y367.575 E.04586
G1 X351.625 Y367.575 E.04324
G1 X351.625 Y366.715 E.04324
G1 E-4.2 F3600
;WIPE_START
G1 F7200
G1 X351.625 Y367.575 E-.4085
G1 X350.765 Y367.575 E-.4085
G1 X351.41 Y366.93 E-.43328
;WIPE_END
G1 E-.54972 F3600
G1 X341.529 Y369.439 F9000
G1 E6 F2400
;WIDTH:0.968434
G1 X341.448 Y369.358 E.01048
G1 X341.338 Y369.388 E.01043
G1 X341.308 Y369.498 E.01043
G1 X341.389 Y369.579 E.01048
G1 X341.5 Y369.55 E.0105
G1 E-4.2 F3600
;WIPE_START
G1 F7200
G1 X341.389 Y369.579 E-.05449
G1 X341.308 Y369.498 E-.05441
G1 X341.338 Y369.388 E-.05416
G1 X341.448 Y369.358 E-.05416
G1 X341.529 Y369.439 E-.05441
;WIPE_END
G1 E-1.52837 F3600
G1 X193.732 Y368.846 F9000
G1 E6 F2400
;WIDTH:0.543134
G1 X193.731 Y369.681 E.04096
G1 X192.892 Y369.681 E.04116
G1 X193.515 Y369.06 E.04315
;LAYER_CHANGE
;Z:0.78
;HEIGHT:0.24
;BEFORE_LAYER_CHANGE
G92 E0
;0.78


G1 E-4.2 F3600
;WIPE_START
G1 F7200
G1 X192.892 Y369.681 E-.41783
G1 X193.731 Y369.681 E-.39852
G1 X193.732 Y368.846 E-.39663
;WIPE_END
G1 E-.58702 F3600
G1 Z.78 F9000
;AFTER_LAYER_CHANGE
;0.78
G1 X194.409 Y368.258
G1 E6 F2400
;TYPE:Perimeter
;WIDTH:0.659999
G1 X194.347 Y368.308 E.00484
G1 X194.185 Y368.6 E.02027
G1 X194.142 Y368.874 E.01684
G1 X194.142 Y370.092 E.07395
G1 X57.958 Y370.092 E8.26853
G1 X57.958 Y368.874 E.07395
G1 X57.914 Y368.596 E.01709
G1 X57.832 Y368.418 E.0119
G1 X57.677 Y368.228 E.01489
G1 X57.408 Y368.057 E.01935
G1 X57.076 Y367.992 E.02054
G1 X47.958 Y367.992 E.55361
G1 X47.958 Y31.974 E20.40163
G1 X47.923 Y31.727 E.01515
G1 X47.782 Y31.445 E.01914
G1 X47.491 Y31.195 E.02329
;WIDTH:0.707876
G1 X47.422 Y31.154 E.00526
;WIDTH:0.755752
G1 X47.353 Y31.113 E.00564
;WIDTH:0.803628
G1 X47.283 Y31.072 E.00609
;WIDTH:0.851505
G1 X47.214 Y31.03 E.00645
;WIDTH:0.899381
G1 X47.145 Y30.989 E.00679
;WIDTH:0.947257
G1 X47.076 Y30.948 E.00717
G1 X45.202 Y30.948 E.1675
G1 X45.202 Y30.052 E.08008
G1 X47.076 Y30.052 E.1675
G1 X47.199 Y30.028 E.0112
;WIDTH:0.899381
G1 X47.321 Y30.004 E.01052
;WIDTH:0.851505
G1 X47.444 Y29.98 E.01
;WIDTH:0.803628
G1 X47.567 Y29.956 E.0094
;WIDTH:0.755752
G1 X47.69 Y29.932 E.00881
;WIDTH:0.707876
G1 X47.813 Y29.908 E.00821
;WIDTH:0.659999
G1 X351.45 Y29.908 E18.43559
;WIDTH:0.68804
G1 X351.819 Y29.923 E.02346
;WIDTH:0.716081
G1 X352.187 Y29.937 E.02442
;WIDTH:0.764551
G1 X352.283 Y29.961 E.00704
;WIDTH:0.81302
G1 X352.379 Y29.985 E.00752
;WIDTH:0.861489
G1 X352.475 Y30.009 E.008
;WIDTH:0.909958
G1 X352.572 Y30.033 E.00856
;WIDTH:0.958427
G1 X352.668 Y30.058 E.00898
G1 X352.924 Y30.052 E.02317
;WIDTH:0.947257
G1 X354.798 Y30.052 E.1675
G1 X354.798 Y30.948 E.08008
G1 X352.757 Y30.948 E.18242
G1 X352.667 Y31.031 E.01094
;WIDTH:0.899381
G1 X352.577 Y31.113 E.0103
;WIDTH:0.851505
G1 X352.487 Y31.196 E.00977
;WIDTH:0.803628
G1 X352.398 Y31.279 E.00913
;WIDTH:0.755752
G1 X352.308 Y31.362 E.0086
;WIDTH:0.707876
G1 X352.218 Y31.445 E.00802
;WIDTH:0.659999
G1 X352.077 Y31.727 E.01914
G1 X352.042 Y31.974 E.01515
G1 X352.042 Y367.992 E20.40163
G1 X342.865 Y367.992 E.55719
G1 X342.517 Y368.091 E.02197
G1 X342.251 Y368.304 E.02069
G1 X342.086 Y368.596 E.02036
G1 X342.042 Y368.874 E.01709
G1 X342.042 Y370.092 E.07395
G1 X205.958 Y370.092 E8.26246
G1 X205.958 Y368.874 E.07395
G1 X205.915 Y368.6 E.01684
G1 X205.834 Y368.423 E.01182
G1 X205.681 Y368.232 E.01486
G1 X205.429 Y368.065 E.01836
G1 X205.081 Y367.992 E.02159
G1 X200 Y367.992 E.3085
G1 X194.968 Y367.992 E.30552
G1 X194.612 Y368.094 E.02248
G1 X194.479 Y368.201 E.01036
G1 X194.829 Y368.674 F9000
;TYPE:External perimeter
;WIDTH:0.629999
G1 F1500
G1 X194.802 Y368.689 E.00178
G1 X194.735 Y368.874 E.01136
G1 X194.735 Y370.685 E.10454
G1 X57.365 Y370.685 E7.92933
G1 X57.365 Y368.804 E.10858
G1 X57.253 Y368.645 E.01123
G1 X57.076 Y368.585 E.01079
G1 X47.365 Y368.585 E.56054
G1 X47.365 Y31.907 E19.43388
G1 X47.212 Y31.719 E.01399
G1 X47.076 Y31.685 E.00809
G1 X44.465 Y31.685 E.15071
G1 X44.465 Y29.315 E.1368
G1 X355.535 Y29.315 E17.95573
G1 X355.535 Y31.685 E.1368
G1 X352.881 Y31.685 E.1532
G1 X352.693 Y31.801 E.01275
G1 X352.635 Y31.974 E.01053
G1 X352.635 Y368.585 E19.43002
G1 X342.887 Y368.585 E.56268
G1 X342.704 Y368.687 E.01209
G1 X342.635 Y368.874 E.01151
G1 X342.635 Y370.685 E.10454
G1 X205.365 Y370.685 E7.92356
G1 X205.365 Y368.805 E.10852
G1 X205.254 Y368.647 E.01115
G1 X205.079 Y368.585 E.01072
G1 X194.986 Y368.585 E.58259
G1 X194.907 Y368.63 E.00525
G1 E-4.2 F3600
;WIPE_START
G1 F7200
G1 X194.829 Y368.674 E-.04254
G1 X194.802 Y368.689 E-.01467
G1 X194.735 Y368.874 E-.09346
G1 X194.735 Y370.685 E-.86022
G1 X193.074 Y370.685 E-.78911
;WIPE_END
G1 X48.476 Y367.358 F9000
G1 E6 F2400
;TYPE:Solid infill
;WIDTH:0.807638
G1 X48.41 Y367.425 E.0071
G1 X48.434 Y367.516 E.0071
G1 X48.525 Y367.54 E.0071
G1 X48.592 Y367.474 E.0071
G1 X48.568 Y367.382 E.00717
;WIDTH:0.659999
G1 X49.54 Y367.523 E.05963
G1 X48.427 Y366.41 E.09557
G1 X48.427 Y365.55 E.05222
G1 X50.4 Y367.523 E.16941
G1 X51.261 Y367.523 E.05228
G1 X48.427 Y364.689 E.24334
G1 X48.427 Y363.829 E.05222
G1 X52.121 Y367.523 E.31719
G1 X52.982 Y367.523 E.05228
G1 X48.427 Y362.968 E.39112
G1 X48.427 Y362.108 E.05222
G1 X53.842 Y367.523 E.46496
G1 X54.703 Y367.523 E.05228
G1 X48.427 Y361.247 E.53889
G1 X48.427 Y360.387 E.05222
G1 X55.563 Y367.523 E.61273
G1 X56.424 Y367.523 E.05228
G1 X48.427 Y359.526 E.68666
G1 E-4.2 F3600
;WIPE_START
G1 F7200
G1 X51.107 Y362.206 E-1.8
;WIPE_END
G1 X58.434 Y369.514 F9000
G1 E6 F2400
;WIDTH:0.716768
G1 X58.375 Y369.573 E.00554
G1 X58.397 Y369.653 E.00551
G1 X58.477 Y369.675 E.00551
G1 X58.536 Y369.616 E.00554
G1 X58.514 Y369.536 E.00551
;WIDTH:0.659999
G1 X59.385 Y369.623 E.05315
G1 X58.389 Y368.628 E.08548
G1 X58.112 Y368.198 E.03106
;WIDTH:0.561504
G1 X57.739 Y367.83 E.02666
;WIDTH:0.610752
G1 X57.524 Y367.688 E.01438
;WIDTH:0.659999
G1 X57.309 Y367.547 E.01561
G1 X48.427 Y358.665 E.76265
G1 X48.427 Y357.805 E.05222
G1 X60.245 Y369.623 E1.01476
G1 X61.106 Y369.623 E.05228
G1 X48.427 Y356.944 E1.08869
G1 X48.427 Y356.084 E.05222
G1 X61.966 Y369.623 E1.16253
G1 X62.827 Y369.623 E.05228
G1 X48.427 Y355.223 E1.23646
G1 X48.427 Y354.363 E.05222
G1 X63.687 Y369.623 E1.3103
G1 X64.548 Y369.623 E.05228
G1 X48.427 Y353.502 E1.38423
G1 X48.427 Y352.642 E.05222
G1 X65.408 Y369.623 E1.45808
G1 X66.269 Y369.623 E.05228
G1 X48.427 Y351.781 E1.53201
G1 X48.427 Y350.921 E.05222
G1 X67.129 Y369.623 E1.60585
G1 X67.99 Y369.623 E.05228
G1 X48.427 Y350.06 E1.67978
G1 X48.427 Y349.2 E.05222
G1 X68.85 Y369.623 E1.75363
G1 X69.711 Y369.623 E.05228
G1 X48.427 Y348.339 E1.82756
G1 X48.427 Y347.478 E.05228
G1 X70.572 Y369.623 E1.90149
G1 X71.432 Y369.623 E.05222
G1 X48.427 Y346.618 E1.97533
G1 X48.427 Y345.757 E.05228
G1 X72.293 Y369.623 E2.04926
G1 X73.153 Y369.623 E.05222
G1 X48.427 Y344.897 E2.1231
G1 X48.427 Y344.036 E.05228
G1 X74.014 Y369.623 E2.19703
G1 X74.874 Y369.623 E.05222
G1 X48.427 Y343.176 E2.27088
G1 X48.427 Y342.315 E.05228
G1 X75.735 Y369.623 E2.34481
G1 X76.595 Y369.623 E.05222
G1 X48.427 Y341.455 E2.41865
G1 X48.427 Y340.594 E.05228
G1 X77.456 Y369.623 E2.49258
G1 X78.316 Y369.623 E.05222
G1 X48.427 Y339.734 E2.56643
G1 X48.427 Y338.873 E.05228
G1 X79.177 Y369.623 E2.64036
G1 X80.038 Y369.623 E.05228
G1 X48.427 Y338.012 E2.71429
G1 X48.427 Y337.152 E.05222
G1 X80.898 Y369.623 E2.78813
G1 X81.759 Y369.623 E.05228
G1 X48.427 Y336.291 E2.86206
G1 X48.427 Y335.431 E.05222
G1 X82.619 Y369.623 E2.9359
G1 X83.48 Y369.623 E.05228
G1 X48.427 Y334.57 E3.00983
G1 X48.427 Y333.71 E.05222
G1 X84.34 Y369.623 E3.08368
G1 X85.201 Y369.623 E.05228
G1 X48.427 Y332.849 E3.15761
G1 X48.427 Y331.989 E.05222
G1 X86.061 Y369.623 E3.23145
G1 X86.922 Y369.623 E.05228
G1 X48.427 Y331.128 E3.30538
G1 X48.427 Y330.268 E.05222
G1 X87.782 Y369.623 E3.37923
G1 X88.643 Y369.623 E.05228
G1 X48.427 Y329.407 E3.45316
G1 X48.427 Y328.547 E.05222
G1 X89.503 Y369.623 E3.527
G1 X90.364 Y369.623 E.05228
G1 X48.427 Y327.686 E3.60093
G1 X48.427 Y326.825 E.05228
G1 X91.225 Y369.623 E3.67486
G1 X92.085 Y369.623 E.05222
G1 X48.427 Y325.965 E3.7487
G1 X48.427 Y325.104 E.05228
G1 X92.946 Y369.623 E3.82263
G1 X93.806 Y369.623 E.05222
G1 X48.427 Y324.244 E3.89648
G1 X48.427 Y323.383 E.05228
G1 X94.667 Y369.623 E3.97041
G1 X95.527 Y369.623 E.05222
G1 X48.427 Y322.523 E4.04425
G1 X48.427 Y321.662 E.05228
G1 X96.388 Y369.623 E4.11818
G1 X97.248 Y369.623 E.05222
G1 X48.427 Y320.802 E4.19203
G1 X48.427 Y319.941 E.05228
G1 X98.109 Y369.623 E4.26596
G1 X98.969 Y369.623 E.05222
G1 X48.427 Y319.081 E4.3398
G1 X48.427 Y318.22 E.05228
G1 X99.83 Y369.623 E4.41373
G1 X100.691 Y369.623 E.05228
G1 X48.427 Y317.359 E4.48766
G1 X48.427 Y316.499 E.05222
G1 X101.551 Y369.623 E4.5615
G1 X102.412 Y369.623 E.05228
G1 X48.427 Y315.638 E4.63543
G1 X48.427 Y314.778 E.05222
G1 X103.272 Y369.623 E4.70928
G1 X104.133 Y369.623 E.05228
G1 X48.427 Y313.917 E4.78321
G1 X48.427 Y313.057 E.05222
G1 X104.993 Y369.623 E4.85705
G1 X105.854 Y369.623 E.05228
G1 X48.427 Y312.196 E4.93098
G1 X48.427 Y311.336 E.05222
G1 X106.714 Y369.623 E5.00483
G1 X107.575 Y369.623 E.05228
G1 X48.427 Y310.475 E5.07876
G1 X48.427 Y309.615 E.05222
G1 X108.435 Y369.623 E5.1526
G1 X109.296 Y369.623 E.05228
G1 X48.427 Y308.754 E5.22653
G1 X48.427 Y307.894 E.05222
G1 X110.156 Y369.623 E5.30037
G1 X111.017 Y369.623 E.05228
G1 X48.427 Y307.033 E5.3743
G1 X48.427 Y306.172 E.05228
G1 X111.878 Y369.623 E5.44823
G1 X112.738 Y369.623 E.05222
G1 X48.427 Y305.312 E5.52208
G1 X48.427 Y304.451 E.05228
G1 X113.599 Y369.623 E5.59601
G1 X114.459 Y369.623 E.05222
G1 X48.427 Y303.591 E5.66985
G1 X48.427 Y302.73 E.05228
G1 X115.32 Y369.623 E5.74378
G1 X116.18 Y369.623 E.05222
G1 X48.427 Y301.87 E5.81763
G1 X48.427 Y301.009 E.05228
G1 X117.041 Y369.623 E5.89156
G1 X117.901 Y369.623 E.05222
G1 X48.427 Y300.149 E5.9654
G1 X48.427 Y299.288 E.05228
G1 X118.762 Y369.623 E6.03933
G1 X119.622 Y369.623 E.05222
G1 X48.427 Y298.428 E6.11317
G1 X48.427 Y297.567 E.05228
G1 X120.483 Y369.623 E6.1871
G1 X121.344 Y369.623 E.05228
G1 X48.427 Y296.706 E6.26103
G1 X48.427 Y295.846 E.05222
G1 X122.204 Y369.623 E6.33488
G1 X123.065 Y369.623 E.05228
G1 X48.427 Y294.985 E6.40881
G1 X48.427 Y294.125 E.05222
G1 X123.925 Y369.623 E6.48265
G1 X124.786 Y369.623 E.05228
G1 X48.427 Y293.264 E6.55658
G1 X48.427 Y292.404 E.05222
G1 X125.646 Y369.623 E6.63043
G1 X126.507 Y369.623 E.05228
G1 X48.427 Y291.543 E6.70436
G1 X48.427 Y290.683 E.05222
G1 X127.367 Y369.623 E6.7782
G1 X128.228 Y369.623 E.05228
G1 X48.427 Y289.822 E6.85213
G1 X48.427 Y288.962 E.05222
G1 X129.088 Y369.623 E6.92597
G1 X129.949 Y369.623 E.05228
G1 X48.427 Y288.101 E6.9999
G1 X48.427 Y287.241 E.05222
G1 X130.809 Y369.623 E7.07375
G1 X131.67 Y369.623 E.05228
G1 X48.427 Y286.38 E7.14768
G1 X48.427 Y285.519 E.05228
G1 X132.531 Y369.623 E7.22161
G1 X133.391 Y369.623 E.05222
G1 X48.427 Y284.659 E7.29545
G1 X48.427 Y283.798 E.05228
G1 X134.252 Y369.623 E7.36938
G1 X135.112 Y369.623 E.05222
G1 X48.427 Y282.938 E7.44323
G1 X48.427 Y282.077 E.05228
G1 X135.973 Y369.623 E7.51716
G1 X136.833 Y369.623 E.05222
G1 X48.427 Y281.217 E7.591
G1 X48.427 Y280.356 E.05228
G1 X137.694 Y369.623 E7.66493
G1 X138.554 Y369.623 E.05222
G1 X48.427 Y279.496 E7.73877
G1 X48.427 Y278.635 E.05228
G1 X139.415 Y369.623 E7.8127
G1 X140.275 Y369.623 E.05222
G1 X48.427 Y277.775 E7.88655
G1 X48.427 Y276.914 E.05228
G1 X141.136 Y369.623 E7.96048
G1 X141.997 Y369.623 E.05228
G1 X48.427 Y276.053 E8.03441
G1 X48.427 Y275.193 E.05222
G1 X142.857 Y369.623 E8.10825
G1 X143.718 Y369.623 E.05228
G1 X48.427 Y274.332 E8.18218
G1 X48.427 Y273.472 E.05222
G1 X144.578 Y369.623 E8.25603
G1 X145.439 Y369.623 E.05228
G1 X48.427 Y272.611 E8.32996
G1 X48.427 Y271.751 E.05222
G1 X146.299 Y369.623 E8.4038
G1 X147.16 Y369.623 E.05228
G1 X48.427 Y270.89 E8.47773
G1 X48.427 Y270.03 E.05222
G1 X148.02 Y369.623 E8.55157
G1 X148.881 Y369.623 E.05228
G1 X48.427 Y269.169 E8.6255
G1 X48.427 Y268.309 E.05222
G1 X149.741 Y369.623 E8.69935
G1 X150.602 Y369.623 E.05228
G1 X48.427 Y267.448 E8.77328
G1 X48.427 Y266.588 E.05222
G1 X151.462 Y369.623 E8.84712
G1 X152.323 Y369.623 E.05228
G1 X48.427 Y265.727 E8.92105
G1 X48.427 Y264.866 E.05228
G1 X153.184 Y369.623 E8.99498
G1 X154.044 Y369.623 E.05222
G1 X48.427 Y264.006 E9.06883
G1 X48.427 Y263.145 E.05228
G1 X154.905 Y369.623 E9.14276
G1 X155.765 Y369.623 E.05222
G1 X48.427 Y262.285 E9.2166
G1 X48.427 Y261.424 E.05228
G1 X156.626 Y369.623 E9.29053
G1 X157.486 Y369.623 E.05222
G1 X48.427 Y260.564 E9.36437
G1 X48.427 Y259.703 E.05228
G1 X158.347 Y369.623 E9.4383
G1 X159.207 Y369.623 E.05222
G1 X48.427 Y258.843 E9.51215
G1 X48.427 Y257.982 E.05228
G1 X160.068 Y369.623 E9.58608
G1 X160.928 Y369.623 E.05222
G1 X48.427 Y257.122 E9.65992
G1 X48.427 Y256.261 E.05228
G1 X161.789 Y369.623 E9.73385
G1 X162.65 Y369.623 E.05228
G1 X48.427 Y255.4 E9.80778
G1 X48.427 Y254.54 E.05222
G1 X163.51 Y369.623 E9.88163
G1 X164.371 Y369.623 E.05228
G1 X48.427 Y253.679 E9.95556
G1 X48.427 Y252.819 E.05222
G1 X165.231 Y369.623 E10.0294
G1 X166.092 Y369.623 E.05228
G1 X48.427 Y251.958 E10.10333
G1 X48.427 Y251.098 E.05222
G1 X166.952 Y369.623 E10.17717
G1 X167.813 Y369.623 E.05228
G1 X48.427 Y250.237 E10.2511
G1 X48.427 Y249.377 E.05222
G1 X168.673 Y369.623 E10.32495
G1 X169.534 Y369.623 E.05228
G1 X48.427 Y248.516 E10.39888
G1 X48.427 Y247.656 E.05222
G1 X170.394 Y369.623 E10.47272
G1 X171.255 Y369.623 E.05228
G1 X48.427 Y246.795 E10.54665
G1 X48.427 Y245.935 E.05222
G1 X172.115 Y369.623 E10.6205
G1 X172.976 Y369.623 E.05228
G1 X48.427 Y245.074 E10.69443
G1 X48.427 Y244.213 E.05228
G1 X173.837 Y369.623 E10.76836
G1 X174.697 Y369.623 E.05222
G1 X48.427 Y243.353 E10.8422
G1 X48.427 Y242.492 E.05228
G1 X175.558 Y369.623 E10.91613
G1 X176.418 Y369.623 E.05222
G1 X48.427 Y241.632 E10.98998
G1 X48.427 Y240.771 E.05228
G1 X177.279 Y369.623 E11.06391
G1 X178.139 Y369.623 E.05222
G1 X48.427 Y239.911 E11.13775
G1 X48.427 Y239.05 E.05228
G1 X179 Y369.623 E11.21168
G1 X179.86 Y369.623 E.05222
G1 X48.427 Y238.19 E11.28552
G1 X48.427 Y237.329 E.05228
G1 X180.721 Y369.623 E11.35945
G1 X181.581 Y369.623 E.05222
G1 X48.427 Y236.469 E11.4333
G1 X48.427 Y235.608 E.05228
G1 X182.442 Y369.623 E11.50723
G1 X183.303 Y369.623 E.05228
G1 X48.427 Y234.747 E11.58116
G1 X48.427 Y233.887 E.05222
G1 X184.163 Y369.623 E11.655
G1 X185.024 Y369.623 E.05228
G1 X48.427 Y233.026 E11.72893
G1 X48.427 Y232.166 E.05222
G1 X185.884 Y369.623 E11.80278
G1 X186.745 Y369.623 E.05228
G1 X48.427 Y231.305 E11.87671
G1 X48.427 Y230.445 E.05222
G1 X187.605 Y369.623 E11.95055
G1 X188.466 Y369.623 E.05228
G1 X48.427 Y229.584 E12.02448
G1 X48.427 Y228.724 E.05222
G1 X189.326 Y369.623 E12.09832
G1 X190.187 Y369.623 E.05228
G1 X48.427 Y227.863 E12.17225
G1 X48.427 Y227.003 E.05222
G1 X191.047 Y369.623 E12.2461
G1 X191.908 Y369.623 E.05228
G1 X48.427 Y226.142 E12.32003
G1 X48.427 Y225.282 E.05222
G1 X192.768 Y369.623 E12.39387
G1 X193.629 Y369.623 E.05228
G1 X48.427 Y224.421 E12.4678
G1 X48.427 Y223.56 E.05228
G1 X193.681 Y368.814 E12.47227
G1 X193.883 Y368.156 E.04179
G1 X48.427 Y222.7 E12.48961
G1 X48.427 Y221.839 E.05228
G1 X194.316 Y367.728 E12.52679
G1 X194.975 Y367.527 E.04183
G1 X48.427 Y220.979 E12.58338
G1 X48.427 Y220.118 E.05228
G1 X195.832 Y367.523 E12.65696
G1 X196.692 Y367.523 E.05222
G1 X48.427 Y219.258 E12.73081
G1 X48.427 Y218.397 E.05228
G1 X197.553 Y367.523 E12.80474
G1 X198.413 Y367.523 E.05222
G1 X48.427 Y217.537 E12.87858
G1 X48.427 Y216.676 E.05228
G1 X199.274 Y367.523 E12.95251
G1 X200.134 Y367.523 E.05222
G1 X48.427 Y215.816 E13.02635
G1 X48.427 Y214.955 E.05228
G1 X200.995 Y367.523 E13.10028
G1 X201.856 Y367.523 E.05228
G1 X48.427 Y214.094 E13.17421
G1 X48.427 Y213.234 E.05222
G1 X202.716 Y367.523 E13.24806
G1 X203.577 Y367.523 E.05228
G1 X48.427 Y212.373 E13.32199
G1 X48.427 Y211.513 E.05222
G1 X204.437 Y367.523 E13.39583
G1 E-4.2 F3600
;WIPE_START
G1 F7200
G1 X201.757 Y364.843 E-1.8
;WIPE_END
G1 X206.438 Y369.51 F9000
G1 E6 F2400
;WIDTH:0.724418
G1 X206.378 Y369.569 E.00565
G1 X206.4 Y369.65 E.00564
G1 X206.481 Y369.672 E.00564
G1 X206.541 Y369.613 E.00565
G1 X206.519 Y369.531 E.0057
;WIDTH:0.659999
G1 X207.398 Y369.623 E.05366
G1 X206.387 Y368.613 E.08677
G1 X206.105 Y368.182 E.03127
;WIDTH:0.561504
G1 X205.761 Y367.838 E.02476
;WIDTH:0.610752
G1 X205.546 Y367.697 E.01435
;WIDTH:0.659999
G1 X205.33 Y367.556 E.01566
G1 X48.427 Y210.652 E13.47255
G1 X48.427 Y209.792 E.05222
G1 X208.258 Y369.623 E13.72392
G1 X209.119 Y369.623 E.05228
G1 X48.427 Y208.931 E13.79785
G1 X48.427 Y208.071 E.05222
G1 X209.979 Y369.623 E13.8717
G1 X210.84 Y369.623 E.05228
G1 X48.427 Y207.21 E13.94563
G1 X48.427 Y206.35 E.05222
G1 X211.7 Y369.623 E14.01947
G1 X212.561 Y369.623 E.05228
G1 X48.427 Y205.489 E14.0934
G1 X48.427 Y204.629 E.05222
G1 X213.421 Y369.623 E14.16725
G1 X214.282 Y369.623 E.05228
G1 X48.427 Y203.768 E14.24118
G1 X48.427 Y202.907 E.05228
G1 X215.143 Y369.623 E14.31511
G1 X216.003 Y369.623 E.05222
G1 X48.427 Y202.047 E14.38895
G1 X48.427 Y201.186 E.05228
G1 X216.864 Y369.623 E14.46288
G1 X217.724 Y369.623 E.05222
G1 X48.427 Y200.326 E14.53672
G1 X48.427 Y199.465 E.05228
G1 X218.585 Y369.623 E14.61065
G1 X219.445 Y369.623 E.05222
G1 X48.427 Y198.605 E14.6845
G1 X48.427 Y197.744 E.05228
G1 X220.306 Y369.623 E14.75843
G1 X221.166 Y369.623 E.05222
G1 X48.427 Y196.884 E14.83227
G1 X48.427 Y196.023 E.05228
G1 X222.027 Y369.623 E14.9062
G1 X222.887 Y369.623 E.05222
G1 X48.427 Y195.163 E14.98005
G1 X48.427 Y194.302 E.05228
G1 X223.748 Y369.623 E15.05398
G1 X224.609 Y369.623 E.05228
G1 X48.427 Y193.441 E15.12791
G1 X48.427 Y192.581 E.05222
G1 X225.469 Y369.623 E15.20175
G1 X226.33 Y369.623 E.05228
G1 X48.427 Y191.72 E15.27568
G1 X48.427 Y190.86 E.05222
G1 X227.19 Y369.623 E15.34952
G1 X228.051 Y369.623 E.05228
G1 X48.427 Y189.999 E15.42345
G1 X48.427 Y189.139 E.05222
G1 X228.911 Y369.623 E15.4973
G1 X229.772 Y369.623 E.05228
G1 X48.427 Y188.278 E15.57123
G1 X48.427 Y187.418 E.05222
G1 X230.632 Y369.623 E15.64507
G1 X231.493 Y369.623 E.05228
G1 X48.427 Y186.557 E15.719
G1 X48.427 Y185.697 E.05222
G1 X232.353 Y369.623 E15.79285
G1 X233.214 Y369.623 E.05228
G1 X48.427 Y184.836 E15.86678
G1 X48.427 Y183.975 E.05228
G1 X234.075 Y369.623 E15.94071
G1 X234.935 Y369.623 E.05222
G1 X48.427 Y183.115 E16.01455
G1 X48.427 Y182.254 E.05228
G1 X235.796 Y369.623 E16.08848
G1 X236.656 Y369.623 E.05222
G1 X48.427 Y181.394 E16.16232
G1 X48.427 Y180.533 E.05228
G1 X237.517 Y369.623 E16.23625
G1 X238.377 Y369.623 E.05222
G1 X48.427 Y179.673 E16.3101
G1 X48.427 Y178.812 E.05228
G1 X239.238 Y369.623 E16.38403
G1 X240.098 Y369.623 E.05222
G1 X48.427 Y177.952 E16.45787
G1 X48.427 Y177.091 E.05228
G1 X240.959 Y369.623 E16.5318
G1 X241.819 Y369.623 E.05222
G1 X48.427 Y176.231 E16.60565
G1 X48.427 Y175.37 E.05228
G1 X242.68 Y369.623 E16.67958
G1 X243.54 Y369.623 E.05222
G1 X48.427 Y174.51 E16.75342
G1 X48.427 Y173.649 E.05228
G1 X244.401 Y369.623 E16.82735
G1 X245.262 Y369.623 E.05228
G1 X48.427 Y172.788 E16.90128
G1 X48.427 Y171.928 E.05222
G1 X246.122 Y369.623 E16.97512
G1 X246.983 Y369.623 E.05228
G1 X48.427 Y171.067 E17.04905
G1 X48.427 Y170.207 E.05222
G1 X247.843 Y369.623 E17.1229
G1 X248.704 Y369.623 E.05228
G1 X48.427 Y169.346 E17.19683
G1 X48.427 Y168.486 E.05222
G1 X249.564 Y369.623 E17.27067
G1 X250.425 Y369.623 E.05228
G1 X48.427 Y167.625 E17.3446
G1 X48.427 Y166.765 E.05222
G1 X251.285 Y369.623 E17.41845
G1 X252.146 Y369.623 E.05228
G1 X48.427 Y165.904 E17.49238
G1 X48.427 Y165.044 E.05222
G1 X253.006 Y369.623 E17.56622
G1 X253.867 Y369.623 E.05228
G1 X48.427 Y164.183 E17.64015
G1 X48.427 Y163.322 E.05228
G1 X254.728 Y369.623 E17.71408
G1 X255.588 Y369.623 E.05222
G1 X48.427 Y162.462 E17.78792
G1 X48.427 Y161.601 E.05228
G1 X256.449 Y369.623 E17.86185
G1 X257.309 Y369.623 E.05222
G1 X48.427 Y160.741 E17.9357
G1 X48.427 Y159.88 E.05228
G1 X258.17 Y369.623 E18.00963
G1 X259.03 Y369.623 E.05222
G1 X48.427 Y159.02 E18.08347
G1 X48.427 Y158.159 E.05228
G1 X259.891 Y369.623 E18.1574
G1 X260.751 Y369.623 E.05222
G1 X48.427 Y157.299 E18.23125
G1 X48.427 Y156.438 E.05228
G1 X261.612 Y369.623 E18.30518
G1 X262.472 Y369.623 E.05222
G1 X48.427 Y155.578 E18.37902
G1 X48.427 Y154.717 E.05228
G1 X263.333 Y369.623 E18.45295
G1 X264.193 Y369.623 E.05222
G1 X48.427 Y153.857 E18.52679
G1 X48.427 Y152.996 E.05228
G1 X265.054 Y369.623 E18.60072
G1 X265.915 Y369.623 E.05228
G1 X48.427 Y152.135 E18.67465
G1 X48.427 Y151.275 E.05222
G1 X266.775 Y369.623 E18.7485
G1 X267.636 Y369.623 E.05228
G1 X48.427 Y150.414 E18.82243
G1 X48.427 Y149.554 E.05222
G1 X268.496 Y369.623 E18.89627
G1 X269.357 Y369.623 E.05228
G1 X48.427 Y148.693 E18.9702
G1 X48.427 Y147.833 E.05222
G1 X270.217 Y369.623 E19.04405
G1 X271.078 Y369.623 E.05228
G1 X48.427 Y146.972 E19.11798
G1 X48.427 Y146.112 E.05222
G1 X271.938 Y369.623 E19.19182
G1 X272.799 Y369.623 E.05228
G1 X48.427 Y145.251 E19.26575
G1 X48.427 Y144.391 E.05222
G1 X273.659 Y369.623 E19.33959
G1 X274.52 Y369.623 E.05228
G1 X48.427 Y143.53 E19.41352
G1 X48.427 Y142.669 E.05228
G1 X275.381 Y369.623 E19.48745
G1 X276.241 Y369.623 E.05222
G1 X48.427 Y141.809 E19.5613
G1 X48.427 Y140.948 E.05228
G1 X277.102 Y369.623 E19.63523
G1 X277.962 Y369.623 E.05222
G1 X48.427 Y140.088 E19.70907
G1 X48.427 Y139.227 E.05228
G1 X278.823 Y369.623 E19.783
G1 X279.683 Y369.623 E.05222
G1 X48.427 Y138.367 E19.85685
G1 X48.427 Y137.506 E.05228
G1 X280.544 Y369.623 E19.93078
G1 X281.404 Y369.623 E.05222
G1 X48.427 Y136.646 E20.00462
G1 X48.427 Y135.785 E.05228
G1 X282.265 Y369.623 E20.07855
G1 X283.125 Y369.623 E.05222
G1 X48.427 Y134.925 E20.15239
G1 X48.427 Y134.064 E.05228
G1 X283.986 Y369.623 E20.22632
G1 X284.846 Y369.623 E.05222
G1 X48.427 Y133.204 E20.30017
G1 X48.427 Y132.343 E.05228
G1 X285.707 Y369.623 E20.3741
G1 X286.568 Y369.623 E.05228
G1 X48.427 Y131.482 E20.44803
G1 X48.427 Y130.622 E.05222
G1 X287.428 Y369.623 E20.52187
G1 X288.289 Y369.623 E.05228
G1 X48.427 Y129.761 E20.5958
G1 X48.427 Y128.901 E.05222
G1 X289.149 Y369.623 E20.66965
G1 X290.01 Y369.623 E.05228
G1 X48.427 Y128.04 E20.74358
G1 X48.427 Y127.18 E.05222
G1 X290.87 Y369.623 E20.81742
G1 X291.731 Y369.623 E.05228
G1 X48.427 Y126.319 E20.89135
G1 X48.427 Y125.459 E.05222
G1 X292.591 Y369.623 E20.9652
G1 X293.452 Y369.623 E.05228
G1 X48.427 Y124.598 E21.03913
G1 X48.427 Y123.738 E.05222
G1 X294.312 Y369.623 E21.11297
G1 X295.173 Y369.623 E.05228
G1 X48.427 Y122.877 E21.1869
G1 X48.427 Y122.016 E.05228
G1 X296.034 Y369.623 E21.26083
G1 X296.894 Y369.623 E.05222
G1 X48.427 Y121.156 E21.33467
G1 X48.427 Y120.295 E.05228
G1 X297.755 Y369.623 E21.4086
G1 X298.615 Y369.623 E.05222
G1 X48.427 Y119.435 E21.48245
G1 X48.427 Y118.574 E.05228
G1 X299.476 Y369.623 E21.55638
G1 X300.336 Y369.623 E.05222
G1 X48.427 Y117.714 E21.63022
G1 X48.427 Y116.853 E.05228
G1 X301.197 Y369.623 E21.70415
G1 X302.057 Y369.623 E.05222
G1 X48.427 Y115.993 E21.778
G1 X48.427 Y115.132 E.05228
G1 X302.918 Y369.623 E21.85193
G1 X303.778 Y369.623 E.05222
G1 X48.427 Y114.272 E21.92577
G1 X48.427 Y113.411 E.05228
G1 X304.639 Y369.623 E21.9997
G1 X305.499 Y369.623 E.05222
G1 X48.427 Y112.551 E22.07354
G1 X48.427 Y111.69 E.05228
G1 X306.36 Y369.623 E22.14747
G1 X307.221 Y369.623 E.05228
G1 X48.427 Y110.829 E22.2214
G1 X48.427 Y109.969 E.05222
G1 X308.081 Y369.623 E22.29525
G1 X308.942 Y369.623 E.05228
G1 X48.427 Y109.108 E22.36918
G1 X48.427 Y108.248 E.05222
G1 X309.802 Y369.623 E22.44302
G1 X310.663 Y369.623 E.05228
G1 X48.427 Y107.387 E22.51695
G1 X48.427 Y106.527 E.05222
G1 X311.523 Y369.623 E22.5908
G1 X312.384 Y369.623 E.05228
G1 X48.427 Y105.666 E22.66473
G1 X48.427 Y104.806 E.05222
G1 X313.244 Y369.623 E22.73857
G1 X314.105 Y369.623 E.05228
G1 X48.427 Y103.945 E22.8125
G1 X48.427 Y103.085 E.05222
G1 X314.965 Y369.623 E22.88634
G1 X315.826 Y369.623 E.05228
G1 X48.427 Y102.224 E22.96027
G1 X48.427 Y101.363 E.05228
G1 X316.687 Y369.623 E23.0342
G1 X317.547 Y369.623 E.05222
G1 X48.427 Y100.503 E23.10805
G1 X48.427 Y99.642 E.05228
G1 X318.408 Y369.623 E23.18198
G1 X319.268 Y369.623 E.05222
G1 X48.427 Y98.782 E23.25582
G1 X48.427 Y97.921 E.05228
G1 X320.129 Y369.623 E23.32975
G1 X320.989 Y369.623 E.05222
G1 X48.427 Y97.061 E23.4036
G1 X48.427 Y96.2 E.05228
G1 X321.85 Y369.623 E23.47753
G1 X322.71 Y369.623 E.05222
G1 X48.427 Y95.34 E23.55137
G1 X48.427 Y94.479 E.05228
G1 X323.571 Y369.623 E23.6253
G1 X324.431 Y369.623 E.05222
G1 X48.427 Y93.619 E23.69914
G1 X48.427 Y92.758 E.05228
G1 X325.292 Y369.623 E23.77307
G1 X326.152 Y369.623 E.05222
G1 X48.427 Y91.898 E23.84692
G1 X48.427 Y91.037 E.05228
G1 X327.013 Y369.623 E23.92085
G1 X327.874 Y369.623 E.05228
G1 X48.427 Y90.176 E23.99478
G1 X48.427 Y89.316 E.05222
G1 X328.734 Y369.623 E24.06862
G1 X329.595 Y369.623 E.05228
G1 X48.427 Y88.455 E24.14255
G1 X48.427 Y87.595 E.05222
G1 X330.455 Y369.623 E24.2164
G1 X331.316 Y369.623 E.05228
G1 X48.427 Y86.734 E24.29033
G1 X48.427 Y85.874 E.05222
G1 X332.176 Y369.623 E24.36417
G1 X333.037 Y369.623 E.05228
G1 X48.427 Y85.013 E24.4381
G1 X48.427 Y84.153 E.05222
G1 X333.897 Y369.623 E24.51194
G1 X334.758 Y369.623 E.05228
G1 X48.427 Y83.292 E24.58587
G1 X48.427 Y82.432 E.05222
G1 X335.618 Y369.623 E24.65972
G1 X336.479 Y369.623 E.05228
G1 X48.427 Y81.571 E24.73365
G1 X48.427 Y80.71 E.05228
G1 X337.34 Y369.623 E24.80758
G1 X338.2 Y369.623 E.05222
G1 X48.427 Y79.85 E24.88142
G1 X48.427 Y78.989 E.05228
G1 X339.061 Y369.623 E24.95535
G1 X339.921 Y369.623 E.05222
G1 X48.427 Y78.129 E25.0292
G1 X48.427 Y77.268 E.05228
G1 X340.782 Y369.623 E25.10313
G1 X341.573 Y369.554 E.04821
G1 X48.427 Y76.408 E25.17105
G1 X48.427 Y75.547 E.05228
G1 X341.596 Y368.717 E25.17306
G1 X341.833 Y368.093 E.04053
G1 X48.427 Y74.687 E25.19337
G1 X48.427 Y73.826 E.05228
G1 X342.285 Y367.684 E25.23218
G1 X342.984 Y367.523 E.04355
G1 X48.427 Y72.966 E25.2922
G1 X48.427 Y72.105 E.05228
G1 X343.845 Y367.523 E25.36613
G1 X344.705 Y367.523 E.05222
G1 X48.427 Y71.245 E25.43998
G1 X48.427 Y70.384 E.05228
G1 X345.566 Y367.523 E25.5139
G1 X346.427 Y367.523 E.05228
G1 X48.427 Y69.523 E25.58783
G1 X48.427 Y68.663 E.05222
G1 X347.287 Y367.523 E25.66168
G1 X348.148 Y367.523 E.05228
G1 X48.427 Y67.802 E25.73561
G1 X48.427 Y66.942 E.05222
G1 X349.008 Y367.523 E25.80945
G1 X349.869 Y367.523 E.05228
G1 X48.427 Y66.081 E25.88338
G1 X48.427 Y65.221 E.05222
G1 X350.729 Y367.523 E25.95723
G1 X351.573 Y367.506 E.05125
G1 X48.427 Y64.36 E26.0297
G1 X48.427 Y63.5 E.05222
G1 X351.573 Y366.646 E26.0297
G1 X351.573 Y365.785 E.05228
G1 X48.427 Y62.639 E26.0297
G1 X48.427 Y61.779 E.05222
G1 X351.573 Y364.924 E26.02965
G1 X351.573 Y364.064 E.05222
G1 X48.427 Y60.918 E26.0297
G1 X48.427 Y60.057 E.05228
G1 X351.573 Y363.203 E26.0297
G1 X351.573 Y362.343 E.05222
G1 X48.427 Y59.197 E26.0297
G1 X48.427 Y58.336 E.05228
G1 X351.573 Y361.482 E26.0297
G1 X351.573 Y360.622 E.05222
G1 X48.427 Y57.476 E26.0297
G1 X48.427 Y56.615 E.05228
G1 X351.573 Y359.761 E26.0297
G1 X351.573 Y358.901 E.05222
G1 X48.427 Y55.755 E26.0297
G1 X48.427 Y54.894 E.05228
G1 X351.573 Y358.04 E26.0297
G1 X351.573 Y357.18 E.05222
G1 X48.427 Y54.034 E26.0297
G1 X48.427 Y53.173 E.05228
G1 X351.573 Y356.319 E26.0297
G1 X351.573 Y355.459 E.05222
G1 X48.427 Y52.313 E26.0297
G1 X48.427 Y51.452 E.05228
G1 X351.573 Y354.598 E26.0297
G1 X351.573 Y353.737 E.05228
G1 X48.427 Y50.592 E26.02965
G1 X48.427 Y49.731 E.05228
G1 X351.573 Y352.877 E26.0297
G1 X351.573 Y352.016 E.05228
G1 X48.427 Y48.87 E26.0297
G1 X48.427 Y48.01 E.05222
G1 X351.573 Y351.156 E26.0297
G1 X351.573 Y350.295 E.05228
G1 X48.427 Y47.149 E26.0297
G1 X48.427 Y46.289 E.05222
G1 X351.573 Y349.435 E26.0297
G1 X351.573 Y348.574 E.05228
G1 X48.427 Y45.428 E26.0297
G1 X48.427 Y44.568 E.05222
G1 X351.573 Y347.714 E26.0297
G1 X351.573 Y346.853 E.05228
G1 X48.427 Y43.707 E26.0297
G1 X48.427 Y42.847 E.05222
G1 X351.573 Y345.993 E26.0297
G1 X351.573 Y345.132 E.05228
G1 X48.427 Y41.986 E26.0297
G1 X48.427 Y41.126 E.05222
G1 X351.573 Y344.271 E26.02965
G1 X351.573 Y343.411 E.05222
G1 X48.427 Y40.265 E26.0297
G1 X48.427 Y39.404 E.05228
G1 X351.573 Y342.55 E26.0297
G1 X351.573 Y341.69 E.05222
G1 X48.427 Y38.544 E26.0297
G1 X48.427 Y37.683 E.05228
G1 X351.573 Y340.829 E26.0297
G1 X351.573 Y339.969 E.05222
G1 X48.427 Y36.823 E26.0297
G1 X48.427 Y35.962 E.05228
G1 X351.573 Y339.108 E26.0297
G1 X351.573 Y338.248 E.05222
G1 X48.427 Y35.102 E26.0297
G1 X48.427 Y34.241 E.05228
G1 X351.573 Y337.387 E26.0297
G1 X351.573 Y336.527 E.05222
G1 X48.427 Y33.381 E26.0297
G1 X48.427 Y32.52 E.05228
G1 X351.573 Y335.666 E26.0297
G1 X351.573 Y334.806 E.05222
G1 X48.377 Y31.609 E26.03403
G1 X48.218 Y31.394 E.01624
;WIDTH:0.610752
G1 X48.059 Y31.179 E.01492
;WIDTH:0.603346
G1 X47.38 Y30.572 E.05015
;WIDTH:0.611112
G1 X47.35 Y30.543 E.00233
;WIDTH:0.659999
G1 X48.005 Y30.377 E.04103
G1 X351.573 Y333.945 E26.06593
G1 X351.573 Y333.084 E.05228
G1 X48.866 Y30.377 E25.992
G1 X49.726 Y30.377 E.05222
G1 X351.573 Y332.224 E25.91816
G1 X351.573 Y331.363 E.05228
G1 X50.587 Y30.377 E25.84423
G1 X51.447 Y30.377 E.05222
G1 X351.573 Y330.503 E25.77038
G1 X351.573 Y329.642 E.05228
G1 X52.308 Y30.377 E25.69645
G1 X53.168 Y30.377 E.05222
G1 X351.573 Y328.782 E25.62261
G1 X351.573 Y327.921 E.05228
G1 X54.029 Y30.377 E25.54868
G1 X54.889 Y30.377 E.05222
G1 X351.573 Y327.061 E25.47484
G1 X351.573 Y326.2 E.05228
G1 X55.75 Y30.377 E25.40091
G1 X56.61 Y30.377 E.05222
G1 X351.573 Y325.34 E25.32706
G1 X351.573 Y324.479 E.05228
G1 X57.471 Y30.377 E25.25313
G1 X58.332 Y30.377 E.05228
G1 X351.573 Y323.618 E25.1792
G1 X351.573 Y322.758 E.05222
G1 X59.192 Y30.377 E25.10536
G1 X60.053 Y30.377 E.05228
G1 X351.573 Y321.897 E25.03143
G1 X351.573 Y321.037 E.05222
G1 X60.913 Y30.377 E24.95758
G1 X61.774 Y30.377 E.05228
G1 X351.573 Y320.176 E24.88365
G1 X351.573 Y319.316 E.05222
G1 X62.634 Y30.377 E24.80981
G1 X63.495 Y30.377 E.05228
G1 X351.573 Y318.455 E24.73588
G1 X351.573 Y317.595 E.05222
G1 X64.355 Y30.377 E24.66204
G1 X65.216 Y30.377 E.05228
G1 X351.573 Y316.734 E24.58811
G1 X351.573 Y315.874 E.05222
G1 X66.076 Y30.377 E24.51426
G1 X66.937 Y30.377 E.05228
G1 X351.573 Y315.013 E24.44033
G1 X351.573 Y314.153 E.05222
G1 X67.797 Y30.377 E24.36649
G1 X68.658 Y30.377 E.05228
G1 X351.573 Y313.292 E24.29256
G1 X351.573 Y312.431 E.05228
G1 X69.519 Y30.377 E24.21863
G1 X70.379 Y30.377 E.05222
G1 X351.573 Y311.571 E24.14478
G1 X351.573 Y310.71 E.05228
G1 X71.24 Y30.377 E24.07085
G1 X72.1 Y30.377 E.05222
G1 X351.573 Y309.85 E23.99701
G1 X351.573 Y308.989 E.05228
G1 X72.961 Y30.377 E23.92308
G1 X73.821 Y30.377 E.05222
G1 X351.573 Y308.129 E23.84924
G1 X351.573 Y307.268 E.05228
G1 X74.682 Y30.377 E23.77531
G1 X75.542 Y30.377 E.05222
G1 X351.573 Y306.408 E23.70146
G1 X351.573 Y305.547 E.05228
G1 X76.403 Y30.377 E23.62753
G1 X77.263 Y30.377 E.05222
G1 X351.573 Y304.687 E23.55369
G1 X351.573 Y303.826 E.05228
G1 X78.124 Y30.377 E23.47976
G1 X78.985 Y30.377 E.05228
G1 X351.573 Y302.965 E23.40583
G1 X351.573 Y302.105 E.05222
G1 X79.845 Y30.377 E23.33198
G1 X80.706 Y30.377 E.05228
G1 X351.573 Y301.244 E23.25805
G1 X351.573 Y300.384 E.05222
G1 X81.566 Y30.377 E23.18421
G1 X82.427 Y30.377 E.05228
G1 X351.573 Y299.523 E23.11028
G1 X351.573 Y298.663 E.05222
G1 X83.287 Y30.377 E23.03644
G1 X84.148 Y30.377 E.05228
G1 X351.573 Y297.802 E22.96251
G1 X351.573 Y296.942 E.05222
G1 X85.008 Y30.377 E22.88866
G1 X85.869 Y30.377 E.05228
G1 X351.573 Y296.081 E22.81473
G1 X351.573 Y295.221 E.05222
G1 X86.729 Y30.377 E22.74089
G1 X87.59 Y30.377 E.05228
G1 X351.573 Y294.36 E22.66696
G1 X351.573 Y293.5 E.05222
G1 X88.451 Y30.377 E22.59307
G1 X89.311 Y30.377 E.05222
G1 X351.573 Y292.639 E22.51918
G1 X351.573 Y291.778 E.05228
G1 X90.172 Y30.377 E22.44525
G1 X91.032 Y30.377 E.05222
G1 X351.573 Y290.918 E22.37141
G1 X351.573 Y290.057 E.05228
G1 X91.893 Y30.377 E22.29748
G1 X92.753 Y30.377 E.05222
G1 X351.573 Y289.197 E22.22364
G1 X351.573 Y288.336 E.05228
G1 X93.614 Y30.377 E22.14971
G1 X94.474 Y30.377 E.05222
G1 X351.573 Y287.476 E22.07586
G1 X351.573 Y286.615 E.05228
G1 X95.335 Y30.377 E22.00193
G1 X96.195 Y30.377 E.05222
G1 X351.573 Y285.755 E21.92809
G1 X351.573 Y284.894 E.05228
G1 X97.056 Y30.377 E21.85416
G1 X97.916 Y30.377 E.05222
G1 X351.573 Y284.034 E21.78031
G1 X351.573 Y283.173 E.05228
G1 X98.777 Y30.377 E21.70638
G1 X99.638 Y30.377 E.05228
G1 X351.573 Y282.312 E21.63245
G1 X351.573 Y281.452 E.05222
G1 X100.498 Y30.377 E21.55861
G1 X101.359 Y30.377 E.05228
G1 X351.573 Y280.591 E21.48468
G1 X351.573 Y279.731 E.05222
G1 X102.219 Y30.377 E21.41084
G1 X103.08 Y30.377 E.05228
G1 X351.573 Y278.87 E21.33691
G1 X351.573 Y278.01 E.05222
G1 X103.94 Y30.377 E21.26306
G1 X104.801 Y30.377 E.05228
G1 X351.573 Y277.149 E21.18913
G1 X351.573 Y276.289 E.05222
G1 X105.661 Y30.377 E21.11529
G1 X106.522 Y30.377 E.05228
G1 X351.573 Y275.428 E21.04136
G1 X351.573 Y274.568 E.05222
G1 X107.382 Y30.377 E20.96751
G1 X108.243 Y30.377 E.05228
G1 X351.573 Y273.707 E20.89358
G1 X351.573 Y272.847 E.05222
G1 X109.104 Y30.377 E20.8197
G1 X109.964 Y30.377 E.05222
G1 X351.573 Y271.986 E20.74581
G1 X351.573 Y271.125 E.05228
G1 X110.825 Y30.377 E20.67188
G1 X111.685 Y30.377 E.05222
G1 X351.573 Y270.265 E20.59804
G1 X351.573 Y269.404 E.05228
G1 X112.546 Y30.377 E20.52411
G1 X113.406 Y30.377 E.05222
G1 X351.573 Y268.544 E20.45026
G1 X351.573 Y267.683 E.05228
G1 X114.267 Y30.377 E20.37633
G1 X115.127 Y30.377 E.05222
G1 X351.573 Y266.823 E20.30249
G1 X351.573 Y265.962 E.05228
G1 X115.988 Y30.377 E20.22856
G1 X116.848 Y30.377 E.05222
G1 X351.573 Y265.102 E20.15471
G1 X351.573 Y264.241 E.05228
G1 X117.709 Y30.377 E20.08078
G1 X118.569 Y30.377 E.05222
G1 X351.573 Y263.381 E20.00694
G1 X351.573 Y262.52 E.05228
G1 X119.43 Y30.377 E19.93301
G1 X120.291 Y30.377 E.05228
G1 X351.573 Y261.659 E19.85908
G1 X351.573 Y260.799 E.05222
G1 X121.151 Y30.377 E19.78524
G1 X122.012 Y30.377 E.05228
G1 X351.573 Y259.938 E19.71131
G1 X351.573 Y259.078 E.05222
G1 X122.872 Y30.377 E19.63746
G1 X123.733 Y30.377 E.05228
G1 X351.573 Y258.217 E19.56353
G1 X351.573 Y257.357 E.05222
G1 X124.593 Y30.377 E19.48969
G1 X125.454 Y30.377 E.05228
G1 X351.573 Y256.496 E19.41576
G1 X351.573 Y255.636 E.05222
G1 X126.314 Y30.377 E19.34191
G1 X127.175 Y30.377 E.05228
G1 X351.573 Y254.775 E19.26798
G1 X351.573 Y253.915 E.05222
G1 X128.035 Y30.377 E19.19414
G1 X128.896 Y30.377 E.05228
G1 X351.573 Y253.054 E19.12021
G1 X351.573 Y252.193 E.05228
G1 X129.757 Y30.377 E19.04628
G1 X130.617 Y30.377 E.05222
G1 X351.573 Y251.333 E18.97244
G1 X351.573 Y250.472 E.05228
G1 X131.478 Y30.377 E18.89851
G1 X132.338 Y30.377 E.05222
G1 X351.573 Y249.612 E18.82466
G1 X351.573 Y248.751 E.05228
G1 X133.199 Y30.377 E18.75073
G1 X134.059 Y30.377 E.05222
G1 X351.573 Y247.891 E18.67689
G1 X351.573 Y247.03 E.05228
G1 X134.92 Y30.377 E18.60296
G1 X135.78 Y30.377 E.05222
G1 X351.573 Y246.17 E18.52911
G1 X351.573 Y245.309 E.05228
G1 X136.641 Y30.377 E18.45518
G1 X137.501 Y30.377 E.05222
G1 X351.573 Y244.449 E18.38134
G1 X351.573 Y243.588 E.05228
G1 X138.362 Y30.377 E18.30741
G1 X139.222 Y30.377 E.05222
G1 X351.573 Y242.728 E18.23356
G1 X351.573 Y241.867 E.05228
G1 X140.083 Y30.377 E18.15963
G1 X140.944 Y30.377 E.05228
G1 X351.573 Y241.006 E18.0857
G1 X351.573 Y240.146 E.05222
G1 X141.804 Y30.377 E18.01186
G1 X142.665 Y30.377 E.05228
G1 X351.573 Y239.285 E17.93793
G1 X351.573 Y238.425 E.05222
G1 X143.525 Y30.377 E17.86409
G1 X144.386 Y30.377 E.05228
G1 X351.573 Y237.564 E17.79016
G1 X351.573 Y236.704 E.05222
G1 X145.246 Y30.377 E17.71631
G1 X146.107 Y30.377 E.05228
G1 X351.573 Y235.843 E17.64238
G1 X351.573 Y234.983 E.05222
G1 X146.967 Y30.377 E17.56854
G1 X147.828 Y30.377 E.05228
G1 X351.573 Y234.122 E17.49461
G1 X351.573 Y233.262 E.05222
G1 X148.688 Y30.377 E17.42076
G1 X149.549 Y30.377 E.05228
G1 X351.573 Y232.401 E17.34683
G1 X351.573 Y231.54 E.05228
G1 X150.41 Y30.377 E17.2729
G1 X151.27 Y30.377 E.05222
G1 X351.573 Y230.68 E17.19906
G1 X351.573 Y229.819 E.05228
G1 X152.131 Y30.377 E17.12513
G1 X152.991 Y30.377 E.05222
G1 X351.573 Y228.959 E17.05129
G1 X351.573 Y228.098 E.05228
G1 X153.852 Y30.377 E16.97736
G1 X154.712 Y30.377 E.05222
G1 X351.573 Y227.238 E16.90351
G1 X351.573 Y226.377 E.05228
G1 X155.573 Y30.377 E16.82958
G1 X156.433 Y30.377 E.05222
G1 X351.573 Y225.517 E16.75574
G1 X351.573 Y224.656 E.05228
G1 X157.294 Y30.377 E16.68181
G1 X158.154 Y30.377 E.05222
G1 X351.573 Y223.796 E16.60796
G1 X351.573 Y222.935 E.05228
G1 X159.015 Y30.377 E16.53403
G1 X159.875 Y30.377 E.05222
G1 X351.573 Y222.075 E16.46019
G1 X351.573 Y221.214 E.05228
G1 X160.736 Y30.377 E16.38626
G1 X161.597 Y30.377 E.05228
G1 X351.573 Y220.353 E16.31233
G1 X351.573 Y219.493 E.05222
G1 X162.457 Y30.377 E16.23849
G1 X163.318 Y30.377 E.05228
G1 X351.573 Y218.632 E16.16456
G1 X351.573 Y217.772 E.05222
G1 X164.178 Y30.377 E16.09071
G1 X165.039 Y30.377 E.05228
G1 X351.573 Y216.911 E16.01678
G1 X351.573 Y216.051 E.05222
G1 X165.899 Y30.377 E15.94294
G1 X166.76 Y30.377 E.05228
G1 X351.573 Y215.19 E15.86901
G1 X351.573 Y214.33 E.05222
G1 X167.62 Y30.377 E15.79516
G1 X168.481 Y30.377 E.05228
G1 X351.573 Y213.469 E15.72123
G1 X351.573 Y212.609 E.05222
G1 X169.341 Y30.377 E15.64739
G1 X170.202 Y30.377 E.05228
G1 X351.573 Y211.748 E15.57346
G1 X351.573 Y210.887 E.05228
G1 X171.063 Y30.377 E15.49953
G1 X171.923 Y30.377 E.05222
G1 X351.573 Y210.027 E15.42569
G1 X351.573 Y209.166 E.05228
G1 X172.784 Y30.377 E15.35176
G1 X173.644 Y30.377 E.05222
G1 X351.573 Y208.306 E15.27791
G1 X351.573 Y207.445 E.05228
G1 X174.505 Y30.377 E15.20398
G1 X175.365 Y30.377 E.05222
G1 X351.573 Y206.585 E15.13014
G1 X351.573 Y205.724 E.05228
G1 X176.226 Y30.377 E15.05621
G1 X177.086 Y30.377 E.05222
G1 X351.573 Y204.864 E14.98236
G1 X351.573 Y204.003 E.05228
G1 X177.947 Y30.377 E14.90843
G1 X178.807 Y30.377 E.05222
G1 X351.573 Y203.143 E14.83459
G1 X351.573 Y202.282 E.05228
G1 X179.668 Y30.377 E14.76066
G1 X180.528 Y30.377 E.05222
G1 X351.573 Y201.422 E14.68682
G1 X351.573 Y200.561 E.05228
G1 X181.389 Y30.377 E14.61289
G1 X182.25 Y30.377 E.05228
G1 X351.573 Y199.7 E14.53896
G1 X351.573 Y198.84 E.05222
G1 X183.11 Y30.377 E14.46511
G1 X183.971 Y30.377 E.05228
G1 X351.573 Y197.979 E14.39118
G1 X351.573 Y197.119 E.05222
G1 X184.831 Y30.377 E14.31734
G1 X185.692 Y30.377 E.05228
G1 X351.573 Y196.258 E14.24341
G1 X351.573 Y195.398 E.05222
G1 X186.552 Y30.377 E14.16956
G1 X187.413 Y30.377 E.05228
G1 X351.573 Y194.537 E14.09563
G1 X351.573 Y193.677 E.05222
G1 X188.273 Y30.377 E14.02179
G1 X189.134 Y30.377 E.05228
G1 X351.573 Y192.816 E13.94786
G1 X351.573 Y191.956 E.05222
G1 X189.994 Y30.377 E13.87402
G1 X190.855 Y30.377 E.05228
G1 X351.573 Y191.095 E13.80009
G1 X351.573 Y190.234 E.05228
G1 X191.716 Y30.377 E13.72616
G1 X192.576 Y30.377 E.05222
G1 X351.573 Y189.374 E13.65231
G1 X351.573 Y188.513 E.05228
G1 X193.437 Y30.377 E13.57838
G1 X194.297 Y30.377 E.05222
G1 X351.573 Y187.653 E13.50454
G1 X351.573 Y186.792 E.05228
G1 X195.158 Y30.377 E13.43061
G1 X196.018 Y30.377 E.05222
G1 X351.573 Y185.932 E13.35676
G1 X351.573 Y185.071 E.05228
G1 X196.879 Y30.377 E13.28283
G1 X197.739 Y30.377 E.05222
G1 X351.573 Y184.211 E13.20899
G1 X351.573 Y183.35 E.05228
G1 X198.6 Y30.377 E13.13506
G1 X199.46 Y30.377 E.05222
G1 X351.573 Y182.49 E13.06122
G1 X351.573 Y181.629 E.05228
G1 X200.321 Y30.377 E12.98729
G1 X201.181 Y30.377 E.05222
G1 X351.573 Y180.769 E12.91344
G1 X351.573 Y179.908 E.05228
G1 X202.042 Y30.377 E12.83951
G1 X202.903 Y30.377 E.05228
G1 X351.573 Y179.047 E12.76558
G1 X351.573 Y178.187 E.05222
G1 X203.763 Y30.377 E12.69174
G1 X204.624 Y30.377 E.05228
G1 X351.573 Y177.326 E12.61781
G1 X351.573 Y176.466 E.05222
G1 X205.484 Y30.377 E12.54396
G1 X206.345 Y30.377 E.05228
G1 X351.573 Y175.605 E12.47003
G1 X351.573 Y174.745 E.05222
G1 X207.205 Y30.377 E12.39619
G1 X208.066 Y30.377 E.05228
G1 X351.573 Y173.884 E12.32226
G1 X351.573 Y173.024 E.05222
G1 X208.926 Y30.377 E12.24842
G1 X209.787 Y30.377 E.05228
G1 X351.573 Y172.163 E12.17449
G1 X351.573 Y171.303 E.05222
G1 X210.647 Y30.377 E12.10064
G1 X211.508 Y30.377 E.05228
G1 X351.573 Y170.442 E12.02671
G1 X351.573 Y169.581 E.05228
G1 X212.369 Y30.377 E11.95278
G1 X213.229 Y30.377 E.05222
G1 X351.573 Y168.721 E11.87894
G1 X351.573 Y167.86 E.05228
G1 X214.09 Y30.377 E11.80501
G1 X214.95 Y30.377 E.05222
G1 X351.573 Y167 E11.73116
G1 X351.573 Y166.139 E.05228
G1 X215.811 Y30.377 E11.65723
G1 X216.671 Y30.377 E.05222
G1 X351.573 Y165.279 E11.58339
G1 X351.573 Y164.418 E.05228
G1 X217.532 Y30.377 E11.50946
G1 X218.392 Y30.377 E.05222
G1 X351.573 Y163.558 E11.43562
G1 X351.573 Y162.697 E.05228
G1 X219.253 Y30.377 E11.36169
G1 X220.113 Y30.377 E.05222
G1 X351.573 Y161.837 E11.28784
G1 X351.573 Y160.976 E.05228
G1 X220.974 Y30.377 E11.21391
G1 X221.834 Y30.377 E.05222
G1 X351.573 Y160.116 E11.14007
G1 X351.573 Y159.255 E.05228
G1 X222.695 Y30.377 E11.06614
G1 X223.556 Y30.377 E.05228
G1 X351.573 Y158.394 E10.99221
G1 X351.573 Y157.534 E.05222
G1 X224.416 Y30.377 E10.91836
G1 X225.277 Y30.377 E.05228
G1 X351.573 Y156.673 E10.84443
G1 X351.573 Y155.813 E.05222
G1 X226.137 Y30.377 E10.77059
G1 X226.998 Y30.377 E.05228
G1 X351.573 Y154.952 E10.69666
G1 X351.573 Y154.092 E.05222
G1 X227.858 Y30.377 E10.62282
G1 X228.719 Y30.377 E.05228
G1 X351.573 Y153.231 E10.54889
G1 X351.573 Y152.371 E.05222
G1 X229.579 Y30.377 E10.47504
G1 X230.44 Y30.377 E.05228
G1 X351.573 Y151.51 E10.40111
G1 X351.573 Y150.65 E.05222
G1 X231.3 Y30.377 E10.32727
G1 X232.161 Y30.377 E.05228
G1 X351.573 Y149.789 E10.25334
G1 X351.573 Y148.928 E.05228
G1 X233.022 Y30.377 E10.17941
G1 X233.882 Y30.377 E.05222
G1 X351.573 Y148.068 E10.10556
G1 X351.573 Y147.207 E.05228
G1 X234.743 Y30.377 E10.03163
G1 X235.603 Y30.377 E.05222
G1 X351.573 Y146.347 E9.95779
G1 X351.573 Y145.486 E.05228
G1 X236.464 Y30.377 E9.88386
G1 X237.324 Y30.377 E.05222
G1 X351.573 Y144.626 E9.81002
G1 X351.573 Y143.765 E.05228
G1 X238.185 Y30.377 E9.73609
G1 X239.045 Y30.377 E.05222
G1 X351.573 Y142.905 E9.66224
G1 X351.573 Y142.044 E.05228
G1 X239.906 Y30.377 E9.58831
G1 X240.766 Y30.377 E.05222
G1 X351.573 Y141.184 E9.51447
G1 X351.573 Y140.323 E.05228
G1 X241.627 Y30.377 E9.44054
G1 X242.487 Y30.377 E.05222
G1 X351.573 Y139.463 E9.36669
G1 X351.573 Y138.602 E.05228
G1 X243.348 Y30.377 E9.29276
G1 X244.209 Y30.377 E.05228
G1 X351.573 Y137.741 E9.21883
G1 X351.573 Y136.881 E.05222
G1 X245.069 Y30.377 E9.14499
G1 X245.93 Y30.377 E.05228
G1 X351.573 Y136.02 E9.07106
G1 X351.573 Y135.16 E.05222
G1 X246.79 Y30.377 E8.99722
G1 X247.651 Y30.377 E.05228
G1 X351.573 Y134.299 E8.92329
G1 X351.573 Y133.439 E.05222
G1 X248.511 Y30.377 E8.84944
G1 X249.372 Y30.377 E.05228
G1 X351.573 Y132.578 E8.77551
G1 X351.573 Y131.718 E.05222
G1 X250.232 Y30.377 E8.70167
G1 X251.093 Y30.377 E.05228
G1 X351.573 Y130.857 E8.62774
G1 X351.573 Y129.997 E.05222
G1 X251.953 Y30.377 E8.55389
G1 X252.814 Y30.377 E.05228
G1 X351.573 Y129.136 E8.47996
G1 X351.573 Y128.275 E.05228
G1 X253.675 Y30.377 E8.40603
G1 X254.535 Y30.377 E.05222
G1 X351.573 Y127.415 E8.33219
G1 X351.573 Y126.554 E.05228
G1 X255.396 Y30.377 E8.25826
G1 X256.256 Y30.377 E.05222
G1 X351.573 Y125.694 E8.18441
G1 X351.573 Y124.833 E.05228
G1 X257.117 Y30.377 E8.11049
G1 X257.977 Y30.377 E.05222
G1 X351.573 Y123.973 E8.03664
G1 X351.573 Y123.112 E.05228
G1 X258.838 Y30.377 E7.96271
G1 X259.698 Y30.377 E.05222
G1 X351.573 Y122.252 E7.88887
G1 X351.573 Y121.391 E.05228
G1 X260.559 Y30.377 E7.81494
G1 X261.419 Y30.377 E.05222
G1 X351.573 Y120.531 E7.74109
G1 X351.573 Y119.67 E.05228
G1 X262.28 Y30.377 E7.66716
G1 X263.141 Y30.377 E.05228
G1 X351.573 Y118.81 E7.59328
G1 X351.573 Y117.949 E.05228
G1 X264.001 Y30.377 E7.51939
G1 X264.862 Y30.377 E.05228
G1 X351.573 Y117.088 E7.44546
G1 X351.573 Y116.228 E.05222
G1 X265.722 Y30.377 E7.37161
G1 X266.583 Y30.377 E.05228
G1 X351.573 Y115.367 E7.29768
G1 X351.573 Y114.507 E.05222
G1 X267.443 Y30.377 E7.22384
G1 X268.304 Y30.377 E.05228
G1 X351.573 Y113.646 E7.14991
G1 X351.573 Y112.786 E.05222
G1 X269.164 Y30.377 E7.07607
G1 X270.025 Y30.377 E.05228
G1 X351.573 Y111.925 E7.00214
G1 X351.573 Y111.065 E.05222
G1 X270.885 Y30.377 E6.92829
G1 X271.746 Y30.377 E.05228
G1 X351.573 Y110.204 E6.85436
G1 X351.573 Y109.344 E.05222
G1 X272.606 Y30.377 E6.78052
G1 X273.467 Y30.377 E.05228
G1 X351.573 Y108.483 E6.70659
G1 X351.573 Y107.622 E.05228
G1 X274.328 Y30.377 E6.63266
G1 X275.188 Y30.377 E.05222
G1 X351.573 Y106.762 E6.55881
G1 X351.573 Y105.901 E.05228
G1 X276.049 Y30.377 E6.48488
G1 X276.909 Y30.377 E.05222
G1 X351.573 Y105.041 E6.41104
G1 X351.573 Y104.18 E.05228
G1 X277.77 Y30.377 E6.33711
G1 X278.63 Y30.377 E.05222
G1 X351.573 Y103.32 E6.26327
G1 X351.573 Y102.459 E.05228
G1 X279.491 Y30.377 E6.18934
G1 X280.351 Y30.377 E.05222
G1 X351.573 Y101.599 E6.11549
G1 X351.573 Y100.738 E.05228
G1 X281.212 Y30.377 E6.04156
G1 X282.072 Y30.377 E.05222
G1 X351.573 Y99.878 E5.96772
G1 X351.573 Y99.017 E.05228
G1 X282.933 Y30.377 E5.89379
G1 X283.794 Y30.377 E.05228
G1 X351.573 Y98.156 E5.81986
G1 X351.573 Y97.296 E.05222
G1 X284.654 Y30.377 E5.74601
G1 X285.515 Y30.377 E.05228
G1 X351.573 Y96.435 E5.67208
G1 X351.573 Y95.575 E.05222
G1 X286.375 Y30.377 E5.59824
G1 X287.236 Y30.377 E.05228
G1 X351.573 Y94.714 E5.52431
G1 X351.573 Y93.854 E.05222
G1 X288.096 Y30.377 E5.45047
G1 X288.957 Y30.377 E.05228
G1 X351.573 Y92.993 E5.37654
G1 X351.573 Y92.133 E.05222
G1 X289.817 Y30.377 E5.30269
G1 X290.678 Y30.377 E.05228
G1 X351.573 Y91.272 E5.22876
G1 X351.573 Y90.412 E.05222
G1 X291.538 Y30.377 E5.15492
G1 X292.399 Y30.377 E.05228
G1 X351.573 Y89.551 E5.08099
G1 X351.573 Y88.691 E.05222
G1 X293.259 Y30.377 E5.00714
G1 X294.12 Y30.377 E.05228
G1 X351.573 Y87.83 E4.93321
G1 X351.573 Y86.969 E.05228
G1 X294.981 Y30.377 E4.85928
G1 X295.841 Y30.377 E.05222
G1 X351.573 Y86.109 E4.78544
G1 X351.573 Y85.248 E.05228
G1 X296.702 Y30.377 E4.71151
G1 X297.562 Y30.377 E.05222
G1 X351.573 Y84.388 E4.63767
G1 X351.573 Y83.527 E.05228
G1 X298.423 Y30.377 E4.56374
G1 X299.283 Y30.377 E.05222
G1 X351.573 Y82.667 E4.48989
G1 X351.573 Y81.806 E.05228
G1 X300.144 Y30.377 E4.41596
G1 X301.004 Y30.377 E.05222
G1 X351.573 Y80.946 E4.34212
G1 X351.573 Y80.085 E.05228
G1 X301.865 Y30.377 E4.26819
G1 X302.725 Y30.377 E.05222
G1 X351.573 Y79.225 E4.19434
G1 X351.573 Y78.364 E.05228
G1 X303.586 Y30.377 E4.12041
G1 X304.447 Y30.377 E.05228
G1 X351.573 Y77.503 E4.04648
G1 X351.573 Y76.643 E.05222
G1 X305.307 Y30.377 E3.97264
G1 X306.168 Y30.377 E.05228
G1 X351.573 Y75.782 E3.89871
G1 X351.573 Y74.922 E.05222
G1 X307.028 Y30.377 E3.82487
G1 X307.889 Y30.377 E.05228
G1 X351.573 Y74.061 E3.75094
G1 X351.573 Y73.201 E.05222
G1 X308.749 Y30.377 E3.67709
G1 X309.61 Y30.377 E.05228
G1 X351.573 Y72.34 E3.60316
G1 X351.573 Y71.48 E.05222
G1 X310.47 Y30.377 E3.52932
G1 X311.331 Y30.377 E.05228
G1 X351.573 Y70.619 E3.45539
G1 X351.573 Y69.759 E.05222
G1 X312.191 Y30.377 E3.38154
G1 X313.052 Y30.377 E.05228
G1 X351.573 Y68.898 E3.30761
G1 X351.573 Y68.038 E.05222
G1 X313.912 Y30.377 E3.23377
G1 X314.773 Y30.377 E.05228
G1 X351.573 Y67.177 E3.15984
G1 X351.573 Y66.316 E.05228
G1 X315.634 Y30.377 E3.08591
G1 X316.494 Y30.377 E.05222
G1 X351.573 Y65.456 E3.01207
G1 X351.573 Y64.595 E.05228
G1 X317.355 Y30.377 E2.93814
G1 X318.215 Y30.377 E.05222
G1 X351.573 Y63.735 E2.86429
G1 X351.573 Y62.874 E.05228
G1 X319.076 Y30.377 E2.79036
G1 X319.936 Y30.377 E.05222
G1 X351.573 Y62.014 E2.71652
G1 X351.573 Y61.153 E.05228
G1 X320.797 Y30.377 E2.64259
G1 X321.657 Y30.377 E.05222
G1 X351.573 Y60.293 E2.56874
G1 X351.573 Y59.432 E.05228
G1 X322.518 Y30.377 E2.49481
G1 X323.378 Y30.377 E.05222
G1 X351.573 Y58.572 E2.42097
G1 X351.573 Y57.711 E.05228
G1 X324.239 Y30.377 E2.34704
G1 X325.1 Y30.377 E.05228
G1 X351.573 Y56.85 E2.27311
G1 X351.573 Y55.99 E.05222
G1 X325.96 Y30.377 E2.19927
G1 X326.821 Y30.377 E.05228
G1 X351.573 Y55.129 E2.12534
G1 X351.573 Y54.269 E.05222
G1 X327.681 Y30.377 E2.05149
G1 X328.542 Y30.377 E.05228
G1 X351.573 Y53.408 E1.97756
G1 X351.573 Y52.548 E.05222
G1 X329.402 Y30.377 E1.90372
G1 X330.263 Y30.377 E.05228
G1 X351.573 Y51.687 E1.82979
G1 X351.573 Y50.827 E.05222
G1 X331.123 Y30.377 E1.75594
G1 X331.984 Y30.377 E.05228
G1 X351.573 Y49.966 E1.68201
G1 X351.573 Y49.106 E.05222
G1 X332.844 Y30.377 E1.60817
G1 X333.705 Y30.377 E.05228
G1 X351.573 Y48.245 E1.53424
G1 X351.573 Y47.385 E.05222
G1 X334.565 Y30.377 E1.4604
G1 X335.426 Y30.377 E.05228
G1 X351.573 Y46.524 E1.38647
G1 X351.573 Y45.663 E.05228
G1 X336.287 Y30.377 E1.31254
G1 X337.147 Y30.377 E.05222
G1 X351.573 Y44.803 E1.23869
G1 X351.573 Y43.942 E.05228
G1 X338.008 Y30.377 E1.16476
G1 X338.868 Y30.377 E.05222
G1 X351.573 Y43.082 E1.09092
G1 X351.573 Y42.221 E.05228
G1 X339.729 Y30.377 E1.01699
G1 X340.589 Y30.377 E.05222
G1 X351.573 Y41.361 E.94314
G1 X351.573 Y40.5 E.05228
G1 X341.45 Y30.377 E.86921
G1 X342.31 Y30.377 E.05222
G1 X351.573 Y39.64 E.79537
G1 X351.573 Y38.779 E.05228
G1 X343.171 Y30.377 E.72144
G1 X344.031 Y30.377 E.05222
G1 X351.573 Y37.919 E.6476
G1 X351.573 Y37.058 E.05228
G1 X344.892 Y30.377 E.57367
G1 X345.753 Y30.377 E.05228
G1 X351.573 Y36.197 E.49974
G1 X351.573 Y35.337 E.05222
G1 X346.613 Y30.377 E.42589
G1 X347.474 Y30.377 E.05228
G1 X351.573 Y34.476 E.35196
G1 X351.573 Y33.616 E.05222
G1 X348.334 Y30.377 E.27812
G1 X349.195 Y30.377 E.05228
G1 X351.573 Y32.755 E.20419
G1 X351.581 Y31.903 E.05173
G1 X350.055 Y30.377 E.13103
G1 X350.96 Y30.396 E.05496
;WIDTH:0.697003
G1 X351.443 Y30.396 E.03111
G1 X352.103 Y30.446 E.04263
G1 X352.369 Y30.565 E.01877
G1 X351.789 Y31.224 E.05654
G1 X351.176 Y30.611 E.05584
;LAYER_CHANGE
;Z:1.02
;HEIGHT:0.24
;BEFORE_LAYER_CHANGE
G92 E0
;1.02


G1 E-4.2 F3600
;WIPE_START
G1 F7200
G1 X351.789 Y31.224 E-.41178
G1 X352.369 Y30.565 E-.417
G1 X352.103 Y30.446 E-.13842
G1 X351.443 Y30.396 E-.3144
G1 X350.96 Y30.396 E-.22943
G1 X350.352 Y30.383 E-.28897
;WIPE_END
G1 Z1.02 F9000
;AFTER_LAYER_CHANGE
;1.02
G1 X352.31 Y31.36
G1 E6 F2400
;TYPE:Perimeter
;WIDTH:0.755752
G1 X352.308 Y31.362 E.0002
;WIDTH:0.707876
G1 X352.218 Y31.445 E.00802
;WIDTH:0.659999
G1 X352.077 Y31.727 E.01914
G1 X352.042 Y31.974 E.01515
G1 X352.042 Y367.992 E20.40163
G1 X342.865 Y367.992 E.55719
G1 X342.517 Y368.091 E.02197
G1 X342.251 Y368.304 E.02069
G1 X342.086 Y368.596 E.02036
G1 X342.042 Y368.874 E.01709
G1 X342.042 Y370.092 E.07395
G1 X205.958 Y370.092 E8.26246
G1 X205.958 Y368.874 E.07395
G1 X205.915 Y368.6 E.01684
G1 X205.834 Y368.423 E.01182
G1 X205.681 Y368.232 E.01486
G1 X205.429 Y368.065 E.01836
G1 X205.081 Y367.992 E.02159
G1 X200 Y367.992 E.3085
G1 X194.968 Y367.992 E.30552
G1 X194.612 Y368.094 E.02248
G1 X194.347 Y368.308 E.02068
G1 X194.185 Y368.6 E.02027
G1 X194.142 Y368.874 E.01684
G1 X194.142 Y370.092 E.07395
G1 X57.958 Y370.092 E8.26853
G1 X57.958 Y368.874 E.07395
G1 X57.914 Y368.596 E.01709
G1 X57.832 Y368.418 E.0119
G1 X57.677 Y368.228 E.01489
G1 X57.408 Y368.057 E.01935
G1 X57.076 Y367.992 E.02054
G1 X47.958 Y367.992 E.55361
G1 X47.958 Y31.974 E20.40163
G1 X47.923 Y31.727 E.01515
G1 X47.782 Y31.445 E.01914
G1 X47.491 Y31.195 E.02329
;WIDTH:0.707876
G1 X47.422 Y31.154 E.00526
;WIDTH:0.755752
G1 X47.353 Y31.113 E.00564
;WIDTH:0.803628
G1 X47.283 Y31.072 E.00609
;WIDTH:0.851505
G1 X47.214 Y31.03 E.00645
;WIDTH:0.899381
G1 X47.145 Y30.989 E.00679
;WIDTH:0.947257
G1 X47.076 Y30.948 E.00717
G1 X45.202 Y30.948 E.1675
G1 X45.202 Y30.052 E.08008
G1 X47.076 Y30.052 E.1675
G1 X47.199 Y30.028 E.0112
;WIDTH:0.899381
G1 X47.321 Y30.004 E.01052
;WIDTH:0.851505
G1 X47.444 Y29.98 E.01
;WIDTH:0.803628
G1 X47.567 Y29.956 E.0094
;WIDTH:0.755752
G1 X47.69 Y29.932 E.00881
;WIDTH:0.707876
G1 X47.813 Y29.908 E.00821
;WIDTH:0.659999
G1 X351.45 Y29.908 E18.43559
;WIDTH:0.68804
G1 X351.819 Y29.923 E.02346
;WIDTH:0.716081
G1 X352.187 Y29.937 E.02442
;WIDTH:0.764551
G1 X352.283 Y29.961 E.00704
;WIDTH:0.81302
G1 X352.379 Y29.985 E.00752
;WIDTH:0.861489
G1 X352.475 Y30.009 E.008
;WIDTH:0.909958
G1 X352.572 Y30.033 E.00856
;WIDTH:0.958427
G1 X352.668 Y30.058 E.00898
G1 X352.924 Y30.052 E.02317
;WIDTH:0.947257
G1 X354.798 Y30.052 E.1675
G1 X354.798 Y30.948 E.08008
G1 X352.757 Y30.948 E.18242
G1 X352.667 Y31.031 E.01094
;WIDTH:0.899381
G1 X352.577 Y31.113 E.0103
;WIDTH:0.851505
G1 X352.487 Y31.196 E.00977
;WIDTH:0.803628
G1 X352.398 Y31.279 E.00913
;WIDTH:0.755752
G1 X352.376 Y31.299 E.00209
G1 X352.73 Y31.778 F9000
;TYPE:External perimeter
;WIDTH:0.629999
G1 F1500
G1 X352.693 Y31.801 E.00251
G1 X352.635 Y31.974 E.01053
G1 X352.635 Y368.585 E19.43002
G1 X342.887 Y368.585 E.56268
G1 X342.704 Y368.687 E.01209
G1 X342.635 Y368.874 E.01151
G1 X342.635 Y370.685 E.10454
G1 X205.365 Y370.685 E7.92356
G1 X205.365 Y368.805 E.10852
G1 X205.254 Y368.647 E.01115
G1 X205.079 Y368.585 E.01072
G1 X194.986 Y368.585 E.58259
G1 X194.802 Y368.689 E.0122
G1 X194.735 Y368.874 E.01136
G1 X194.735 Y370.685 E.10454
G1 X57.365 Y370.685 E7.92933
G1 X57.365 Y368.804 E.10858
G1 X57.253 Y368.645 E.01123
G1 X57.076 Y368.585 E.01079
G1 X47.365 Y368.585 E.56054
G1 X47.365 Y31.907 E19.43388
G1 X47.212 Y31.719 E.01399
G1 X47.076 Y31.685 E.00809
G1 X44.465 Y31.685 E.15071
G1 X44.465 Y29.315 E.1368
G1 X355.535 Y29.315 E17.95573
G1 X355.535 Y31.685 E.1368
G1 X352.881 Y31.685 E.1532
G1 X352.807 Y31.731 E.00503
G1 E-4.2 F3600
;WIPE_START
G1 F7200
G1 X352.73 Y31.778 E-.04285
G1 X352.693 Y31.801 E-.02069
G1 X352.635 Y31.974 E-.08667
G1 X352.635 Y35.447 E-1.64979
;WIPE_END
G1 X348.655 Y30.377 F9000
G1 E6 F2400
;TYPE:Internal infill
;WIDTH:0.66
G1 F3000
G1 X351.444 Y30.377 E.16934
G1 X352.142 Y30.43 E.0425
G1 X352.286 Y30.503 E.0098
G1 X48.427 Y334.362 E26.09094
G1 X48.427 Y341.012 E.40376
G1 X77.038 Y369.623 E2.45669
G1 X82.01 Y369.623 E.30188
G1 X351.573 Y100.06 E23.14611
G1 X351.573 Y93.41 E.40376
G1 X288.54 Y30.377 E5.41235
G1 X283.569 Y30.377 E.30182
G1 X48.427 Y265.519 E20.19054
G1 X48.427 Y272.168 E.4037
G1 X145.882 Y369.623 E8.368
G1 X150.853 Y369.623 E.30182
G1 X351.573 Y168.903 E17.23488
G1 X351.573 Y162.254 E.4037
G1 X219.696 Y30.377 E11.32366
G1 X214.725 Y30.377 E.30182
G1 X48.427 Y196.675 E14.27923
G1 X48.427 Y203.325 E.40376
G1 X214.725 Y369.623 E14.27923
G1 X219.696 Y369.623 E.30182
G1 X351.573 Y237.746 E11.32366
G1 X351.573 Y231.097 E.4037
G1 X150.853 Y30.377 E17.23488
G1 X145.882 Y30.377 E.30182
G1 X48.427 Y127.832 E8.368
G1 X48.427 Y134.481 E.4037
G1 X283.569 Y369.623 E20.19054
G1 X288.54 Y369.623 E.30182
G1 X351.573 Y306.59 E5.41235
G1 X351.573 Y299.94 E.40376
G1 X82.01 Y30.377 E23.14611
G1 X77.038 Y30.377 E.30188
G1 X48.427 Y58.988 E2.45669
G1 X48.427 Y65.638 E.40376
G1 X350.312 Y367.523 E25.92145
G1 X351.573 Y367.523 E.07656
G1 X351.573 Y365.133 E.14511
G1 E-4.2 F3600
;WIPE_START
G1 F7200
G1 X351.573 Y367.523 E-1.13525
G1 X350.312 Y367.523 E-.59897
G1 X350.214 Y367.425 E-.06578
;WIPE_END
G1 X206.721 Y369.623 F9000
G1 E6 F2400
G1 F3000
G1 X206.427 Y369.623 E.01785
G1 X206.427 Y368.861 E.04627
G1 X206.363 Y368.457 E.02484
G1 X206.237 Y368.18 E.01848
G1 X206.005 Y367.892 E.02245
G1 X205.762 Y367.709 E.01847
G1 X205.432 Y367.569 E.02176
G1 X204.586 Y367.523 E.05144
G1 X351.573 Y220.536 E12.62108
G1 X351.573 Y213.886 E.40376
G1 X168.064 Y30.377 E15.75705
G1 X163.093 Y30.377 E.30182
G1 X48.427 Y145.043 E9.84583
G1 X48.427 Y151.692 E.4037
G1 X266.358 Y369.623 E18.71271
G1 X271.329 Y369.623 E.30182
G1 X351.573 Y289.379 E6.89017
G1 X351.573 Y282.73 E.4037
G1 X99.22 Y30.377 E21.66837
G1 X94.249 Y30.377 E.30182
G1 X48.427 Y76.199 E3.93452
G1 X48.427 Y82.849 E.40376
G1 X335.201 Y369.623 E24.62393
G1 X340.172 Y369.623 E.30182
G1 X351.573 Y358.222 E.97895
G1 X351.573 Y351.573 E.4037
G1 X48.427 Y48.427 E26.02972
G1 X48.427 Y41.778 E.4037
G1 X59.828 Y30.377 E.97895
G1 X64.799 Y30.377 E.30182
G1 X351.573 Y317.151 E24.62393
G1 X351.573 Y323.801 E.40376
G1 X305.751 Y369.623 E3.93452
G1 X300.78 Y369.623 E.30182
G1 X48.427 Y117.27 E21.66837
G1 X48.427 Y110.621 E.4037
G1 X128.671 Y30.377 E6.89017
G1 X133.642 Y30.377 E.30182
G1 X351.573 Y248.308 E18.71271
G1 X351.573 Y254.957 E.4037
G1 X236.907 Y369.623 E9.84583
G1 X231.936 Y369.623 E.30182
G1 X48.427 Y186.114 E15.75705
G1 X48.427 Y179.464 E.40376
G1 X197.514 Y30.377 E12.8014
G1 X202.486 Y30.377 E.30188
G1 X351.573 Y179.464 E12.8014
G1 X351.573 Y186.114 E.40376
G1 X168.064 Y369.623 E15.75705
G1 X163.093 Y369.623 E.30182
G1 X48.427 Y254.957 E9.84583
G1 X48.427 Y248.308 E.4037
G1 X266.358 Y30.377 E18.71271
G1 X271.329 Y30.377 E.30182
G1 X351.573 Y110.621 E6.89017
G1 X351.573 Y117.27 E.4037
G1 X99.22 Y369.623 E21.66837
G1 X94.249 Y369.623 E.30182
G1 X48.427 Y323.801 E3.93452
G1 X48.427 Y317.151 E.40376
G1 X335.201 Y30.377 E24.62393
G1 X340.172 Y30.377 E.30182
G1 X351.573 Y41.778 E.97895
G1 X351.573 Y48.427 E.4037
G1 X48.427 Y351.573 E26.02972
G1 X48.427 Y358.222 E.4037
G1 X59.828 Y369.623 E.97895
G1 X64.799 Y369.623 E.30182
G1 X351.573 Y82.849 E24.62393
G1 X351.573 Y76.199 E.40376
G1 X305.751 Y30.377 E3.93452
G1 X300.78 Y30.377 E.30182
G1 X48.427 Y282.73 E21.66837
G1 X48.427 Y289.379 E.4037
G1 X128.671 Y369.623 E6.89017
G1 X133.642 Y369.623 E.30182
G1 X351.573 Y151.692 E18.71271
G1 X351.573 Y145.043 E.4037
G1 X236.907 Y30.377 E9.84583
G1 X231.936 Y30.377 E.30182
G1 X48.427 Y213.886 E15.75705
G1 X48.427 Y220.536 E.40376
G1 X195.414 Y367.523 E12.62108
G1 X194.777 Y367.545 E.0387
G1 X194.52 Y367.62 E.01625
G1 X194.093 Y367.894 E.0308
G1 X193.863 Y368.18 E.02228
G1 X193.737 Y368.457 E.01848
G1 X193.673 Y368.861 E.02484
G1 X193.673 Y369.623 E.04627
G1 X193.28 Y369.623 E.02386
G1 E-4.2 F3600
;WIPE_START
G1 F7200
G1 X193.673 Y369.623 E-.18668
G1 X193.673 Y368.861 E-.36195
G1 X193.737 Y368.457 E-.19429
G1 X193.863 Y368.18 E-.14455
G1 X194.093 Y367.894 E-.17433
G1 X194.52 Y367.62 E-.24099
G1 X194.777 Y367.545 E-.12717
G1 X195.414 Y367.523 E-.30276
G1 X195.314 Y367.423 E-.06728
;WIPE_END
G1 X48.427 Y365.133 F9000
G1 E6 F2400
G1 F3000
G1 X48.427 Y367.523 E.14511
G1 X49.688 Y367.523 E.07656
G1 X351.573 Y65.638 E25.92145
G1 X351.573 Y58.988 E.40376
G1 X322.962 Y30.377 E2.45669
G1 X317.99 Y30.377 E.30188
G1 X48.427 Y299.94 E23.14611
G1 X48.427 Y306.59 E.40376
G1 X111.46 Y369.623 E5.41235
G1 X116.431 Y369.623 E.30182
G1 X351.573 Y134.481 E20.19054
G1 X351.573 Y127.832 E.4037
G1 X254.118 Y30.377 E8.368
G1 X249.147 Y30.377 E.30182
G1 X48.427 Y231.097 E17.23488
G1 X48.427 Y237.746 E.4037
G1 X180.304 Y369.623 E11.32366
G1 X185.275 Y369.623 E.30182
G1 X351.573 Y203.325 E14.27923
G1 X351.573 Y196.675 E.40376
G1 X185.275 Y30.377 E14.27923
G1 X180.304 Y30.377 E.30182
G1 X48.427 Y162.254 E11.32366
G1 X48.427 Y168.903 E.4037
G1 X249.147 Y369.623 E17.23488
G1 X254.118 Y369.623 E.30182
G1 X351.573 Y272.168 E8.368
G1 X351.573 Y265.519 E.4037
G1 X116.431 Y30.377 E20.19054
G1 X111.46 Y30.377 E.30182
G1 X48.427 Y93.41 E5.41235
G1 X48.427 Y100.06 E.40376
G1 X317.99 Y369.623 E23.14611
G1 X322.962 Y369.623 E.30188
G1 X351.573 Y341.012 E2.45669
G1 X351.573 Y334.362 E.40376
G1 X47.66 Y30.449 E26.09558
G1 X47.844 Y30.377 E.012
G1 X51.297 Y30.377 E.20965
;LAYER_CHANGE
;Z:1.26
;HEIGHT:0.24
;BEFORE_LAYER_CHANGE
G92 E0
;1.26


G1 E-4.2 F3600
;WIPE_START
G1 F7200
G1 X47.844 Y30.377 E-1.64018
G1 X47.66 Y30.449 E-.09385
G1 X47.758 Y30.547 E-.06597
;WIPE_END
G1 Z1.26 F9000
;AFTER_LAYER_CHANGE
;1.26
G1 X47.687 Y31.363
G1 E6 F2400
;TYPE:Perimeter
;WIDTH:0.659999
G1 X47.491 Y31.195 E.01567
;WIDTH:0.707876
G1 X47.422 Y31.154 E.00526
;WIDTH:0.755752
G1 X47.353 Y31.113 E.00564
;WIDTH:0.803628
G1 X47.283 Y31.072 E.00609
;WIDTH:0.851505
G1 X47.214 Y31.03 E.00645
;WIDTH:0.899381
G1 X47.145 Y30.989 E.00679
;WIDTH:0.947257
G1 X47.076 Y30.948 E.00717
G1 X45.202 Y30.948 E.1675
G1 X45.202 Y30.052 E.08008
G1 X47.076 Y30.052 E.1675
G1 X47.199 Y30.028 E.0112
;WIDTH:0.899381
G1 X47.321 Y30.004 E.01052
;WIDTH:0.851505
G1 X47.444 Y29.98 E.01
;WIDTH:0.803628
G1 X47.567 Y29.956 E.0094
;WIDTH:0.755752
G1 X47.69 Y29.932 E.00881
;WIDTH:0.707876
G1 X47.813 Y29.908 E.00821
;WIDTH:0.659999
G1 X351.45 Y29.908 E18.43559
;WIDTH:0.68804
G1 X351.819 Y29.923 E.02346
;WIDTH:0.716081
G1 X352.187 Y29.937 E.02442
;WIDTH:0.764551
G1 X352.283 Y29.961 E.00704
;WIDTH:0.81302
G1 X352.379 Y29.985 E.00752
;WIDTH:0.861489
G1 X352.475 Y30.009 E.008
;WIDTH:0.909958
G1 X352.572 Y30.033 E.00856
;WIDTH:0.958427
G1 X352.668 Y30.058 E.00898
G1 X352.924 Y30.052 E.02317
;WIDTH:0.947257
G1 X354.798 Y30.052 E.1675
G1 X354.798 Y30.948 E.08008
G1 X352.757 Y30.948 E.18242
G1 X352.667 Y31.031 E.01094
;WIDTH:0.899381
G1 X352.577 Y31.113 E.0103
;WIDTH:0.851505
G1 X352.487 Y31.196 E.00977
;WIDTH:0.803628
G1 X352.398 Y31.279 E.00913
;WIDTH:0.755752
G1 X352.308 Y31.362 E.0086
;WIDTH:0.707876
G1 X352.218 Y31.445 E.00802
;WIDTH:0.659999
G1 X352.077 Y31.727 E.01914
G1 X352.042 Y31.974 E.01515
G1 X352.042 Y367.992 E20.40163
G1 X342.865 Y367.992 E.55719
G1 X342.517 Y368.091 E.02197
G1 X342.251 Y368.304 E.02069
G1 X342.086 Y368.596 E.02036
G1 X342.042 Y368.874 E.01709
G1 X342.042 Y370.092 E.07395
G1 X205.958 Y370.092 E8.26246
G1 X205.958 Y368.874 E.07395
G1 X205.915 Y368.6 E.01684
G1 X205.834 Y368.423 E.01182
G1 X205.681 Y368.232 E.01486
G1 X205.429 Y368.065 E.01836
G1 X205.081 Y367.992 E.02159
G1 X200 Y367.992 E.3085
G1 X194.968 Y367.992 E.30552
G1 X194.612 Y368.094 E.02248
G1 X194.347 Y368.308 E.02068
G1 X194.185 Y368.6 E.02027
G1 X194.142 Y368.874 E.01684
G1 X194.142 Y370.092 E.07395
G1 X57.958 Y370.092 E8.26853
G1 X57.958 Y368.874 E.07395
G1 X57.914 Y368.596 E.01709
G1 X57.832 Y368.418 E.0119
G1 X57.677 Y368.228 E.01489
G1 X57.408 Y368.057 E.01935
G1 X57.076 Y367.992 E.02054
G1 X47.958 Y367.992 E.55361
G1 X47.958 Y31.974 E20.40163
G1 X47.923 Y31.727 E.01515
G1 X47.782 Y31.445 E.01914
G1 X47.755 Y31.422 E.00215
G1 X47.265 Y31.785 F9000
;TYPE:External perimeter
;WIDTH:0.629999
G1 F1500
G1 X47.212 Y31.719 E.00489
G1 X47.076 Y31.685 E.00809
G1 X44.465 Y31.685 E.15071
G1 X44.465 Y29.315 E.1368
G1 X355.535 Y29.315 E17.95573
G1 X355.535 Y31.685 E.1368
G1 X352.881 Y31.685 E.1532
G1 X352.693 Y31.801 E.01275
G1 X352.635 Y31.974 E.01053
G1 X352.635 Y368.585 E19.43002
G1 X342.887 Y368.585 E.56268
G1 X342.704 Y368.687 E.01209
G1 X342.635 Y368.874 E.01151
G1 X342.635 Y370.685 E.10454
G1 X205.365 Y370.685 E7.92356
G1 X205.365 Y368.805 E.10852
G1 X205.254 Y368.647 E.01115
G1 X205.079 Y368.585 E.01072
G1 X194.986 Y368.585 E.58259
G1 X194.802 Y368.689 E.0122
G1 X194.735 Y368.874 E.01136
G1 X194.735 Y370.685 E.10454
G1 X57.365 Y370.685 E7.92933
G1 X57.365 Y368.804 E.10858
G1 X57.253 Y368.645 E.01123
G1 X57.076 Y368.585 E.01079
G1 X47.365 Y368.585 E.56054
G1 X47.365 Y31.907 E19.43388
G1 X47.322 Y31.855 E.00389
G1 E-4.2 F3600
;WIPE_START
G1 F7200
G1 X47.265 Y31.785 E-.04288
G1 X47.212 Y31.719 E-.04021
G1 X47.076 Y31.685 E-.06659
G1 X44.465 Y31.685 E-1.24022
G1 X44.465 Y30.822 E-.4101
;WIPE_END
G1 X51.297 Y30.377 F9000
G1 E6 F2400
;TYPE:Internal infill
;WIDTH:0.66
G1 F3000
G1 X47.844 Y30.377 E.20965
G1 X47.66 Y30.449 E.012
G1 X351.573 Y334.362 E26.09558
G1 X351.573 Y341.012 E.40376
G1 X322.962 Y369.623 E2.45669
G1 X317.99 Y369.623 E.30188
G1 X48.427 Y100.06 E23.14611
G1 X48.427 Y93.41 E.40376
G1 X111.46 Y30.377 E5.41235
G1 X116.431 Y30.377 E.30182
G1 X351.573 Y265.519 E20.19054
G1 X351.573 Y272.168 E.4037
G1 X254.118 Y369.623 E8.368
G1 X249.147 Y369.623 E.30182
G1 X48.427 Y168.903 E17.23488
G1 X48.427 Y162.254 E.4037
G1 X180.304 Y30.377 E11.32366
G1 X185.275 Y30.377 E.30182
G1 X351.573 Y196.675 E14.27923
G1 X351.573 Y203.325 E.40376
G1 X185.275 Y369.623 E14.27923
G1 X180.304 Y369.623 E.30182
G1 X48.427 Y237.746 E11.32366
G1 X48.427 Y231.097 E.4037
G1 X249.147 Y30.377 E17.23488
G1 X254.118 Y30.377 E.30182
G1 X351.573 Y127.832 E8.368
G1 X351.573 Y134.481 E.4037
G1 X116.431 Y369.623 E20.19054
G1 X111.46 Y369.623 E.30182
G1 X48.427 Y306.59 E5.41235
G1 X48.427 Y299.94 E.40376
G1 X317.99 Y30.377 E23.14611
G1 X322.962 Y30.377 E.30188
G1 X351.573 Y58.988 E2.45669
G1 X351.573 Y65.638 E.40376
G1 X49.688 Y367.523 E25.92145
G1 X48.427 Y367.523 E.07656
G1 X48.427 Y365.133 E.14511
G1 E-4.2 F3600
;WIPE_START
G1 F7200
G1 X48.427 Y367.523 E-1.13525
G1 X49.688 Y367.523 E-.59898
G1 X49.786 Y367.425 E-.06577
;WIPE_END
G1 X193.28 Y369.623 F9000
G1 E6 F2400
G1 F3000
G1 X193.673 Y369.623 E.02386
G1 X193.673 Y368.861 E.04627
G1 X193.737 Y368.457 E.02484
G1 X193.863 Y368.18 E.01848
G1 X194.093 Y367.894 E.02228
G1 X194.52 Y367.62 E.0308
G1 X194.777 Y367.545 E.01625
G1 X195.414 Y367.523 E.0387
G1 X48.427 Y220.536 E12.62108
G1 X48.427 Y213.886 E.40376
G1 X231.936 Y30.377 E15.75705
G1 X236.907 Y30.377 E.30182
G1 X351.573 Y145.043 E9.84583
G1 X351.573 Y151.692 E.4037
G1 X133.642 Y369.623 E18.71271
G1 X128.671 Y369.623 E.30182
G1 X48.427 Y289.379 E6.89017
G1 X48.427 Y282.73 E.4037
G1 X300.78 Y30.377 E21.66837
G1 X305.751 Y30.377 E.30182
G1 X351.573 Y76.199 E3.93452
G1 X351.573 Y82.849 E.40376
G1 X64.799 Y369.623 E24.62393
G1 X59.828 Y369.623 E.30182
G1 X48.427 Y358.222 E.97895
G1 X48.427 Y351.573 E.4037
G1 X351.573 Y48.427 E26.02972
G1 X351.573 Y41.778 E.4037
G1 X340.172 Y30.377 E.97895
G1 X335.201 Y30.377 E.30182
G1 X48.427 Y317.151 E24.62393
G1 X48.427 Y323.801 E.40376
G1 X94.249 Y369.623 E3.93452
G1 X99.22 Y369.623 E.30182
G1 X351.573 Y117.27 E21.66837
G1 X351.573 Y110.621 E.4037
G1 X271.329 Y30.377 E6.89017
G1 X266.358 Y30.377 E.30182
G1 X48.427 Y248.308 E18.71271
G1 X48.427 Y254.957 E.4037
G1 X163.093 Y369.623 E9.84583
G1 X168.064 Y369.623 E.30182
G1 X351.573 Y186.114 E15.75705
G1 X351.573 Y179.464 E.40376
G1 X202.486 Y30.377 E12.8014
G1 X197.514 Y30.377 E.30188
G1 X48.427 Y179.464 E12.8014
G1 X48.427 Y186.114 E.40376
G1 X231.936 Y369.623 E15.75705
G1 X236.907 Y369.623 E.30182
G1 X351.573 Y254.957 E9.84583
G1 X351.573 Y248.308 E.4037
G1 X133.642 Y30.377 E18.71271
G1 X128.671 Y30.377 E.30182
G1 X48.427 Y110.621 E6.89017
G1 X48.427 Y117.27 E.4037
G1 X300.78 Y369.623 E21.66837
G1 X305.751 Y369.623 E.30182
G1 X351.573 Y323.801 E3.93452
G1 X351.573 Y317.151 E.40376
G1 X64.799 Y30.377 E24.62393
G1 X59.828 Y30.377 E.30182
G1 X48.427 Y41.778 E.97895
G1 X48.427 Y48.427 E.4037
G1 X351.573 Y351.573 E26.02972
G1 X351.573 Y358.222 E.4037
G1 X340.172 Y369.623 E.97895
G1 X335.201 Y369.623 E.30182
G1 X48.427 Y82.849 E24.62393
G1 X48.427 Y76.199 E.40376
G1 X94.249 Y30.377 E3.93452
G1 X99.22 Y30.377 E.30182
G1 X351.573 Y282.73 E21.66837
G1 X351.573 Y289.379 E.4037
G1 X271.329 Y369.623 E6.89017
G1 X266.358 Y369.623 E.30182
G1 X48.427 Y151.692 E18.71271
G1 X48.427 Y145.043 E.4037
G1 X163.093 Y30.377 E9.84583
G1 X168.064 Y30.377 E.30182
G1 X351.573 Y213.886 E15.75705
G1 X351.573 Y220.536 E.40376
G1 X204.586 Y367.523 E12.62108
G1 X205.432 Y367.569 E.05144
G1 X205.762 Y367.709 E.02176
G1 X206.005 Y367.892 E.01847
G1 X206.237 Y368.18 E.02245
G1 X206.363 Y368.457 E.01848
G1 X206.427 Y368.861 E.02484
G1 X206.427 Y369.623 E.04627
G1 X206.721 Y369.623 E.01785
G1 E-4.2 F3600
;WIPE_START
G1 F7200
G1 X206.427 Y369.623 E-.13965
G1 X206.427 Y368.861 E-.36195
G1 X206.363 Y368.457 E-.19429
G1 X206.237 Y368.18 E-.14455
G1 X206.005 Y367.892 E-.17567
G1 X205.762 Y367.709 E-.1445
G1 X205.432 Y367.569 E-.17027
G1 X204.586 Y367.523 E-.40244
G1 X204.685 Y367.424 E-.06668
;WIPE_END
G1 X351.573 Y365.133 F9000
G1 E6 F2400
G1 F3000
G1 X351.573 Y367.523 E.14511
G1 X350.312 Y367.523 E.07656
G1 X48.427 Y65.638 E25.92145
G1 X48.427 Y58.988 E.40376
G1 X77.038 Y30.377 E2.45669
G1 X82.01 Y30.377 E.30188
G1 X351.573 Y299.94 E23.14611
G1 X351.573 Y306.59 E.40376
G1 X288.54 Y369.623 E5.41235
G1 X283.569 Y369.623 E.30182
G1 X48.427 Y134.481 E20.19054
G1 X48.427 Y127.832 E.4037
G1 X145.882 Y30.377 E8.368
G1 X150.853 Y30.377 E.30182
G1 X351.573 Y231.097 E17.23488
G1 X351.573 Y237.746 E.4037
G1 X219.696 Y369.623 E11.32366
G1 X214.725 Y369.623 E.30182
G1 X48.427 Y203.325 E14.27923
G1 X48.427 Y196.675 E.40376
G1 X214.725 Y30.377 E14.27923
G1 X219.696 Y30.377 E.30182
G1 X351.573 Y162.254 E11.32366
G1 X351.573 Y168.903 E.4037
G1 X150.853 Y369.623 E17.23488
G1 X145.882 Y369.623 E.30182
G1 X48.427 Y272.168 E8.368
G1 X48.427 Y265.519 E.4037
G1 X283.569 Y30.377 E20.19054
G1 X288.54 Y30.377 E.30182
G1 X351.573 Y93.41 E5.41235
G1 X351.573 Y100.06 E.40376
G1 X82.01 Y369.623 E23.14611
G1 X77.038 Y369.623 E.30188
G1 X48.427 Y341.012 E2.45669
G1 X48.427 Y334.362 E.40376
G1 X352.286 Y30.503 E26.09094
G1 X352.142 Y30.43 E.0098
G1 X351.444 Y30.377 E.0425
G1 X348.655 Y30.377 E.16934
;LAYER_CHANGE
;Z:1.5
;HEIGHT:0.24
;BEFORE_LAYER_CHANGE
G92 E0
;1.5


G1 E-4.2 F3600
;WIPE_START
G1 F7200
G1 X351.444 Y30.377 E-1.32477
G1 X352.142 Y30.43 E-.3325
G1 X352.286 Y30.503 E-.07669
G1 X352.188 Y30.601 E-.06604
;WIPE_END
G1 Z1.5 F9000
;AFTER_LAYER_CHANGE
;1.5
G1 X352.31 Y31.36
G1 E6 F2400
;TYPE:Perimeter
;WIDTH:0.755752
G1 X352.308 Y31.362 E.0002
;WIDTH:0.707876
G1 X352.218 Y31.445 E.00802
;WIDTH:0.659999
G1 X352.077 Y31.727 E.01914
G1 X352.042 Y31.974 E.01515
G1 X352.042 Y367.992 E20.40163
G1 X342.865 Y367.992 E.55719
G1 X342.517 Y368.091 E.02197
G1 X342.251 Y368.304 E.02069
G1 X342.086 Y368.596 E.02036
G1 X342.042 Y368.874 E.01709
G1 X342.042 Y370.092 E.07395
G1 X205.958 Y370.092 E8.26246
G1 X205.958 Y368.874 E.07395
G1 X205.915 Y368.6 E.01684
G1 X205.834 Y368.423 E.01182
G1 X205.681 Y368.232 E.01486
G1 X205.429 Y368.065 E.01836
G1 X205.081 Y367.992 E.02159
G1 X200 Y367.992 E.3085
G1 X194.968 Y367.992 E.30552
G1 X194.612 Y368.094 E.02248
G1 X194.347 Y368.308 E.02068
G1 X194.185 Y368.6 E.02027
G1 X194.142 Y368.874 E.01684
G1 X194.142 Y370.092 E.07395
G1 X57.958 Y370.092 E8.26853
G1 X57.958 Y368.874 E.07395
G1 X57.914 Y368.596 E.01709
G1 X57.832 Y368.418 E.0119
G1 X57.677 Y368.228 E.01489
G1 X57.408 Y368.057 E.01935
G1 X57.076 Y367.992 E.02054
G1 X47.958 Y367.992 E.55361
G1 X47.958 Y31.974 E20.40163
G1 X47.923 Y31.727 E.01515
G1 X47.782 Y31.445 E.01914
G1 X47.491 Y31.195 E.02329
;WIDTH:0.707876
G1 X47.422 Y31.154 E.00526
;WIDTH:0.755752
G1 X47.353 Y31.113 E.00564
;WIDTH:0.803628
G1 X47.283 Y31.072 E.00609
;WIDTH:0.851505
G1 X47.214 Y31.03 E.00645
;WIDTH:0.899381
G1 X47.145 Y30.989 E.00679
;WIDTH:0.947257
G1 X47.076 Y30.948 E.00717
G1 X45.202 Y30.948 E.1675
G1 X45.202 Y30.052 E.08008
G1 X47.076 Y30.052 E.1675
G1 X47.199 Y30.028 E.0112
;WIDTH:0.899381
G1 X47.321 Y30.004 E.01052
;WIDTH:0.851505
G1 X47.444 Y29.98 E.01
;WIDTH:0.803628
G1 X47.567 Y29.956 E.0094
;WIDTH:0.755752
G1 X47.69 Y29.932 E.00881
;WIDTH:0.707876
G1 X47.813 Y29.908 E.00821
;WIDTH:0.659999
G1 X351.45 Y29.908 E18.43559
;WIDTH:0.68804
G1 X351.819 Y29.923 E.02346
;WIDTH:0.716081
G1 X352.187 Y29.937 E.02442
;WIDTH:0.764551
G1 X352.283 Y29.961 E.00704
;WIDTH:0.81302
G1 X352.379 Y29.985 E.00752
;WIDTH:0.861489
G1 X352.475 Y30.009 E.008
;WIDTH:0.909958
G1 X352.572 Y30.033 E.00856
;WIDTH:0.958427
G1 X352.668 Y30.058 E.00898
G1 X352.924 Y30.052 E.02317
;WIDTH:0.947257
G1 X354.798 Y30.052 E.1675
G1 X354.798 Y30.948 E.08008
G1 X352.757 Y30.948 E.18242
G1 X352.667 Y31.031 E.01094
;WIDTH:0.899381
G1 X352.577 Y31.113 E.0103
;WIDTH:0.851505
G1 X352.487 Y31.196 E.00977
;WIDTH:0.803628
G1 X352.398 Y31.279 E.00913
;WIDTH:0.755752
G1 X352.376 Y31.299 E.00209
G1 X352.73 Y31.778 F9000
;TYPE:External perimeter
;WIDTH:0.629999
G1 F1500
G1 X352.693 Y31.801 E.00251
G1 X352.635 Y31.974 E.01053
G1 X352.635 Y368.585 E19.43002
G1 X342.887 Y368.585 E.56268
G1 X342.704 Y368.687 E.01209
G1 X342.635 Y368.874 E.01151
G1 X342.635 Y370.685 E.10454
G1 X205.365 Y370.685 E7.92356
G1 X205.365 Y368.805 E.10852
G1 X205.254 Y368.647 E.01115
G1 X205.079 Y368.585 E.01072
G1 X194.986 Y368.585 E.58259
G1 X194.802 Y368.689 E.0122
G1 X194.735 Y368.874 E.01136
G1 X194.735 Y370.685 E.10454
G1 X57.365 Y370.685 E7.92933
G1 X57.365 Y368.804 E.10858
G1 X57.253 Y368.645 E.01123
G1 X57.076 Y368.585 E.01079
G1 X47.365 Y368.585 E.56054
G1 X47.365 Y31.907 E19.43388
G1 X47.212 Y31.719 E.01399
G1 X47.076 Y31.685 E.00809
G1 X44.465 Y31.685 E.15071
G1 X44.465 Y29.315 E.1368
G1 X355.535 Y29.315 E17.95573
G1 X355.535 Y31.685 E.1368
G1 X352.881 Y31.685 E.1532
G1 X352.807 Y31.731 E.00503
G1 E-4.2 F3600
;WIPE_START
G1 F7200
G1 X352.73 Y31.778 E-.04285
G1 X352.693 Y31.801 E-.02069
G1 X352.635 Y31.974 E-.08667
G1 X352.635 Y35.447 E-1.64979
;WIPE_END
G1 X348.655 Y30.377 F9000
G1 E6 F2400
;TYPE:Internal infill
;WIDTH:0.66
G1 F3000
G1 X351.444 Y30.377 E.16934
G1 X352.142 Y30.43 E.0425
G1 X352.286 Y30.503 E.0098
G1 X48.427 Y334.362 E26.09094
G1 X48.427 Y341.012 E.40376
G1 X77.038 Y369.623 E2.45669
G1 X82.01 Y369.623 E.30188
G1 X351.573 Y100.06 E23.14611
G1 X351.573 Y93.41 E.40376
G1 X288.54 Y30.377 E5.41235
G1 X283.569 Y30.377 E.30182
G1 X48.427 Y265.519 E20.19054
G1 X48.427 Y272.168 E.4037
G1 X145.882 Y369.623 E8.368
G1 X150.853 Y369.623 E.30182
G1 X351.573 Y168.903 E17.23488
G1 X351.573 Y162.254 E.4037
G1 X219.696 Y30.377 E11.32366
G1 X214.725 Y30.377 E.30182
G1 X48.427 Y196.675 E14.27923
G1 X48.427 Y203.325 E.40376
G1 X214.725 Y369.623 E14.27923
G1 X219.696 Y369.623 E.30182
G1 X351.573 Y237.746 E11.32366
G1 X351.573 Y231.097 E.4037
G1 X150.853 Y30.377 E17.23488
G1 X145.882 Y30.377 E.30182
G1 X48.427 Y127.832 E8.368
G1 X48.427 Y134.481 E.4037
G1 X283.569 Y369.623 E20.19054
G1 X288.54 Y369.623 E.30182
G1 X351.573 Y306.59 E5.41235
G1 X351.573 Y299.94 E.40376
G1 X82.01 Y30.377 E23.14611
G1 X77.038 Y30.377 E.30188
G1 X48.427 Y58.988 E2.45669
G1 X48.427 Y65.638 E.40376
G1 X350.312 Y367.523 E25.92145
G1 X351.573 Y367.523 E.07656
G1 X351.573 Y365.133 E.14511
G1 E-4.2 F3600
;WIPE_START
G1 F7200
G1 X351.573 Y367.523 E-1.13525
G1 X350.312 Y367.523 E-.59897
G1 X350.214 Y367.425 E-.06578
;WIPE_END
G1 X206.721 Y369.623 F9000
G1 E6 F2400
G1 F3000
G1 X206.427 Y369.623 E.01785
G1 X206.427 Y368.861 E.04627
G1 X206.363 Y368.457 E.02484
G1 X206.237 Y368.18 E.01848
G1 X206.005 Y367.892 E.02245
G1 X205.762 Y367.709 E.01847
G1 X205.432 Y367.569 E.02176
G1 X204.586 Y367.523 E.05144
G1 X351.573 Y220.536 E12.62108
G1 X351.573 Y213.886 E.40376
G1 X168.064 Y30.377 E15.75705
G1 X163.093 Y30.377 E.30182
G1 X48.427 Y145.043 E9.84583
G1 X48.427 Y151.692 E.4037
G1 X266.358 Y369.623 E18.71271
G1 X271.329 Y369.623 E.30182
G1 X351.573 Y289.379 E6.89017
G1 X351.573 Y282.73 E.4037
G1 X99.22 Y30.377 E21.66837
G1 X94.249 Y30.377 E.30182
G1 X48.427 Y76.199 E3.93452
G1 X48.427 Y82.849 E.40376
G1 X335.201 Y369.623 E24.62393
G1 X340.172 Y369.623 E.30182
G1 X351.573 Y358.222 E.97895
G1 X351.573 Y351.573 E.4037
G1 X48.427 Y48.427 E26.02972
G1 X48.427 Y41.778 E.4037
G1 X59.828 Y30.377 E.97895
G1 X64.799 Y30.377 E.30182
G1 X351.573 Y317.151 E24.62393
G1 X351.573 Y323.801 E.40376
G1 X305.751 Y369.623 E3.93452
G1 X300.78 Y369.623 E.30182
G1 X48.427 Y117.27 E21.66837
G1 X48.427 Y110.621 E.4037
G1 X128.671 Y30.377 E6.89017
G1 X133.642 Y30.377 E.30182
G1 X351.573 Y248.308 E18.71271
G1 X351.573 Y254.957 E.4037
G1 X236.907 Y369.623 E9.84583
G1 X231.936 Y369.623 E.30182
G1 X48.427 Y186.114 E15.75705
G1 X48.427 Y179.464 E.40376
G1 X197.514 Y30.377 E12.8014
G1 X202.486 Y30.377 E.30188
G1 X351.573 Y179.464 E12.8014
G1 X351.573 Y186.114 E.40376
G1 X168.064 Y369.623 E15.75705
G1 X163.093 Y369.623 E.30182
G1 X48.427 Y254.957 E9.84583
G1 X48.427 Y248.308 E.4037
G1 X266.358 Y30.377 E18.71271
G1 X271.329 Y30.377 E.30182
G1 X351.573 Y110.621 E6.89017
G1 X351.573 Y117.27 E.4037
G1 X99.22 Y369.623 E21.66837
G1 X94.249 Y369.623 E.30182
G1 X48.427 Y323.801 E3.93452
G1 X48.427 Y317.151 E.40376
G1 X335.201 Y30.377 E24.62393
G1 X340.172 Y30.377 E.30182
G1 X351.573 Y41.778 E.97895
G1 X351.573 Y48.427 E.4037
G1 X48.427 Y351.573 E26.02972
G1 X48.427 Y358.222 E.4037
G1 X59.828 Y369.623 E.97895
G1 X64.799 Y369.623 E.30182
G1 X351.573 Y82.849 E24.62393
G1 X351.573 Y76.199 E.40376
G1 X305.751 Y30.377 E3.93452
G1 X300.78 Y30.377 E.30182
G1 X48.427 Y282.73 E21.66837
G1 X48.427 Y289.379 E.4037
G1 X128.671 Y369.623 E6.89017
G1 X133.642 Y369.623 E.30182
G1 X351.573 Y151.692 E18.71271
G1 X351.573 Y145.043 E.4037
G1 X236.907 Y30.377 E9.84583
G1 X231.936 Y30.377 E.30182
G1 X48.427 Y213.886 E15.75705
G1 X48.427 Y220.536 E.40376
G1 X195.414 Y367.523 E12.62108
G1 X194.777 Y367.545 E.0387
G1 X194.52 Y367.62 E.01625
G1 X194.093 Y367.894 E.0308
G1 X193.863 Y368.18 E.02228
G1 X193.737 Y368.457 E.01848
G1 X193.673 Y368.861 E.02484
G1 X193.673 Y369.623 E.04627
G1 X193.28 Y369.623 E.02386
G1 E-4.2 F3600
;WIPE_START
G1 F7200
G1 X193.673 Y369.623 E-.18668
G1 X193.673 Y368.861 E-.36195
G1 X193.737 Y368.457 E-.19429
G1 X193.863 Y368.18 E-.14455
G1 X194.093 Y367.894 E-.17433
G1 X194.52 Y367.62 E-.24099
G1 X194.777 Y367.545 E-.12717
G1 X195.414 Y367.523 E-.30276
G1 X195.314 Y367.423 E-.06728
;WIPE_END
G1 X48.427 Y365.133 F9000
G1 E6 F2400
G1 F3000
G1 X48.427 Y367.523 E.14511
G1 X49.688 Y367.523 E.07656
G1 X351.573 Y65.638 E25.92145
G1 X351.573 Y58.988 E.40376
G1 X322.962 Y30.377 E2.45669
G1 X317.99 Y30.377 E.30188
G1 X48.427 Y299.94 E23.14611
G1 X48.427 Y306.59 E.40376
G1 X111.46 Y369.623 E5.41235
G1 X116.431 Y369.623 E.30182
G1 X351.573 Y134.481 E20.19054
G1 X351.573 Y127.832 E.4037
G1 X254.118 Y30.377 E8.368
G1 X249.147 Y30.377 E.30182
G1 X48.427 Y231.097 E17.23488
G1 X48.427 Y237.746 E.4037
G1 X180.304 Y369.623 E11.32366
G1 X185.275 Y369.623 E.30182
G1 X351.573 Y203.325 E14.27923
G1 X351.573 Y196.675 E.40376
G1 X185.275 Y30.377 E14.27923
G1 X180.304 Y30.377 E.30182
G1 X48.427 Y162.254 E11.32366
G1 X48.427 Y168.903 E.4037
G1 X249.147 Y369.623 E17.23488
G1 X254.118 Y369.623 E.30182
G1 X351.573 Y272.168 E8.368
G1 X351.573 Y265.519 E.4037
G1 X116.431 Y30.377 E20.19054
G1 X111.46 Y30.377 E.30182
G1 X48.427 Y93.41 E5.41235
G1 X48.427 Y100.06 E.40376
G1 X317.99 Y369.623 E23.14611
G1 X322.962 Y369.623 E.30188
G1 X351.573 Y341.012 E2.45669
G1 X351.573 Y334.362 E.40376
G1 X47.66 Y30.449 E26.09558
G1 X47.844 Y30.377 E.012
G1 X51.297 Y30.377 E.20965
;LAYER_CHANGE
;Z:1.74
;HEIGHT:0.24
;BEFORE_LAYER_CHANGE
G92 E0
;1.74


G1 E-4.2 F3600
;WIPE_START
G1 F7200
G1 X47.844 Y30.377 E-1.64018
G1 X47.66 Y30.449 E-.09385
G1 X47.758 Y30.547 E-.06597
;WIPE_END
G1 Z1.74 F9000
;AFTER_LAYER_CHANGE
;1.74
G1 X47.687 Y31.363
G1 E6 F2400
;TYPE:Perimeter
;WIDTH:0.659999
G1 X47.491 Y31.195 E.01567
;WIDTH:0.707876
G1 X47.422 Y31.154 E.00526
;WIDTH:0.755752
G1 X47.353 Y31.113 E.00564
;WIDTH:0.803628
G1 X47.283 Y31.072 E.00609
;WIDTH:0.851505
G1 X47.214 Y31.03 E.00645
;WIDTH:0.899381
G1 X47.145 Y30.989 E.00679
;WIDTH:0.947257
G1 X47.076 Y30.948 E.00717
G1 X45.202 Y30.948 E.1675
G1 X45.202 Y30.052 E.08008
G1 X47.076 Y30.052 E.1675
G1 X47.199 Y30.028 E.0112
;WIDTH:0.899381
G1 X47.321 Y30.004 E.01052
;WIDTH:0.851505
G1 X47.444 Y29.98 E.01
;WIDTH:0.803628
G1 X47.567 Y29.956 E.0094
;WIDTH:0.755752
G1 X47.69 Y29.932 E.00881
;WIDTH:0.707876
G1 X47.813 Y29.908 E.00821
;WIDTH:0.659999
G1 X351.45 Y29.908 E18.43559
;WIDTH:0.68804
G1 X351.819 Y29.923 E.02346
;WIDTH:0.716081
G1 X352.187 Y29.937 E.02442
;WIDTH:0.764551
G1 X352.283 Y29.961 E.00704
;WIDTH:0.81302
G1 X352.379 Y29.985 E.00752
;WIDTH:0.861489
G1 X352.475 Y30.009 E.008
;WIDTH:0.909958
G1 X352.572 Y30.033 E.00856
;WIDTH:0.958427
G1 X352.668 Y30.058 E.00898
G1 X352.924 Y30.052 E.02317
;WIDTH:0.947257
G1 X354.798 Y30.052 E.1675
G1 X354.798 Y30.948 E.08008
G1 X352.757 Y30.948 E.18242
G1 X352.667 Y31.031 E.01094
;WIDTH:0.899381
G1 X352.577 Y31.113 E.0103
;WIDTH:0.851505
G1 X352.487 Y31.196 E.00977
;WIDTH:0.803628
G1 X352.398 Y31.279 E.00913
;WIDTH:0.755752
G1 X352.308 Y31.362 E.0086
;WIDTH:0.707876
G1 X352.218 Y31.445 E.00802
;WIDTH:0.659999
G1 X352.077 Y31.727 E.01914
G1 X352.042 Y31.974 E.01515
G1 X352.042 Y367.992 E20.40163
G1 X342.865 Y367.992 E.55719
G1 X342.517 Y368.091 E.02197
G1 X342.251 Y368.304 E.02069
G1 X342.086 Y368.596 E.02036
G1 X342.042 Y368.874 E.01709
G1 X342.042 Y370.092 E.07395
G1 X205.958 Y370.092 E8.26246
G1 X205.958 Y368.874 E.07395
G1 X205.915 Y368.6 E.01684
G1 X205.834 Y368.423 E.01182
G1 X205.681 Y368.232 E.01486
G1 X205.429 Y368.065 E.01836
G1 X205.081 Y367.992 E.02159
G1 X200 Y367.992 E.3085
G1 X194.968 Y367.992 E.30552
G1 X194.612 Y368.094 E.02248
G1 X194.347 Y368.308 E.02068
G1 X194.185 Y368.6 E.02027
G1 X194.142 Y368.874 E.01684
G1 X194.142 Y370.092 E.07395
G1 X57.958 Y370.092 E8.26853
G1 X57.958 Y368.874 E.07395
G1 X57.914 Y368.596 E.01709
G1 X57.832 Y368.418 E.0119
G1 X57.677 Y368.228 E.01489
G1 X57.408 Y368.057 E.01935
G1 X57.076 Y367.992 E.02054
G1 X47.958 Y367.992 E.55361
G1 X47.958 Y31.974 E20.40163
G1 X47.923 Y31.727 E.01515
G1 X47.782 Y31.445 E.01914
G1 X47.755 Y31.422 E.00215
G1 X47.265 Y31.785 F9000
;TYPE:External perimeter
;WIDTH:0.629999
G1 F1500
G1 X47.212 Y31.719 E.00489
G1 X47.076 Y31.685 E.00809
G1 X44.465 Y31.685 E.15071
G1 X44.465 Y29.315 E.1368
G1 X355.535 Y29.315 E17.95573
G1 X355.535 Y31.685 E.1368
G1 X352.881 Y31.685 E.1532
G1 X352.693 Y31.801 E.01275
G1 X352.635 Y31.974 E.01053
G1 X352.635 Y368.585 E19.43002
G1 X342.887 Y368.585 E.56268
G1 X342.704 Y368.687 E.01209
G1 X342.635 Y368.874 E.01151
G1 X342.635 Y370.685 E.10454
G1 X205.365 Y370.685 E7.92356
G1 X205.365 Y368.805 E.10852
G1 X205.254 Y368.647 E.01115
G1 X205.079 Y368.585 E.01072
G1 X194.986 Y368.585 E.58259
G1 X194.802 Y368.689 E.0122
G1 X194.735 Y368.874 E.01136
G1 X194.735 Y370.685 E.10454
G1 X57.365 Y370.685 E7.92933
G1 X57.365 Y368.804 E.10858
G1 X57.253 Y368.645 E.01123
G1 X57.076 Y368.585 E.01079
G1 X47.365 Y368.585 E.56054
G1 X47.365 Y31.907 E19.43388
G1 X47.322 Y31.855 E.00389
G1 E-4.2 F3600
;WIPE_START
G1 F7200
G1 X47.265 Y31.785 E-.04288
G1 X47.212 Y31.719 E-.04021
G1 X47.076 Y31.685 E-.06659
G1 X44.465 Y31.685 E-1.24022
G1 X44.465 Y30.822 E-.4101
;WIPE_END
G1 X51.297 Y30.377 F9000
G1 E6 F2400
;TYPE:Internal infill
;WIDTH:0.66
G1 F3000
G1 X47.844 Y30.377 E.20965
G1 X47.66 Y30.449 E.012
G1 X351.573 Y334.362 E26.09558
G1 X351.573 Y341.012 E.40376
G1 X322.962 Y369.623 E2.45669
G1 X317.99 Y369.623 E.30188
G1 X48.427 Y100.06 E23.14611
G1 X48.427 Y93.41 E.40376
G1 X111.46 Y30.377 E5.41235
G1 X116.431 Y30.377 E.30182
G1 X351.573 Y265.519 E20.19054
G1 X351.573 Y272.168 E.4037
G1 X254.118 Y369.623 E8.368
G1 X249.147 Y369.623 E.30182
G1 X48.427 Y168.903 E17.23488
G1 X48.427 Y162.254 E.4037
G1 X180.304 Y30.377 E11.32366
G1 X185.275 Y30.377 E.30182
G1 X351.573 Y196.675 E14.27923
G1 X351.573 Y203.325 E.40376
G1 X185.275 Y369.623 E14.27923
G1 X180.304 Y369.623 E.30182
G1 X48.427 Y237.746 E11.32366
G1 X48.427 Y231.097 E.4037
G1 X249.147 Y30.377 E17.23488
G1 X254.118 Y30.377 E.30182
G1 X351.573 Y127.832 E8.368
G1 X351.573 Y134.481 E.4037
G1 X116.431 Y369.623 E20.19054
G1 X111.46 Y369.623 E.30182
G1 X48.427 Y306.59 E5.41235
G1 X48.427 Y299.94 E.40376
G1 X317.99 Y30.377 E23.14611
G1 X322.962 Y30.377 E.30188
G1 X351.573 Y58.988 E2.45669
G1 X351.573 Y65.638 E.40376
G1 X49.688 Y367.523 E25.92145
G1 X48.427 Y367.523 E.07656
G1 X48.427 Y365.133 E.14511
G1 E-4.2 F3600
;WIPE_START
G1 F7200
G1 X48.427 Y367.523 E-1.13525
G1 X49.688 Y367.523 E-.59898
G1 X49.786 Y367.425 E-.06577
;WIPE_END
G1 X193.28 Y369.623 F9000
G1 E6 F2400
G1 F3000
G1 X193.673 Y369.623 E.02386
G1 X193.673 Y368.861 E.04627
G1 X193.737 Y368.457 E.02484
G1 X193.863 Y368.18 E.01848
G1 X194.093 Y367.894 E.02228
G1 X194.52 Y367.62 E.0308
G1 X194.777 Y367.545 E.01625
G1 X195.414 Y367.523 E.0387
G1 X48.427 Y220.536 E12.62108
G1 X48.427 Y213.886 E.40376
G1 X231.936 Y30.377 E15.75705
G1 X236.907 Y30.377 E.30182
G1 X351.573 Y145.043 E9.84583
G1 X351.573 Y151.692 E.4037
G1 X133.642 Y369.623 E18.71271
G1 X128.671 Y369.623 E.30182
G1 X48.427 Y289.379 E6.89017
G1 X48.427 Y282.73 E.4037
G1 X300.78 Y30.377 E21.66837
G1 X305.751 Y30.377 E.30182
G1 X351.573 Y76.199 E3.93452
G1 X351.573 Y82.849 E.40376
G1 X64.799 Y369.623 E24.62393
G1 X59.828 Y369.623 E.30182
G1 X48.427 Y358.222 E.97895
G1 X48.427 Y351.573 E.4037
G1 X351.573 Y48.427 E26.02972
G1 X351.573 Y41.778 E.4037
G1 X340.172 Y30.377 E.97895
G1 X335.201 Y30.377 E.30182
G1 X48.427 Y317.151 E24.62393
G1 X48.427 Y323.801 E.40376
G1 X94.249 Y369.623 E3.93452
G1 X99.22 Y369.623 E.30182
G1 X351.573 Y117.27 E21.66837
G1 X351.573 Y110.621 E.4037
G1 X271.329 Y30.377 E6.89017
G1 X266.358 Y30.377 E.30182
G1 X48.427 Y248.308 E18.71271
G1 X48.427 Y254.957 E.4037
G1 X163.093 Y369.623 E9.84583
G1 X168.064 Y369.623 E.30182
G1 X351.573 Y186.114 E15.75705
G1 X351.573 Y179.464 E.40376
G1 X202.486 Y30.377 E12.8014
G1 X197.514 Y30.377 E.30188
G1 X48.427 Y179.464 E12.8014
G1 X48.427 Y186.114 E.40376
G1 X231.936 Y369.623 E15.75705
G1 X236.907 Y369.623 E.30182
G1 X351.573 Y254.957 E9.84583
G1 X351.573 Y248.308 E.4037
G1 X133.642 Y30.377 E18.71271
G1 X128.671 Y30.377 E.30182
G1 X48.427 Y110.621 E6.89017
G1 X48.427 Y117.27 E.4037
G1 X300.78 Y369.623 E21.66837
G1 X305.751 Y369.623 E.30182
G1 X351.573 Y323.801 E3.93452
G1 X351.573 Y317.151 E.40376
G1 X64.799 Y30.377 E24.62393
G1 X59.828 Y30.377 E.30182
G1 X48.427 Y41.778 E.97895
G1 X48.427 Y48.427 E.4037
G1 X351.573 Y351.573 E26.02972
G1 X351.573 Y358.222 E.4037
G1 X340.172 Y369.623 E.97895
G1 X335.201 Y369.623 E.30182
G1 X48.427 Y82.849 E24.62393
G1 X48.427 Y76.199 E.40376
G1 X94.249 Y30.377 E3.93452
G1 X99.22 Y30.377 E.30182
G1 X351.573 Y282.73 E21.66837
G1 X351.573 Y289.379 E.4037
G1 X271.329 Y369.623 E6.89017
G1 X266.358 Y369.623 E.30182
G1 X48.427 Y151.692 E18.71271
G1 X48.427 Y145.043 E.4037
G1 X163.093 Y30.377 E9.84583
G1 X168.064 Y30.377 E.30182
G1 X351.573 Y213.886 E15.75705
G1 X351.573 Y220.536 E.40376
G1 X204.586 Y367.523 E12.62108
G1 X205.432 Y367.569 E.05144
G1 X205.762 Y367.709 E.02176
G1 X206.005 Y367.892 E.01847
G1 X206.237 Y368.18 E.02245
G1 X206.363 Y368.457 E.01848
G1 X206.427 Y368.861 E.02484
G1 X206.427 Y369.623 E.04627
G1 X206.721 Y369.623 E.01785
G1 E-4.2 F3600
;WIPE_START
G1 F7200
G1 X206.427 Y369.623 E-.13965
G1 X206.427 Y368.861 E-.36195
G1 X206.363 Y368.457 E-.19429
G1 X206.237 Y368.18 E-.14455
G1 X206.005 Y367.892 E-.17567
G1 X205.762 Y367.709 E-.1445
G1 X205.432 Y367.569 E-.17027
G1 X204.586 Y367.523 E-.40244
G1 X204.685 Y367.424 E-.06668
;WIPE_END
G1 X351.573 Y365.133 F9000
G1 E6 F2400
G1 F3000
G1 X351.573 Y367.523 E.14511
G1 X350.312 Y367.523 E.07656
G1 X48.427 Y65.638 E25.92145
G1 X48.427 Y58.988 E.40376
G1 X77.038 Y30.377 E2.45669
G1 X82.01 Y30.377 E.30188
G1 X351.573 Y299.94 E23.14611
G1 X351.573 Y306.59 E.40376
G1 X288.54 Y369.623 E5.41235
G1 X283.569 Y369.623 E.30182
G1 X48.427 Y134.481 E20.19054
G1 X48.427 Y127.832 E.4037
G1 X145.882 Y30.377 E8.368
G1 X150.853 Y30.377 E.30182
G1 X351.573 Y231.097 E17.23488
G1 X351.573 Y237.746 E.4037
G1 X219.696 Y369.623 E11.32366
G1 X214.725 Y369.623 E.30182
G1 X48.427 Y203.325 E14.27923
G1 X48.427 Y196.675 E.40376
G1 X214.725 Y30.377 E14.27923
G1 X219.696 Y30.377 E.30182
G1 X351.573 Y162.254 E11.32366
G1 X351.573 Y168.903 E.4037
G1 X150.853 Y369.623 E17.23488
G1 X145.882 Y369.623 E.30182
G1 X48.427 Y272.168 E8.368
G1 X48.427 Y265.519 E.4037
G1 X283.569 Y30.377 E20.19054
G1 X288.54 Y30.377 E.30182
G1 X351.573 Y93.41 E5.41235
G1 X351.573 Y100.06 E.40376
G1 X82.01 Y369.623 E23.14611
G1 X77.038 Y369.623 E.30188
G1 X48.427 Y341.012 E2.45669
G1 X48.427 Y334.362 E.40376
G1 X352.286 Y30.503 E26.09094
G1 X352.142 Y30.43 E.0098
G1 X351.444 Y30.377 E.0425
G1 X348.655 Y30.377 E.16934
;LAYER_CHANGE
;Z:1.98
;HEIGHT:0.24
;BEFORE_LAYER_CHANGE
G92 E0
;1.98


G1 E-4.2 F3600
;WIPE_START
G1 F7200
G1 X351.444 Y30.377 E-1.32477
G1 X352.142 Y30.43 E-.3325
G1 X352.286 Y30.503 E-.07669
G1 X352.188 Y30.601 E-.06604
;WIPE_END
G1 Z1.98 F9000
;AFTER_LAYER_CHANGE
;1.98
G1 X352.31 Y31.36
G1 E6 F2400
;TYPE:Perimeter
;WIDTH:0.755752
G1 X352.308 Y31.362 E.0002
;WIDTH:0.707876
G1 X352.218 Y31.445 E.00802
;WIDTH:0.659999
G1 X352.077 Y31.727 E.01914
G1 X352.042 Y31.974 E.01515
G1 X352.042 Y367.992 E20.40163
G1 X342.865 Y367.992 E.55719
G1 X342.517 Y368.091 E.02197
G1 X342.251 Y368.304 E.02069
G1 X342.086 Y368.596 E.02036
G1 X342.042 Y368.874 E.01709
G1 X342.042 Y370.092 E.07395
G1 X205.958 Y370.092 E8.26246
G1 X205.958 Y368.874 E.07395
G1 X205.915 Y368.6 E.01684
G1 X205.834 Y368.423 E.01182
G1 X205.681 Y368.232 E.01486
G1 X205.429 Y368.065 E.01836
G1 X205.081 Y367.992 E.02159
G1 X200 Y367.992 E.3085
G1 X194.968 Y367.992 E.30552
G1 X194.612 Y368.094 E.02248
G1 X194.347 Y368.308 E.02068
G1 X194.185 Y368.6 E.02027
G1 X194.142 Y368.874 E.01684
G1 X194.142 Y370.092 E.07395
G1 X57.958 Y370.092 E8.26853
G1 X57.958 Y368.874 E.07395
G1 X57.914 Y368.596 E.01709
G1 X57.832 Y368.418 E.0119
G1 X57.677 Y368.228 E.01489
G1 X57.408 Y368.057 E.01935
G1 X57.076 Y367.992 E.02054
G1 X47.958 Y367.992 E.55361
G1 X47.958 Y31.974 E20.40163
G1 X47.923 Y31.727 E.01515
G1 X47.782 Y31.445 E.01914
G1 X47.491 Y31.195 E.02329
;WIDTH:0.707876
G1 X47.422 Y31.154 E.00526
;WIDTH:0.755752
G1 X47.353 Y31.113 E.00564
;WIDTH:0.803628
G1 X47.283 Y31.072 E.00609
;WIDTH:0.851505
G1 X47.214 Y31.03 E.00645
;WIDTH:0.899381
G1 X47.145 Y30.989 E.00679
;WIDTH:0.947257
G1 X47.076 Y30.948 E.00717
G1 X45.202 Y30.948 E.1675
G1 X45.202 Y30.052 E.08008
G1 X47.076 Y30.052 E.1675
G1 X47.199 Y30.028 E.0112
;WIDTH:0.899381
G1 X47.321 Y30.004 E.01052
;WIDTH:0.851505
G1 X47.444 Y29.98 E.01
;WIDTH:0.803628
G1 X47.567 Y29.956 E.0094
;WIDTH:0.755752
G1 X47.69 Y29.932 E.00881
;WIDTH:0.707876
G1 X47.813 Y29.908 E.00821
;WIDTH:0.659999
G1 X351.45 Y29.908 E18.43559
;WIDTH:0.68804
G1 X351.819 Y29.923 E.02346
;WIDTH:0.716081
G1 X352.187 Y29.937 E.02442
;WIDTH:0.764551
G1 X352.283 Y29.961 E.00704
;WIDTH:0.81302
G1 X352.379 Y29.985 E.00752
;WIDTH:0.861489
G1 X352.475 Y30.009 E.008
;WIDTH:0.909958
G1 X352.572 Y30.033 E.00856
;WIDTH:0.958427
G1 X352.668 Y30.058 E.00898
G1 X352.924 Y30.052 E.02317
;WIDTH:0.947257
G1 X354.798 Y30.052 E.1675
G1 X354.798 Y30.948 E.08008
G1 X352.757 Y30.948 E.18242
G1 X352.667 Y31.031 E.01094
;WIDTH:0.899381
G1 X352.577 Y31.113 E.0103
;WIDTH:0.851505
G1 X352.487 Y31.196 E.00977
;WIDTH:0.803628
G1 X352.398 Y31.279 E.00913
;WIDTH:0.755752
G1 X352.376 Y31.299 E.00209
G1 X352.73 Y31.778 F9000
;TYPE:External perimeter
;WIDTH:0.629999
G1 F1500
G1 X352.693 Y31.801 E.00251
G1 X352.635 Y31.974 E.01053
G1 X352.635 Y368.585 E19.43002
G1 X342.887 Y368.585 E.56268
G1 X342.704 Y368.687 E.01209
G1 X342.635 Y368.874 E.01151
G1 X342.635 Y370.685 E.10454
G1 X205.365 Y370.685 E7.92356
G1 X205.365 Y368.805 E.10852
G1 X205.254 Y368.647 E.01115
G1 X205.079 Y368.585 E.01072
G1 X194.986 Y368.585 E.58259
G1 X194.802 Y368.689 E.0122
G1 X194.735 Y368.874 E.01136
G1 X194.735 Y370.685 E.10454
G1 X57.365 Y370.685 E7.92933
G1 X57.365 Y368.804 E.10858
G1 X57.253 Y368.645 E.01123
G1 X57.076 Y368.585 E.01079
G1 X47.365 Y368.585 E.56054
G1 X47.365 Y31.907 E19.43388
G1 X47.212 Y31.719 E.01399
G1 X47.076 Y31.685 E.00809
G1 X44.465 Y31.685 E.15071
G1 X44.465 Y29.315 E.1368
G1 X355.535 Y29.315 E17.95573
G1 X355.535 Y31.685 E.1368
G1 X352.881 Y31.685 E.1532
G1 X352.807 Y31.731 E.00503
G1 E-4.2 F3600
;WIPE_START
G1 F7200
G1 X352.73 Y31.778 E-.04285
G1 X352.693 Y31.801 E-.02069
G1 X352.635 Y31.974 E-.08667
G1 X352.635 Y35.447 E-1.64979
;WIPE_END
G1 X348.655 Y30.377 F9000
G1 E6 F2400
;TYPE:Internal infill
;WIDTH:0.66
G1 F3000
G1 X351.444 Y30.377 E.16934
G1 X352.142 Y30.43 E.0425
G1 X352.286 Y30.503 E.0098
G1 X48.427 Y334.362 E26.09094
G1 X48.427 Y341.012 E.40376
G1 X77.038 Y369.623 E2.45669
G1 X82.01 Y369.623 E.30188
G1 X351.573 Y100.06 E23.14611
G1 X351.573 Y93.41 E.40376
G1 X288.54 Y30.377 E5.41235
G1 X283.569 Y30.377 E.30182
G1 X48.427 Y265.519 E20.19054
G1 X48.427 Y272.168 E.4037
G1 X145.882 Y369.623 E8.368
G1 X150.853 Y369.623 E.30182
G1 X351.573 Y168.903 E17.23488
G1 X351.573 Y162.254 E.4037
G1 X219.696 Y30.377 E11.32366
G1 X214.725 Y30.377 E.30182
G1 X48.427 Y196.675 E14.27923
G1 X48.427 Y203.325 E.40376
G1 X214.725 Y369.623 E14.27923
G1 X219.696 Y369.623 E.30182
G1 X351.573 Y237.746 E11.32366
G1 X351.573 Y231.097 E.4037
G1 X150.853 Y30.377 E17.23488
G1 X145.882 Y30.377 E.30182
G1 X48.427 Y127.832 E8.368
G1 X48.427 Y134.481 E.4037
G1 X283.569 Y369.623 E20.19054
G1 X288.54 Y369.623 E.30182
G1 X351.573 Y306.59 E5.41235
G1 X351.573 Y299.94 E.40376
G1 X82.01 Y30.377 E23.14611
G1 X77.038 Y30.377 E.30188
G1 X48.427 Y58.988 E2.45669
G1 X48.427 Y65.638 E.40376
G1 X350.312 Y367.523 E25.92145
G1 X351.573 Y367.523 E.07656
G1 X351.573 Y365.133 E.14511
G1 E-4.2 F3600
;WIPE_START
G1 F7200
G1 X351.573 Y367.523 E-1.13525
G1 X350.312 Y367.523 E-.59897
G1 X350.214 Y367.425 E-.06578
;WIPE_END
G1 X206.721 Y369.623 F9000
G1 E6 F2400
G1 F3000
G1 X206.427 Y369.623 E.01785
G1 X206.427 Y368.861 E.04627
G1 X206.363 Y368.457 E.02484
G1 X206.237 Y368.18 E.01848
G1 X206.005 Y367.892 E.02245
G1 X205.762 Y367.709 E.01847
G1 X205.432 Y367.569 E.02176
G1 X204.586 Y367.523 E.05144
G1 X351.573 Y220.536 E12.62108
G1 X351.573 Y213.886 E.40376
G1 X168.064 Y30.377 E15.75705
G1 X163.093 Y30.377 E.30182
G1 X48.427 Y145.043 E9.84583
G1 X48.427 Y151.692 E.4037
G1 X266.358 Y369.623 E18.71271
G1 X271.329 Y369.623 E.30182
G1 X351.573 Y289.379 E6.89017
G1 X351.573 Y282.73 E.4037
G1 X99.22 Y30.377 E21.66837
G1 X94.249 Y30.377 E.30182
G1 X48.427 Y76.199 E3.93452
G1 X48.427 Y82.849 E.40376
G1 X335.201 Y369.623 E24.62393
G1 X340.172 Y369.623 E.30182
G1 X351.573 Y358.222 E.97895
G1 X351.573 Y351.573 E.4037
G1 X48.427 Y48.427 E26.02972
G1 X48.427 Y41.778 E.4037
G1 X59.828 Y30.377 E.97895
G1 X64.799 Y30.377 E.30182
G1 X351.573 Y317.151 E24.62393
G1 X351.573 Y323.801 E.40376
G1 X305.751 Y369.623 E3.93452
G1 X300.78 Y369.623 E.30182
G1 X48.427 Y117.27 E21.66837
G1 X48.427 Y110.621 E.4037
G1 X128.671 Y30.377 E6.89017
G1 X133.642 Y30.377 E.30182
G1 X351.573 Y248.308 E18.71271
G1 X351.573 Y254.957 E.4037
G1 X236.907 Y369.623 E9.84583
G1 X231.936 Y369.623 E.30182
G1 X48.427 Y186.114 E15.75705
G1 X48.427 Y179.464 E.40376
G1 X197.514 Y30.377 E12.8014
G1 X202.486 Y30.377 E.30188
G1 X351.573 Y179.464 E12.8014
G1 X351.573 Y186.114 E.40376
G1 X168.064 Y369.623 E15.75705
G1 X163.093 Y369.623 E.30182
G1 X48.427 Y254.957 E9.84583
G1 X48.427 Y248.308 E.4037
G1 X266.358 Y30.377 E18.71271
G1 X271.329 Y30.377 E.30182
G1 X351.573 Y110.621 E6.89017
G1 X351.573 Y117.27 E.4037
G1 X99.22 Y369.623 E21.66837
G1 X94.249 Y369.623 E.30182
G1 X48.427 Y323.801 E3.93452
G1 X48.427 Y317.151 E.40376
G1 X335.201 Y30.377 E24.62393
G1 X340.172 Y30.377 E.30182
G1 X351.573 Y41.778 E.97895
G1 X351.573 Y48.427 E.4037
G1 X48.427 Y351.573 E26.02972
G1 X48.427 Y358.222 E.4037
G1 X59.828 Y369.623 E.97895
G1 X64.799 Y369.623 E.30182
G1 X351.573 Y82.849 E24.62393
G1 X351.573 Y76.199 E.40376
G1 X305.751 Y30.377 E3.93452
G1 X300.78 Y30.377 E.30182
G1 X48.427 Y282.73 E21.66837
G1 X48.427 Y289.379 E.4037
G1 X128.671 Y369.623 E6.89017
G1 X133.642 Y369.623 E.30182
G1 X351.573 Y151.692 E18.71271
G1 X351.573 Y145.043 E.4037
G1 X236.907 Y30.377 E9.84583
G1 X231.936 Y30.377 E.30182
G1 X48.427 Y213.886 E15.75705
G1 X48.427 Y220.536 E.40376
G1 X195.414 Y367.523 E12.62108
G1 X194.777 Y367.545 E.0387
G1 X194.52 Y367.62 E.01625
G1 X194.093 Y367.894 E.0308
G1 X193.863 Y368.18 E.02228
G1 X193.737 Y368.457 E.01848
G1 X193.673 Y368.861 E.02484
G1 X193.673 Y369.623 E.04627
G1 X193.28 Y369.623 E.02386
G1 E-4.2 F3600
;WIPE_START
G1 F7200
G1 X193.673 Y369.623 E-.18668
G1 X193.673 Y368.861 E-.36195
G1 X193.737 Y368.457 E-.19429
G1 X193.863 Y368.18 E-.14455
G1 X194.093 Y367.894 E-.17433
G1 X194.52 Y367.62 E-.24099
G1 X194.777 Y367.545 E-.12717
G1 X195.414 Y367.523 E-.30276
G1 X195.314 Y367.423 E-.06728
;WIPE_END
G1 X48.427 Y365.133 F9000
G1 E6 F2400
G1 F3000
G1 X48.427 Y367.523 E.14511
G1 X49.688 Y367.523 E.07656
G1 X351.573 Y65.638 E25.92145
G1 X351.573 Y58.988 E.40376
G1 X322.962 Y30.377 E2.45669
G1 X317.99 Y30.377 E.30188
G1 X48.427 Y299.94 E23.14611
G1 X48.427 Y306.59 E.40376
G1 X111.46 Y369.623 E5.41235
G1 X116.431 Y369.623 E.30182
G1 X351.573 Y134.481 E20.19054
G1 X351.573 Y127.832 E.4037
G1 X254.118 Y30.377 E8.368
G1 X249.147 Y30.377 E.30182
G1 X48.427 Y231.097 E17.23488
G1 X48.427 Y237.746 E.4037
G1 X180.304 Y369.623 E11.32366
G1 X185.275 Y369.623 E.30182
G1 X351.573 Y203.325 E14.27923
G1 X351.573 Y196.675 E.40376
G1 X185.275 Y30.377 E14.27923
G1 X180.304 Y30.377 E.30182
G1 X48.427 Y162.254 E11.32366
G1 X48.427 Y168.903 E.4037
G1 X249.147 Y369.623 E17.23488
G1 X254.118 Y369.623 E.30182
G1 X351.573 Y272.168 E8.368
G1 X351.573 Y265.519 E.4037
G1 X116.431 Y30.377 E20.19054
G1 X111.46 Y30.377 E.30182
G1 X48.427 Y93.41 E5.41235
G1 X48.427 Y100.06 E.40376
G1 X317.99 Y369.623 E23.14611
G1 X322.962 Y369.623 E.30188
G1 X351.573 Y341.012 E2.45669
G1 X351.573 Y334.362 E.40376
G1 X47.66 Y30.449 E26.09558
G1 X47.844 Y30.377 E.012
G1 X51.297 Y30.377 E.20965
;LAYER_CHANGE
;Z:2.22
;HEIGHT:0.24
;BEFORE_LAYER_CHANGE
G92 E0
;2.22


G1 E-4.2 F3600
;WIPE_START
G1 F7200
G1 X47.844 Y30.377 E-1.64018
G1 X47.66 Y30.449 E-.09385
G1 X47.758 Y30.547 E-.06597
;WIPE_END
G1 Z2.22 F9000
;AFTER_LAYER_CHANGE
;2.22
G1 X47.687 Y31.363
G1 E6 F2400
;TYPE:Perimeter
;WIDTH:0.659999
G1 X47.491 Y31.195 E.01567
;WIDTH:0.707876
G1 X47.422 Y31.154 E.00526
;WIDTH:0.755752
G1 X47.353 Y31.113 E.00564
;WIDTH:0.803628
G1 X47.283 Y31.072 E.00609
;WIDTH:0.851505
G1 X47.214 Y31.03 E.00645
;WIDTH:0.899381
G1 X47.145 Y30.989 E.00679
;WIDTH:0.947257
G1 X47.076 Y30.948 E.00717
G1 X45.202 Y30.948 E.1675
G1 X45.202 Y30.052 E.08008
G1 X47.076 Y30.052 E.1675
G1 X47.199 Y30.028 E.0112
;WIDTH:0.899381
G1 X47.321 Y30.004 E.01052
;WIDTH:0.851505
G1 X47.444 Y29.98 E.01
;WIDTH:0.803628
G1 X47.567 Y29.956 E.0094
;WIDTH:0.755752
G1 X47.69 Y29.932 E.00881
;WIDTH:0.707876
G1 X47.813 Y29.908 E.00821
;WIDTH:0.659999
G1 X351.45 Y29.908 E18.43559
;WIDTH:0.68804
G1 X351.819 Y29.923 E.02346
;WIDTH:0.716081
G1 X352.187 Y29.937 E.02442
;WIDTH:0.764551
G1 X352.283 Y29.961 E.00704
;WIDTH:0.81302
G1 X352.379 Y29.985 E.00752
;WIDTH:0.861489
G1 X352.475 Y30.009 E.008
;WIDTH:0.909958
G1 X352.572 Y30.033 E.00856
;WIDTH:0.958427
G1 X352.668 Y30.058 E.00898
G1 X352.924 Y30.052 E.02317
;WIDTH:0.947257
G1 X354.798 Y30.052 E.1675
G1 X354.798 Y30.948 E.08008
G1 X352.757 Y30.948 E.18242
G1 X352.667 Y31.031 E.01094
;WIDTH:0.899381
G1 X352.577 Y31.113 E.0103
;WIDTH:0.851505
G1 X352.487 Y31.196 E.00977
;WIDTH:0.803628
G1 X352.398 Y31.279 E.00913
;WIDTH:0.755752
G1 X352.308 Y31.362 E.0086
;WIDTH:0.707876
G1 X352.218 Y31.445 E.00802
;WIDTH:0.659999
G1 X352.077 Y31.727 E.01914
G1 X352.042 Y31.974 E.01515
G1 X352.042 Y367.992 E20.40163
G1 X342.865 Y367.992 E.55719
G1 X342.517 Y368.091 E.02197
G1 X342.251 Y368.304 E.02069
G1 X342.086 Y368.596 E.02036
G1 X342.042 Y368.874 E.01709
G1 X342.042 Y370.092 E.07395
G1 X205.958 Y370.092 E8.26246
G1 X205.958 Y368.874 E.07395
G1 X205.915 Y368.6 E.01684
G1 X205.834 Y368.423 E.01182
G1 X205.681 Y368.232 E.01486
G1 X205.429 Y368.065 E.01836
G1 X205.081 Y367.992 E.02159
G1 X200 Y367.992 E.3085
G1 X194.968 Y367.992 E.30552
G1 X194.612 Y368.094 E.02248
G1 X194.347 Y368.308 E.02068
G1 X194.185 Y368.6 E.02027
G1 X194.142 Y368.874 E.01684
G1 X194.142 Y370.092 E.07395
G1 X57.958 Y370.092 E8.26853
G1 X57.958 Y368.874 E.07395
G1 X57.914 Y368.596 E.01709
G1 X57.832 Y368.418 E.0119
G1 X57.677 Y368.228 E.01489
G1 X57.408 Y368.057 E.01935
G1 X57.076 Y367.992 E.02054
G1 X47.958 Y367.992 E.55361
G1 X47.958 Y31.974 E20.40163
G1 X47.923 Y31.727 E.01515
G1 X47.782 Y31.445 E.01914
G1 X47.755 Y31.422 E.00215
G1 X47.265 Y31.785 F9000
;TYPE:External perimeter
;WIDTH:0.629999
G1 F1500
G1 X47.212 Y31.719 E.00489
G1 X47.076 Y31.685 E.00809
G1 X44.465 Y31.685 E.15071
G1 X44.465 Y29.315 E.1368
G1 X355.535 Y29.315 E17.95573
G1 X355.535 Y31.685 E.1368
G1 X352.881 Y31.685 E.1532
G1 X352.693 Y31.801 E.01275
G1 X352.635 Y31.974 E.01053
G1 X352.635 Y368.585 E19.43002
G1 X342.887 Y368.585 E.56268
G1 X342.704 Y368.687 E.01209
G1 X342.635 Y368.874 E.01151
G1 X342.635 Y370.685 E.10454
G1 X205.365 Y370.685 E7.92356
G1 X205.365 Y368.805 E.10852
G1 X205.254 Y368.647 E.01115
G1 X205.079 Y368.585 E.01072
G1 X194.986 Y368.585 E.58259
G1 X194.802 Y368.689 E.0122
G1 X194.735 Y368.874 E.01136
G1 X194.735 Y370.685 E.10454
G1 X57.365 Y370.685 E7.92933
G1 X57.365 Y368.804 E.10858
G1 X57.253 Y368.645 E.01123
G1 X57.076 Y368.585 E.01079
G1 X47.365 Y368.585 E.56054
G1 X47.365 Y31.907 E19.43388
G1 X47.322 Y31.855 E.00389
G1 E-4.2 F3600
;WIPE_START
G1 F7200
G1 X47.265 Y31.785 E-.04288
G1 X47.212 Y31.719 E-.04021
G1 X47.076 Y31.685 E-.06659
G1 X44.465 Y31.685 E-1.24022
G1 X44.465 Y30.822 E-.4101
;WIPE_END
G1 X51.297 Y30.377 F9000
G1 E6 F2400
;TYPE:Internal infill
;WIDTH:0.66
G1 F3000
G1 X47.844 Y30.377 E.20965
G1 X47.66 Y30.449 E.012
G1 X351.573 Y334.362 E26.09558
G1 X351.573 Y341.012 E.40376
G1 X322.962 Y369.623 E2.45669
G1 X317.99 Y369.623 E.30188
G1 X48.427 Y100.06 E23.14611
G1 X48.427 Y93.41 E.40376
G1 X111.46 Y30.377 E5.41235
G1 X116.431 Y30.377 E.30182
G1 X351.573 Y265.519 E20.19054
G1 X351.573 Y272.168 E.4037
G1 X254.118 Y369.623 E8.368
G1 X249.147 Y369.623 E.30182
G1 X48.427 Y168.903 E17.23488
G1 X48.427 Y162.254 E.4037
G1 X180.304 Y30.377 E11.32366
G1 X185.275 Y30.377 E.30182
G1 X351.573 Y196.675 E14.27923
G1 X351.573 Y203.325 E.40376
G1 X185.275 Y369.623 E14.27923
G1 X180.304 Y369.623 E.30182
G1 X48.427 Y237.746 E11.32366
G1 X48.427 Y231.097 E.4037
G1 X249.147 Y30.377 E17.23488
G1 X254.118 Y30.377 E.30182
G1 X351.573 Y127.832 E8.368
G1 X351.573 Y134.481 E.4037
G1 X116.431 Y369.623 E20.19054
G1 X111.46 Y369.623 E.30182
G1 X48.427 Y306.59 E5.41235
G1 X48.427 Y299.94 E.40376
G1 X317.99 Y30.377 E23.14611
G1 X322.962 Y30.377 E.30188
G1 X351.573 Y58.988 E2.45669
G1 X351.573 Y65.638 E.40376
G1 X49.688 Y367.523 E25.92145
G1 X48.427 Y367.523 E.07656
G1 X48.427 Y365.133 E.14511
G1 E-4.2 F3600
;WIPE_START
G1 F7200
G1 X48.427 Y367.523 E-1.13525
G1 X49.688 Y367.523 E-.59898
G1 X49.786 Y367.425 E-.06577
;WIPE_END
G1 X193.28 Y369.623 F9000
G1 E6 F2400
G1 F3000
G1 X193.673 Y369.623 E.02386
G1 X193.673 Y368.861 E.04627
G1 X193.737 Y368.457 E.02484
G1 X193.863 Y368.18 E.01848
G1 X194.093 Y367.894 E.02228
G1 X194.52 Y367.62 E.0308
G1 X194.777 Y367.545 E.01625
G1 X195.414 Y367.523 E.0387
G1 X48.427 Y220.536 E12.62108
G1 X48.427 Y213.886 E.40376
G1 X231.936 Y30.377 E15.75705
G1 X236.907 Y30.377 E.30182
G1 X351.573 Y145.043 E9.84583
G1 X351.573 Y151.692 E.4037
G1 X133.642 Y369.623 E18.71271
G1 X128.671 Y369.623 E.30182
G1 X48.427 Y289.379 E6.89017
G1 X48.427 Y282.73 E.4037
G1 X300.78 Y30.377 E21.66837
G1 X305.751 Y30.377 E.30182
G1 X351.573 Y76.199 E3.93452
G1 X351.573 Y82.849 E.40376
G1 X64.799 Y369.623 E24.62393
G1 X59.828 Y369.623 E.30182
G1 X48.427 Y358.222 E.97895
G1 X48.427 Y351.573 E.4037
G1 X351.573 Y48.427 E26.02972
G1 X351.573 Y41.778 E.4037
G1 X340.172 Y30.377 E.97895
G1 X335.201 Y30.377 E.30182
G1 X48.427 Y317.151 E24.62393
G1 X48.427 Y323.801 E.40376
G1 X94.249 Y369.623 E3.93452
G1 X99.22 Y369.623 E.30182
G1 X351.573 Y117.27 E21.66837
G1 X351.573 Y110.621 E.4037
G1 X271.329 Y30.377 E6.89017
G1 X266.358 Y30.377 E.30182
G1 X48.427 Y248.308 E18.71271
G1 X48.427 Y254.957 E.4037
G1 X163.093 Y369.623 E9.84583
G1 X168.064 Y369.623 E.30182
G1 X351.573 Y186.114 E15.75705
G1 X351.573 Y179.464 E.40376
G1 X202.486 Y30.377 E12.8014
G1 X197.514 Y30.377 E.30188
G1 X48.427 Y179.464 E12.8014
G1 X48.427 Y186.114 E.40376
G1 X231.936 Y369.623 E15.75705
G1 X236.907 Y369.623 E.30182
G1 X351.573 Y254.957 E9.84583
G1 X351.573 Y248.308 E.4037
G1 X133.642 Y30.377 E18.71271
G1 X128.671 Y30.377 E.30182
G1 X48.427 Y110.621 E6.89017
G1 X48.427 Y117.27 E.4037
G1 X300.78 Y369.623 E21.66837
G1 X305.751 Y369.623 E.30182
G1 X351.573 Y323.801 E3.93452
G1 X351.573 Y317.151 E.40376
G1 X64.799 Y30.377 E24.62393
G1 X59.828 Y30.377 E.30182
G1 X48.427 Y41.778 E.97895
G1 X48.427 Y48.427 E.4037
G1 X351.573 Y351.573 E26.02972
G1 X351.573 Y358.222 E.4037
G1 X340.172 Y369.623 E.97895
G1 X335.201 Y369.623 E.30182
G1 X48.427 Y82.849 E24.62393
G1 X48.427 Y76.199 E.40376
G1 X94.249 Y30.377 E3.93452
G1 X99.22 Y30.377 E.30182
G1 X351.573 Y282.73 E21.66837
G1 X351.573 Y289.379 E.4037
G1 X271.329 Y369.623 E6.89017
G1 X266.358 Y369.623 E.30182
G1 X48.427 Y151.692 E18.71271
G1 X48.427 Y145.043 E.4037
G1 X163.093 Y30.377 E9.84583
G1 X168.064 Y30.377 E.30182
G1 X351.573 Y213.886 E15.75705
G1 X351.573 Y220.536 E.40376
G1 X204.586 Y367.523 E12.62108
G1 X205.432 Y367.569 E.05144
G1 X205.762 Y367.709 E.02176
G1 X206.005 Y367.892 E.01847
G1 X206.237 Y368.18 E.02245
G1 X206.363 Y368.457 E.01848
G1 X206.427 Y368.861 E.02484
G1 X206.427 Y369.623 E.04627
G1 X206.721 Y369.623 E.01785
G1 E-4.2 F3600
;WIPE_START
G1 F7200
G1 X206.427 Y369.623 E-.13965
G1 X206.427 Y368.861 E-.36195
G1 X206.363 Y368.457 E-.19429
G1 X206.237 Y368.18 E-.14455
G1 X206.005 Y367.892 E-.17567
G1 X205.762 Y367.709 E-.1445
G1 X205.432 Y367.569 E-.17027
G1 X204.586 Y367.523 E-.40244
G1 X204.685 Y367.424 E-.06668
;WIPE_END
G1 X351.573 Y365.133 F9000
G1 E6 F2400
G1 F3000
G1 X351.573 Y367.523 E.14511
G1 X350.312 Y367.523 E.07656
G1 X48.427 Y65.638 E25.92145
G1 X48.427 Y58.988 E.40376
G1 X77.038 Y30.377 E2.45669
G1 X82.01 Y30.377 E.30188
G1 X351.573 Y299.94 E23.14611
G1 X351.573 Y306.59 E.40376
G1 X288.54 Y369.623 E5.41235
G1 X283.569 Y369.623 E.30182
G1 X48.427 Y134.481 E20.19054
G1 X48.427 Y127.832 E.4037
G1 X145.882 Y30.377 E8.368
G1 X150.853 Y30.377 E.30182
G1 X351.573 Y231.097 E17.23488
G1 X351.573 Y237.746 E.4037
G1 X219.696 Y369.623 E11.32366
G1 X214.725 Y369.623 E.30182
G1 X48.427 Y203.325 E14.27923
G1 X48.427 Y196.675 E.40376
G1 X214.725 Y30.377 E14.27923
G1 X219.696 Y30.377 E.30182
G1 X351.573 Y162.254 E11.32366
G1 X351.573 Y168.903 E.4037
G1 X150.853 Y369.623 E17.23488
G1 X145.882 Y369.623 E.30182
G1 X48.427 Y272.168 E8.368
G1 X48.427 Y265.519 E.4037
G1 X283.569 Y30.377 E20.19054
G1 X288.54 Y30.377 E.30182
G1 X351.573 Y93.41 E5.41235
G1 X351.573 Y100.06 E.40376
G1 X82.01 Y369.623 E23.14611
G1 X77.038 Y369.623 E.30188
G1 X48.427 Y341.012 E2.45669
G1 X48.427 Y334.362 E.40376
G1 X352.286 Y30.503 E26.09094
G1 X352.142 Y30.43 E.0098
G1 X351.444 Y30.377 E.0425
G1 X348.655 Y30.377 E.16934
;LAYER_CHANGE
;Z:2.46
;HEIGHT:0.24
;BEFORE_LAYER_CHANGE
G92 E0
;2.46


G1 E-4.2 F3600
;WIPE_START
G1 F7200
G1 X351.444 Y30.377 E-1.32477
G1 X352.142 Y30.43 E-.3325
G1 X352.286 Y30.503 E-.07669
G1 X352.188 Y30.601 E-.06604
;WIPE_END
G1 Z2.46 F9000
;AFTER_LAYER_CHANGE
;2.46
G1 X352.31 Y31.36
G1 E6 F2400
;TYPE:Perimeter
;WIDTH:0.755752
G1 X352.308 Y31.362 E.0002
;WIDTH:0.707876
G1 X352.218 Y31.445 E.00802
;WIDTH:0.659999
G1 X352.077 Y31.727 E.01914
G1 X352.042 Y31.974 E.01515
G1 X352.042 Y367.992 E20.40163
G1 X342.865 Y367.992 E.55719
G1 X342.517 Y368.091 E.02197
G1 X342.251 Y368.304 E.02069
G1 X342.086 Y368.596 E.02036
G1 X342.042 Y368.874 E.01709
G1 X342.042 Y370.092 E.07395
G1 X205.958 Y370.092 E8.26246
G1 X205.958 Y368.874 E.07395
G1 X205.915 Y368.6 E.01684
G1 X205.834 Y368.423 E.01182
G1 X205.681 Y368.232 E.01486
G1 X205.429 Y368.065 E.01836
G1 X205.081 Y367.992 E.02159
G1 X200 Y367.992 E.3085
G1 X194.968 Y367.992 E.30552
G1 X194.612 Y368.094 E.02248
G1 X194.347 Y368.308 E.02068
G1 X194.185 Y368.6 E.02027
G1 X194.142 Y368.874 E.01684
G1 X194.142 Y370.092 E.07395
G1 X57.958 Y370.092 E8.26853
G1 X57.958 Y368.874 E.07395
G1 X57.914 Y368.596 E.01709
G1 X57.832 Y368.418 E.0119
G1 X57.677 Y368.228 E.01489
G1 X57.408 Y368.057 E.01935
G1 X57.076 Y367.992 E.02054
G1 X47.958 Y367.992 E.55361
G1 X47.958 Y31.974 E20.40163
G1 X47.923 Y31.727 E.01515
G1 X47.782 Y31.445 E.01914
G1 X47.491 Y31.195 E.02329
;WIDTH:0.707876
G1 X47.422 Y31.154 E.00526
;WIDTH:0.755752
G1 X47.353 Y31.113 E.00564
;WIDTH:0.803628
G1 X47.283 Y31.072 E.00609
;WIDTH:0.851505
G1 X47.214 Y31.03 E.00645
;WIDTH:0.899381
G1 X47.145 Y30.989 E.00679
;WIDTH:0.947257
G1 X47.076 Y30.948 E.00717
G1 X45.202 Y30.948 E.1675
G1 X45.202 Y30.052 E.08008
G1 X47.076 Y30.052 E.1675
G1 X47.199 Y30.028 E.0112
;WIDTH:0.899381
G1 X47.321 Y30.004 E.01052
;WIDTH:0.851505
G1 X47.444 Y29.98 E.01
;WIDTH:0.803628
G1 X47.567 Y29.956 E.0094
;WIDTH:0.755752
G1 X47.69 Y29.932 E.00881
;WIDTH:0.707876
G1 X47.813 Y29.908 E.00821
;WIDTH:0.659999
G1 X351.45 Y29.908 E18.43559
;WIDTH:0.68804
G1 X351.819 Y29.923 E.02346
;WIDTH:0.716081
G1 X352.187 Y29.937 E.02442
;WIDTH:0.764551
G1 X352.283 Y29.961 E.00704
;WIDTH:0.81302
G1 X352.379 Y29.985 E.00752
;WIDTH:0.861489
G1 X352.475 Y30.009 E.008
;WIDTH:0.909958
G1 X352.572 Y30.033 E.00856
;WIDTH:0.958427
G1 X352.668 Y30.058 E.00898
G1 X352.924 Y30.052 E.02317
;WIDTH:0.947257
G1 X354.798 Y30.052 E.1675
G1 X354.798 Y30.948 E.08008
G1 X352.757 Y30.948 E.18242
G1 X352.667 Y31.031 E.01094
;WIDTH:0.899381
G1 X352.577 Y31.113 E.0103
;WIDTH:0.851505
G1 X352.487 Y31.196 E.00977
;WIDTH:0.803628
G1 X352.398 Y31.279 E.00913
;WIDTH:0.755752
G1 X352.376 Y31.299 E.00209
G1 X352.73 Y31.778 F9000
;TYPE:External perimeter
;WIDTH:0.629999
G1 F1500
G1 X352.693 Y31.801 E.00251
G1 X352.635 Y31.974 E.01053
G1 X352.635 Y368.585 E19.43002
G1 X342.887 Y368.585 E.56268
G1 X342.704 Y368.687 E.01209
G1 X342.635 Y368.874 E.01151
G1 X342.635 Y370.685 E.10454
G1 X205.365 Y370.685 E7.92356
G1 X205.365 Y368.805 E.10852
G1 X205.254 Y368.647 E.01115
G1 X205.079 Y368.585 E.01072
G1 X194.986 Y368.585 E.58259
G1 X194.802 Y368.689 E.0122
G1 X194.735 Y368.874 E.01136
G1 X194.735 Y370.685 E.10454
G1 X57.365 Y370.685 E7.92933
G1 X57.365 Y368.804 E.10858
G1 X57.253 Y368.645 E.01123
G1 X57.076 Y368.585 E.01079
G1 X47.365 Y368.585 E.56054
G1 X47.365 Y31.907 E19.43388
G1 X47.212 Y31.719 E.01399
G1 X47.076 Y31.685 E.00809
G1 X44.465 Y31.685 E.15071
G1 X44.465 Y29.315 E.1368
G1 X355.535 Y29.315 E17.95573
G1 X355.535 Y31.685 E.1368
G1 X352.881 Y31.685 E.1532
G1 X352.807 Y31.731 E.00503
G1 E-4.2 F3600
;WIPE_START
G1 F7200
G1 X352.73 Y31.778 E-.04285
G1 X352.693 Y31.801 E-.02069
G1 X352.635 Y31.974 E-.08667
G1 X352.635 Y35.447 E-1.64979
;WIPE_END
G1 X348.655 Y30.377 F9000
G1 E6 F2400
;TYPE:Internal infill
;WIDTH:0.66
G1 F3000
G1 X351.444 Y30.377 E.16934
G1 X352.142 Y30.43 E.0425
G1 X352.286 Y30.503 E.0098
G1 X48.427 Y334.362 E26.09094
G1 X48.427 Y341.012 E.40376
G1 X77.038 Y369.623 E2.45669
G1 X82.01 Y369.623 E.30188
G1 X351.573 Y100.06 E23.14611
G1 X351.573 Y93.41 E.40376
G1 X288.54 Y30.377 E5.41235
G1 X283.569 Y30.377 E.30182
G1 X48.427 Y265.519 E20.19054
G1 X48.427 Y272.168 E.4037
G1 X145.882 Y369.623 E8.368
G1 X150.853 Y369.623 E.30182
G1 X351.573 Y168.903 E17.23488
G1 X351.573 Y162.254 E.4037
G1 X219.696 Y30.377 E11.32366
G1 X214.725 Y30.377 E.30182
G1 X48.427 Y196.675 E14.27923
G1 X48.427 Y203.325 E.40376
G1 X214.725 Y369.623 E14.27923
G1 X219.696 Y369.623 E.30182
G1 X351.573 Y237.746 E11.32366
G1 X351.573 Y231.097 E.4037
G1 X150.853 Y30.377 E17.23488
G1 X145.882 Y30.377 E.30182
G1 X48.427 Y127.832 E8.368
G1 X48.427 Y134.481 E.4037
G1 X283.569 Y369.623 E20.19054
G1 X288.54 Y369.623 E.30182
G1 X351.573 Y306.59 E5.41235
G1 X351.573 Y299.94 E.40376
G1 X82.01 Y30.377 E23.14611
G1 X77.038 Y30.377 E.30188
G1 X48.427 Y58.988 E2.45669
G1 X48.427 Y65.638 E.40376
G1 X350.312 Y367.523 E25.92145
G1 X351.573 Y367.523 E.07656
G1 X351.573 Y365.133 E.14511
G1 E-4.2 F3600
;WIPE_START
G1 F7200
G1 X351.573 Y367.523 E-1.13525
G1 X350.312 Y367.523 E-.59897
G1 X350.214 Y367.425 E-.06578
;WIPE_END
G1 X206.721 Y369.623 F9000
G1 E6 F2400
G1 F3000
G1 X206.427 Y369.623 E.01785
G1 X206.427 Y368.861 E.04627
G1 X206.363 Y368.457 E.02484
G1 X206.237 Y368.18 E.01848
G1 X206.005 Y367.892 E.02245
G1 X205.762 Y367.709 E.01847
G1 X205.432 Y367.569 E.02176
G1 X204.586 Y367.523 E.05144
G1 X351.573 Y220.536 E12.62108
G1 X351.573 Y213.886 E.40376
G1 X168.064 Y30.377 E15.75705
G1 X163.093 Y30.377 E.30182
G1 X48.427 Y145.043 E9.84583
G1 X48.427 Y151.692 E.4037
G1 X266.358 Y369.623 E18.71271
G1 X271.329 Y369.623 E.30182
G1 X351.573 Y289.379 E6.89017
G1 X351.573 Y282.73 E.4037
G1 X99.22 Y30.377 E21.66837
G1 X94.249 Y30.377 E.30182
G1 X48.427 Y76.199 E3.93452
G1 X48.427 Y82.849 E.40376
G1 X335.201 Y369.623 E24.62393
G1 X340.172 Y369.623 E.30182
G1 X351.573 Y358.222 E.97895
G1 X351.573 Y351.573 E.4037
G1 X48.427 Y48.427 E26.02972
G1 X48.427 Y41.778 E.4037
G1 X59.828 Y30.377 E.97895
G1 X64.799 Y30.377 E.30182
G1 X351.573 Y317.151 E24.62393
G1 X351.573 Y323.801 E.40376
G1 X305.751 Y369.623 E3.93452
G1 X300.78 Y369.623 E.30182
G1 X48.427 Y117.27 E21.66837
G1 X48.427 Y110.621 E.4037
G1 X128.671 Y30.377 E6.89017
G1 X133.642 Y30.377 E.30182
G1 X351.573 Y248.308 E18.71271
G1 X351.573 Y254.957 E.4037
G1 X236.907 Y369.623 E9.84583
G1 X231.936 Y369.623 E.30182
G1 X48.427 Y186.114 E15.75705
G1 X48.427 Y179.464 E.40376
G1 X197.514 Y30.377 E12.8014
G1 X202.486 Y30.377 E.30188
G1 X351.573 Y179.464 E12.8014
G1 X351.573 Y186.114 E.40376
G1 X168.064 Y369.623 E15.75705
G1 X163.093 Y369.623 E.30182
G1 X48.427 Y254.957 E9.84583
G1 X48.427 Y248.308 E.4037
G1 X266.358 Y30.377 E18.71271
G1 X271.329 Y30.377 E.30182
G1 X351.573 Y110.621 E6.89017
G1 X351.573 Y117.27 E.4037
G1 X99.22 Y369.623 E21.66837
G1 X94.249 Y369.623 E.30182
G1 X48.427 Y323.801 E3.93452
G1 X48.427 Y317.151 E.40376
G1 X335.201 Y30.377 E24.62393
G1 X340.172 Y30.377 E.30182
G1 X351.573 Y41.778 E.97895
G1 X351.573 Y48.427 E.4037
G1 X48.427 Y351.573 E26.02972
G1 X48.427 Y358.222 E.4037
G1 X59.828 Y369.623 E.97895
G1 X64.799 Y369.623 E.30182
G1 X351.573 Y82.849 E24.62393
G1 X351.573 Y76.199 E.40376
G1 X305.751 Y30.377 E3.93452
G1 X300.78 Y30.377 E.30182
G1 X48.427 Y282.73 E21.66837
G1 X48.427 Y289.379 E.4037
G1 X128.671 Y369.623 E6.89017
G1 X133.642 Y369.623 E.30182
G1 X351.573 Y151.692 E18.71271
G1 X351.573 Y145.043 E.4037
G1 X236.907 Y30.377 E9.84583
G1 X231.936 Y30.377 E.30182
G1 X48.427 Y213.886 E15.75705
G1 X48.427 Y220.536 E.40376
G1 X195.414 Y367.523 E12.62108
G1 X194.777 Y367.545 E.0387
G1 X194.52 Y367.62 E.01625
G1 X194.093 Y367.894 E.0308
G1 X193.863 Y368.18 E.02228
G1 X193.737 Y368.457 E.01848
G1 X193.673 Y368.861 E.02484
G1 X193.673 Y369.623 E.04627
G1 X193.28 Y369.623 E.02386
G1 E-4.2 F3600
;WIPE_START
G1 F7200
G1 X193.673 Y369.623 E-.18668
G1 X193.673 Y368.861 E-.36195
G1 X193.737 Y368.457 E-.19429
G1 X193.863 Y368.18 E-.14455
G1 X194.093 Y367.894 E-.17433
G1 X194.52 Y367.62 E-.24099
G1 X194.777 Y367.545 E-.12717
G1 X195.414 Y367.523 E-.30276
G1 X195.314 Y367.423 E-.06728
;WIPE_END
G1 X48.427 Y365.133 F9000
G1 E6 F2400
G1 F3000
G1 X48.427 Y367.523 E.14511
G1 X49.688 Y367.523 E.07656
G1 X351.573 Y65.638 E25.92145
G1 X351.573 Y58.988 E.40376
G1 X322.962 Y30.377 E2.45669
G1 X317.99 Y30.377 E.30188
G1 X48.427 Y299.94 E23.14611
G1 X48.427 Y306.59 E.40376
G1 X111.46 Y369.623 E5.41235
G1 X116.431 Y369.623 E.30182
G1 X351.573 Y134.481 E20.19054
G1 X351.573 Y127.832 E.4037
G1 X254.118 Y30.377 E8.368
G1 X249.147 Y30.377 E.30182
G1 X48.427 Y231.097 E17.23488
G1 X48.427 Y237.746 E.4037
G1 X180.304 Y369.623 E11.32366
G1 X185.275 Y369.623 E.30182
G1 X351.573 Y203.325 E14.27923
G1 X351.573 Y196.675 E.40376
G1 X185.275 Y30.377 E14.27923
G1 X180.304 Y30.377 E.30182
G1 X48.427 Y162.254 E11.32366
G1 X48.427 Y168.903 E.4037
G1 X249.147 Y369.623 E17.23488
G1 X254.118 Y369.623 E.30182
G1 X351.573 Y272.168 E8.368
G1 X351.573 Y265.519 E.4037
G1 X116.431 Y30.377 E20.19054
G1 X111.46 Y30.377 E.30182
G1 X48.427 Y93.41 E5.41235
G1 X48.427 Y100.06 E.40376
G1 X317.99 Y369.623 E23.14611
G1 X322.962 Y369.623 E.30188
G1 X351.573 Y341.012 E2.45669
G1 X351.573 Y334.362 E.40376
G1 X47.66 Y30.449 E26.09558
G1 X47.844 Y30.377 E.012
G1 X51.297 Y30.377 E.20965
;LAYER_CHANGE
;Z:2.7
;HEIGHT:0.24
;BEFORE_LAYER_CHANGE
G92 E0
;2.7


G1 E-4.2 F3600
;WIPE_START
G1 F7200
G1 X47.844 Y30.377 E-1.64018
G1 X47.66 Y30.449 E-.09385
G1 X47.758 Y30.547 E-.06597
;WIPE_END
G1 Z2.7 F9000
;AFTER_LAYER_CHANGE
;2.7
G1 X47.687 Y31.363
G1 E6 F2400
;TYPE:Perimeter
;WIDTH:0.659999
G1 X47.491 Y31.195 E.01567
;WIDTH:0.707876
G1 X47.422 Y31.154 E.00526
;WIDTH:0.755752
G1 X47.353 Y31.113 E.00564
;WIDTH:0.803628
G1 X47.283 Y31.072 E.00609
;WIDTH:0.851505
G1 X47.214 Y31.03 E.00645
;WIDTH:0.899381
G1 X47.145 Y30.989 E.00679
;WIDTH:0.947257
G1 X47.076 Y30.948 E.00717
G1 X45.202 Y30.948 E.1675
G1 X45.202 Y30.052 E.08008
G1 X47.076 Y30.052 E.1675
G1 X47.199 Y30.028 E.0112
;WIDTH:0.899381
G1 X47.321 Y30.004 E.01052
;WIDTH:0.851505
G1 X47.444 Y29.98 E.01
;WIDTH:0.803628
G1 X47.567 Y29.956 E.0094
;WIDTH:0.755752
G1 X47.69 Y29.932 E.00881
;WIDTH:0.707876
G1 X47.813 Y29.908 E.00821
;WIDTH:0.659999
G1 X351.45 Y29.908 E18.43559
;WIDTH:0.68804
G1 X351.819 Y29.923 E.02346
;WIDTH:0.716081
G1 X352.187 Y29.937 E.02442
;WIDTH:0.764551
G1 X352.283 Y29.961 E.00704
;WIDTH:0.81302
G1 X352.379 Y29.985 E.00752
;WIDTH:0.861489
G1 X352.475 Y30.009 E.008
;WIDTH:0.909958
G1 X352.572 Y30.033 E.00856
;WIDTH:0.958427
G1 X352.668 Y30.058 E.00898
G1 X352.924 Y30.052 E.02317
;WIDTH:0.947257
G1 X354.798 Y30.052 E.1675
G1 X354.798 Y30.948 E.08008
G1 X352.757 Y30.948 E.18242
G1 X352.667 Y31.031 E.01094
;WIDTH:0.899381
G1 X352.577 Y31.113 E.0103
;WIDTH:0.851505
G1 X352.487 Y31.196 E.00977
;WIDTH:0.803628
G1 X352.398 Y31.279 E.00913
;WIDTH:0.755752
G1 X352.308 Y31.362 E.0086
;WIDTH:0.707876
G1 X352.218 Y31.445 E.00802
;WIDTH:0.659999
G1 X352.077 Y31.727 E.01914
G1 X352.042 Y31.974 E.01515
G1 X352.042 Y367.992 E20.40163
G1 X342.865 Y367.992 E.55719
G1 X342.517 Y368.091 E.02197
G1 X342.251 Y368.304 E.02069
G1 X342.086 Y368.596 E.02036
G1 X342.042 Y368.874 E.01709
G1 X342.042 Y370.092 E.07395
G1 X205.958 Y370.092 E8.26246
G1 X205.958 Y368.874 E.07395
G1 X205.915 Y368.6 E.01684
G1 X205.834 Y368.423 E.01182
G1 X205.681 Y368.232 E.01486
G1 X205.429 Y368.065 E.01836
G1 X205.081 Y367.992 E.02159
G1 X200 Y367.992 E.3085
G1 X194.968 Y367.992 E.30552
G1 X194.612 Y368.094 E.02248
G1 X194.347 Y368.308 E.02068
G1 X194.185 Y368.6 E.02027
G1 X194.142 Y368.874 E.01684
G1 X194.142 Y370.092 E.07395
G1 X57.958 Y370.092 E8.26853
G1 X57.958 Y368.874 E.07395
G1 X57.914 Y368.596 E.01709
G1 X57.832 Y368.418 E.0119
G1 X57.677 Y368.228 E.01489
G1 X57.408 Y368.057 E.01935
G1 X57.076 Y367.992 E.02054
G1 X47.958 Y367.992 E.55361
G1 X47.958 Y31.974 E20.40163
G1 X47.923 Y31.727 E.01515
G1 X47.782 Y31.445 E.01914
G1 X47.755 Y31.422 E.00215
G1 X47.265 Y31.785 F9000
;TYPE:External perimeter
;WIDTH:0.629999
G1 F1500
G1 X47.212 Y31.719 E.00489
G1 X47.076 Y31.685 E.00809
G1 X44.465 Y31.685 E.15071
G1 X44.465 Y29.315 E.1368
G1 X355.535 Y29.315 E17.95573
G1 X355.535 Y31.685 E.1368
G1 X352.881 Y31.685 E.1532
G1 X352.693 Y31.801 E.01275
G1 X352.635 Y31.974 E.01053
G1 X352.635 Y368.585 E19.43002
G1 X342.887 Y368.585 E.56268
G1 X342.704 Y368.687 E.01209
G1 X342.635 Y368.874 E.01151
G1 X342.635 Y370.685 E.10454
G1 X205.365 Y370.685 E7.92356
G1 X205.365 Y368.805 E.10852
G1 X205.254 Y368.647 E.01115
G1 X205.079 Y368.585 E.01072
G1 X194.986 Y368.585 E.58259
G1 X194.802 Y368.689 E.0122
G1 X194.735 Y368.874 E.01136
G1 X194.735 Y370.685 E.10454
G1 X57.365 Y370.685 E7.92933
G1 X57.365 Y368.804 E.10858
G1 X57.253 Y368.645 E.01123
G1 X57.076 Y368.585 E.01079
G1 X47.365 Y368.585 E.56054
G1 X47.365 Y31.907 E19.43388
G1 X47.322 Y31.855 E.00389
G1 E-4.2 F3600
;WIPE_START
G1 F7200
G1 X47.265 Y31.785 E-.04288
G1 X47.212 Y31.719 E-.04021
G1 X47.076 Y31.685 E-.06659
G1 X44.465 Y31.685 E-1.24022
G1 X44.465 Y30.822 E-.4101
;WIPE_END
G1 X51.297 Y30.377 F9000
G1 E6 F2400
;TYPE:Internal infill
;WIDTH:0.66
G1 F3000
G1 X47.844 Y30.377 E.20965
G1 X47.66 Y30.449 E.012
G1 X351.573 Y334.362 E26.09558
G1 X351.573 Y341.012 E.40376
G1 X322.962 Y369.623 E2.45669
G1 X317.99 Y369.623 E.30188
G1 X48.427 Y100.06 E23.14611
G1 X48.427 Y93.41 E.40376
G1 X111.46 Y30.377 E5.41235
G1 X116.431 Y30.377 E.30182
G1 X351.573 Y265.519 E20.19054
G1 X351.573 Y272.168 E.4037
G1 X254.118 Y369.623 E8.368
G1 X249.147 Y369.623 E.30182
G1 X48.427 Y168.903 E17.23488
G1 X48.427 Y162.254 E.4037
G1 X180.304 Y30.377 E11.32366
G1 X185.275 Y30.377 E.30182
G1 X351.573 Y196.675 E14.27923
G1 X351.573 Y203.325 E.40376
G1 X185.275 Y369.623 E14.27923
G1 X180.304 Y369.623 E.30182
G1 X48.427 Y237.746 E11.32366
G1 X48.427 Y231.097 E.4037
G1 X249.147 Y30.377 E17.23488
G1 X254.118 Y30.377 E.30182
G1 X351.573 Y127.832 E8.368
G1 X351.573 Y134.481 E.4037
G1 X116.431 Y369.623 E20.19054
G1 X111.46 Y369.623 E.30182
G1 X48.427 Y306.59 E5.41235
G1 X48.427 Y299.94 E.40376
G1 X317.99 Y30.377 E23.14611
G1 X322.962 Y30.377 E.30188
G1 X351.573 Y58.988 E2.45669
G1 X351.573 Y65.638 E.40376
G1 X49.688 Y367.523 E25.92145
G1 X48.427 Y367.523 E.07656
G1 X48.427 Y365.133 E.14511
G1 E-4.2 F3600
;WIPE_START
G1 F7200
G1 X48.427 Y367.523 E-1.13525
G1 X49.688 Y367.523 E-.59898
G1 X49.786 Y367.425 E-.06577
;WIPE_END
G1 X193.28 Y369.623 F9000
G1 E6 F2400
G1 F3000
G1 X193.673 Y369.623 E.02386
G1 X193.673 Y368.861 E.04627
G1 X193.737 Y368.457 E.02484
G1 X193.863 Y368.18 E.01848
G1 X194.093 Y367.894 E.02228
G1 X194.52 Y367.62 E.0308
G1 X194.777 Y367.545 E.01625
G1 X195.414 Y367.523 E.0387
G1 X48.427 Y220.536 E12.62108
G1 X48.427 Y213.886 E.40376
G1 X231.936 Y30.377 E15.75705
G1 X236.907 Y30.377 E.30182
G1 X351.573 Y145.043 E9.84583
G1 X351.573 Y151.692 E.4037
G1 X133.642 Y369.623 E18.71271
G1 X128.671 Y369.623 E.30182
G1 X48.427 Y289.379 E6.89017
G1 X48.427 Y282.73 E.4037
G1 X300.78 Y30.377 E21.66837
G1 X305.751 Y30.377 E.30182
G1 X351.573 Y76.199 E3.93452
G1 X351.573 Y82.849 E.40376
G1 X64.799 Y369.623 E24.62393
G1 X59.828 Y369.623 E.30182
G1 X48.427 Y358.222 E.97895
G1 X48.427 Y351.573 E.4037
G1 X351.573 Y48.427 E26.02972
G1 X351.573 Y41.778 E.4037
G1 X340.172 Y30.377 E.97895
G1 X335.201 Y30.377 E.30182
G1 X48.427 Y317.151 E24.62393
G1 X48.427 Y323.801 E.40376
G1 X94.249 Y369.623 E3.93452
G1 X99.22 Y369.623 E.30182
G1 X351.573 Y117.27 E21.66837
G1 X351.573 Y110.621 E.4037
G1 X271.329 Y30.377 E6.89017
G1 X266.358 Y30.377 E.30182
G1 X48.427 Y248.308 E18.71271
G1 X48.427 Y254.957 E.4037
G1 X163.093 Y369.623 E9.84583
G1 X168.064 Y369.623 E.30182
G1 X351.573 Y186.114 E15.75705
G1 X351.573 Y179.464 E.40376
G1 X202.486 Y30.377 E12.8014
G1 X197.514 Y30.377 E.30188
G1 X48.427 Y179.464 E12.8014
G1 X48.427 Y186.114 E.40376
G1 X231.936 Y369.623 E15.75705
G1 X236.907 Y369.623 E.30182
G1 X351.573 Y254.957 E9.84583
G1 X351.573 Y248.308 E.4037
G1 X133.642 Y30.377 E18.71271
G1 X128.671 Y30.377 E.30182
G1 X48.427 Y110.621 E6.89017
G1 X48.427 Y117.27 E.4037
G1 X300.78 Y369.623 E21.66837
G1 X305.751 Y369.623 E.30182
G1 X351.573 Y323.801 E3.93452
G1 X351.573 Y317.151 E.40376
G1 X64.799 Y30.377 E24.62393
G1 X59.828 Y30.377 E.30182
G1 X48.427 Y41.778 E.97895
G1 X48.427 Y48.427 E.4037
G1 X351.573 Y351.573 E26.02972
G1 X351.573 Y358.222 E.4037
G1 X340.172 Y369.623 E.97895
G1 X335.201 Y369.623 E.30182
G1 X48.427 Y82.849 E24.62393
G1 X48.427 Y76.199 E.40376
G1 X94.249 Y30.377 E3.93452
G1 X99.22 Y30.377 E.30182
G1 X351.573 Y282.73 E21.66837
G1 X351.573 Y289.379 E.4037
G1 X271.329 Y369.623 E6.89017
G1 X266.358 Y369.623 E.30182
G1 X48.427 Y151.692 E18.71271
G1 X48.427 Y145.043 E.4037
G1 X163.093 Y30.377 E9.84583
G1 X168.064 Y30.377 E.30182
G1 X351.573 Y213.886 E15.75705
G1 X351.573 Y220.536 E.40376
G1 X204.586 Y367.523 E12.62108
G1 X205.432 Y367.569 E.05144
G1 X205.762 Y367.709 E.02176
G1 X206.005 Y367.892 E.01847
G1 X206.237 Y368.18 E.02245
G1 X206.363 Y368.457 E.01848
G1 X206.427 Y368.861 E.02484
G1 X206.427 Y369.623 E.04627
G1 X206.721 Y369.623 E.01785
G1 E-4.2 F3600
;WIPE_START
G1 F7200
G1 X206.427 Y369.623 E-.13965
G1 X206.427 Y368.861 E-.36195
G1 X206.363 Y368.457 E-.19429
G1 X206.237 Y368.18 E-.14455
G1 X206.005 Y367.892 E-.17567
G1 X205.762 Y367.709 E-.1445
G1 X205.432 Y367.569 E-.17027
G1 X204.586 Y367.523 E-.40244
G1 X204.685 Y367.424 E-.06668
;WIPE_END
G1 X351.573 Y365.133 F9000
G1 E6 F2400
G1 F3000
G1 X351.573 Y367.523 E.14511
G1 X350.312 Y367.523 E.07656
G1 X48.427 Y65.638 E25.92145
G1 X48.427 Y58.988 E.40376
G1 X77.038 Y30.377 E2.45669
G1 X82.01 Y30.377 E.30188
G1 X351.573 Y299.94 E23.14611
G1 X351.573 Y306.59 E.40376
G1 X288.54 Y369.623 E5.41235
G1 X283.569 Y369.623 E.30182
G1 X48.427 Y134.481 E20.19054
G1 X48.427 Y127.832 E.4037
G1 X145.882 Y30.377 E8.368
G1 X150.853 Y30.377 E.30182
G1 X351.573 Y231.097 E17.23488
G1 X351.573 Y237.746 E.4037
G1 X219.696 Y369.623 E11.32366
G1 X214.725 Y369.623 E.30182
G1 X48.427 Y203.325 E14.27923
G1 X48.427 Y196.675 E.40376
G1 X214.725 Y30.377 E14.27923
G1 X219.696 Y30.377 E.30182
G1 X351.573 Y162.254 E11.32366
G1 X351.573 Y168.903 E.4037
G1 X150.853 Y369.623 E17.23488
G1 X145.882 Y369.623 E.30182
G1 X48.427 Y272.168 E8.368
G1 X48.427 Y265.519 E.4037
G1 X283.569 Y30.377 E20.19054
G1 X288.54 Y30.377 E.30182
G1 X351.573 Y93.41 E5.41235
G1 X351.573 Y100.06 E.40376
G1 X82.01 Y369.623 E23.14611
G1 X77.038 Y369.623 E.30188
G1 X48.427 Y341.012 E2.45669
G1 X48.427 Y334.362 E.40376
G1 X352.286 Y30.503 E26.09094
G1 X352.142 Y30.43 E.0098
G1 X351.444 Y30.377 E.0425
G1 X348.655 Y30.377 E.16934
;LAYER_CHANGE
;Z:2.94
;HEIGHT:0.24
;BEFORE_LAYER_CHANGE
G92 E0
;2.94


G1 E-4.2 F3600
;WIPE_START
G1 F7200
G1 X351.444 Y30.377 E-1.32477
G1 X352.142 Y30.43 E-.3325
G1 X352.286 Y30.503 E-.07669
G1 X352.188 Y30.601 E-.06604
;WIPE_END
G1 Z2.94 F9000
;AFTER_LAYER_CHANGE
;2.94
G1 X352.31 Y31.36
G1 E6 F2400
;TYPE:Perimeter
;WIDTH:0.755752
G1 X352.308 Y31.362 E.0002
;WIDTH:0.707876
G1 X352.218 Y31.445 E.00802
;WIDTH:0.659999
G1 X352.077 Y31.727 E.01914
G1 X352.042 Y31.974 E.01515
G1 X352.042 Y367.992 E20.40163
G1 X342.865 Y367.992 E.55719
G1 X342.517 Y368.091 E.02197
G1 X342.251 Y368.304 E.02069
G1 X342.086 Y368.596 E.02036
G1 X342.042 Y368.874 E.01709
G1 X342.042 Y370.092 E.07395
G1 X205.958 Y370.092 E8.26246
G1 X205.958 Y368.874 E.07395
G1 X205.915 Y368.6 E.01684
G1 X205.834 Y368.423 E.01182
G1 X205.681 Y368.232 E.01486
G1 X205.429 Y368.065 E.01836
G1 X205.081 Y367.992 E.02159
G1 X200 Y367.992 E.3085
G1 X194.968 Y367.992 E.30552
G1 X194.612 Y368.094 E.02248
G1 X194.347 Y368.308 E.02068
G1 X194.185 Y368.6 E.02027
G1 X194.142 Y368.874 E.01684
G1 X194.142 Y370.092 E.07395
G1 X57.958 Y370.092 E8.26853
G1 X57.958 Y368.874 E.07395
G1 X57.914 Y368.596 E.01709
G1 X57.832 Y368.418 E.0119
G1 X57.677 Y368.228 E.01489
G1 X57.408 Y368.057 E.01935
G1 X57.076 Y367.992 E.02054
G1 X47.958 Y367.992 E.55361
G1 X47.958 Y31.974 E20.40163
G1 X47.923 Y31.727 E.01515
G1 X47.782 Y31.445 E.01914
G1 X47.491 Y31.195 E.02329
;WIDTH:0.707876
G1 X47.422 Y31.154 E.00526
;WIDTH:0.755752
G1 X47.353 Y31.113 E.00564
;WIDTH:0.803628
G1 X47.283 Y31.072 E.00609
;WIDTH:0.851505
G1 X47.214 Y31.03 E.00645
;WIDTH:0.899381
G1 X47.145 Y30.989 E.00679
;WIDTH:0.947257
G1 X47.076 Y30.948 E.00717
G1 X45.202 Y30.948 E.1675
G1 X45.202 Y30.052 E.08008
G1 X47.076 Y30.052 E.1675
G1 X47.199 Y30.028 E.0112
;WIDTH:0.899381
G1 X47.321 Y30.004 E.01052
;WIDTH:0.851505
G1 X47.444 Y29.98 E.01
;WIDTH:0.803628
G1 X47.567 Y29.956 E.0094
;WIDTH:0.755752
G1 X47.69 Y29.932 E.00881
;WIDTH:0.707876
G1 X47.813 Y29.908 E.00821
;WIDTH:0.659999
G1 X351.45 Y29.908 E18.43559
;WIDTH:0.68804
G1 X351.819 Y29.923 E.02346
;WIDTH:0.716081
G1 X352.187 Y29.937 E.02442
;WIDTH:0.764551
G1 X352.283 Y29.961 E.00704
;WIDTH:0.81302
G1 X352.379 Y29.985 E.00752
;WIDTH:0.861489
G1 X352.475 Y30.009 E.008
;WIDTH:0.909958
G1 X352.572 Y30.033 E.00856
;WIDTH:0.958427
G1 X352.668 Y30.058 E.00898
G1 X352.924 Y30.052 E.02317
;WIDTH:0.947257
G1 X354.798 Y30.052 E.1675
G1 X354.798 Y30.948 E.08008
G1 X352.757 Y30.948 E.18242
G1 X352.667 Y31.031 E.01094
;WIDTH:0.899381
G1 X352.577 Y31.113 E.0103
;WIDTH:0.851505
G1 X352.487 Y31.196 E.00977
;WIDTH:0.803628
G1 X352.398 Y31.279 E.00913
;WIDTH:0.755752
G1 X352.376 Y31.299 E.00209
G1 X352.73 Y31.778 F9000
;TYPE:External perimeter
;WIDTH:0.629999
G1 F1500
G1 X352.693 Y31.801 E.00251
G1 X352.635 Y31.974 E.01053
G1 X352.635 Y368.585 E19.43002
G1 X342.887 Y368.585 E.56268
G1 X342.704 Y368.687 E.01209
G1 X342.635 Y368.874 E.01151
G1 X342.635 Y370.685 E.10454
G1 X205.365 Y370.685 E7.92356
G1 X205.365 Y368.805 E.10852
G1 X205.254 Y368.647 E.01115
G1 X205.079 Y368.585 E.01072
G1 X194.986 Y368.585 E.58259
G1 X194.802 Y368.689 E.0122
G1 X194.735 Y368.874 E.01136
G1 X194.735 Y370.685 E.10454
G1 X57.365 Y370.685 E7.92933
G1 X57.365 Y368.804 E.10858
G1 X57.253 Y368.645 E.01123
G1 X57.076 Y368.585 E.01079
G1 X47.365 Y368.585 E.56054
G1 X47.365 Y31.907 E19.43388
G1 X47.212 Y31.719 E.01399
G1 X47.076 Y31.685 E.00809
G1 X44.465 Y31.685 E.15071
G1 X44.465 Y29.315 E.1368
G1 X355.535 Y29.315 E17.95573
G1 X355.535 Y31.685 E.1368
G1 X352.881 Y31.685 E.1532
G1 X352.807 Y31.731 E.00503
G1 E-4.2 F3600
;WIPE_START
G1 F7200
G1 X352.73 Y31.778 E-.04285
G1 X352.693 Y31.801 E-.02069
G1 X352.635 Y31.974 E-.08667
G1 X352.635 Y35.447 E-1.64979
;WIPE_END
G1 X348.655 Y30.377 F9000
G1 E6 F2400
;TYPE:Internal infill
;WIDTH:0.66
G1 F3000
G1 X351.444 Y30.377 E.16934
G1 X352.142 Y30.43 E.0425
G1 X352.286 Y30.503 E.0098
G1 X48.427 Y334.362 E26.09094
G1 X48.427 Y341.012 E.40376
G1 X77.038 Y369.623 E2.45669
G1 X82.01 Y369.623 E.30188
G1 X351.573 Y100.06 E23.14611
G1 X351.573 Y93.41 E.40376
G1 X288.54 Y30.377 E5.41235
G1 X283.569 Y30.377 E.30182
G1 X48.427 Y265.519 E20.19054
G1 X48.427 Y272.168 E.4037
G1 X145.882 Y369.623 E8.368
G1 X150.853 Y369.623 E.30182
G1 X351.573 Y168.903 E17.23488
G1 X351.573 Y162.254 E.4037
G1 X219.696 Y30.377 E11.32366
G1 X214.725 Y30.377 E.30182
G1 X48.427 Y196.675 E14.27923
G1 X48.427 Y203.325 E.40376
G1 X214.725 Y369.623 E14.27923
G1 X219.696 Y369.623 E.30182
G1 X351.573 Y237.746 E11.32366
G1 X351.573 Y231.097 E.4037
G1 X150.853 Y30.377 E17.23488
G1 X145.882 Y30.377 E.30182
G1 X48.427 Y127.832 E8.368
G1 X48.427 Y134.481 E.4037
G1 X283.569 Y369.623 E20.19054
G1 X288.54 Y369.623 E.30182
G1 X351.573 Y306.59 E5.41235
G1 X351.573 Y299.94 E.40376
G1 X82.01 Y30.377 E23.14611
G1 X77.038 Y30.377 E.30188
G1 X48.427 Y58.988 E2.45669
G1 X48.427 Y65.638 E.40376
G1 X350.312 Y367.523 E25.92145
G1 X351.573 Y367.523 E.07656
G1 X351.573 Y365.133 E.14511
G1 E-4.2 F3600
;WIPE_START
G1 F7200
G1 X351.573 Y367.523 E-1.13525
G1 X350.312 Y367.523 E-.59897
G1 X350.214 Y367.425 E-.06578
;WIPE_END
G1 X206.721 Y369.623 F9000
G1 E6 F2400
G1 F3000
G1 X206.427 Y369.623 E.01785
G1 X206.427 Y368.861 E.04627
G1 X206.363 Y368.457 E.02484
G1 X206.237 Y368.18 E.01848
G1 X206.005 Y367.892 E.02245
G1 X205.762 Y367.709 E.01847
G1 X205.432 Y367.569 E.02176
G1 X204.586 Y367.523 E.05144
G1 X351.573 Y220.536 E12.62108
G1 X351.573 Y213.886 E.40376
G1 X168.064 Y30.377 E15.75705
G1 X163.093 Y30.377 E.30182
G1 X48.427 Y145.043 E9.84583
G1 X48.427 Y151.692 E.4037
G1 X266.358 Y369.623 E18.71271
G1 X271.329 Y369.623 E.30182
G1 X351.573 Y289.379 E6.89017
G1 X351.573 Y282.73 E.4037
G1 X99.22 Y30.377 E21.66837
G1 X94.249 Y30.377 E.30182
G1 X48.427 Y76.199 E3.93452
G1 X48.427 Y82.849 E.40376
G1 X335.201 Y369.623 E24.62393
G1 X340.172 Y369.623 E.30182
G1 X351.573 Y358.222 E.97895
G1 X351.573 Y351.573 E.4037
G1 X48.427 Y48.427 E26.02972
G1 X48.427 Y41.778 E.4037
G1 X59.828 Y30.377 E.97895
G1 X64.799 Y30.377 E.30182
G1 X351.573 Y317.151 E24.62393
G1 X351.573 Y323.801 E.40376
G1 X305.751 Y369.623 E3.93452
G1 X300.78 Y369.623 E.30182
G1 X48.427 Y117.27 E21.66837
G1 X48.427 Y110.621 E.4037
G1 X128.671 Y30.377 E6.89017
G1 X133.642 Y30.377 E.30182
G1 X351.573 Y248.308 E18.71271
G1 X351.573 Y254.957 E.4037
G1 X236.907 Y369.623 E9.84583
G1 X231.936 Y369.623 E.30182
G1 X48.427 Y186.114 E15.75705
G1 X48.427 Y179.464 E.40376
G1 X197.514 Y30.377 E12.8014
G1 X202.486 Y30.377 E.30188
G1 X351.573 Y179.464 E12.8014
G1 X351.573 Y186.114 E.40376
G1 X168.064 Y369.623 E15.75705
G1 X163.093 Y369.623 E.30182
G1 X48.427 Y254.957 E9.84583
G1 X48.427 Y248.308 E.4037
G1 X266.358 Y30.377 E18.71271
G1 X271.329 Y30.377 E.30182
G1 X351.573 Y110.621 E6.89017
G1 X351.573 Y117.27 E.4037
G1 X99.22 Y369.623 E21.66837
G1 X94.249 Y369.623 E.30182
G1 X48.427 Y323.801 E3.93452
G1 X48.427 Y317.151 E.40376
G1 X335.201 Y30.377 E24.62393
G1 X340.172 Y30.377 E.30182
G1 X351.573 Y41.778 E.97895
G1 X351.573 Y48.427 E.4037
G1 X48.427 Y351.573 E26.02972
G1 X48.427 Y358.222 E.4037
G1 X59.828 Y369.623 E.97895
G1 X64.799 Y369.623 E.30182
G1 X351.573 Y82.849 E24.62393
G1 X351.573 Y76.199 E.40376
G1 X305.751 Y30.377 E3.93452
G1 X300.78 Y30.377 E.30182
G1 X48.427 Y282.73 E21.66837
G1 X48.427 Y289.379 E.4037
G1 X128.671 Y369.623 E6.89017
G1 X133.642 Y369.623 E.30182
G1 X351.573 Y151.692 E18.71271
G1 X351.573 Y145.043 E.4037
G1 X236.907 Y30.377 E9.84583
G1 X231.936 Y30.377 E.30182
G1 X48.427 Y213.886 E15.75705
G1 X48.427 Y220.536 E.40376
G1 X195.414 Y367.523 E12.62108
G1 X194.777 Y367.545 E.0387
G1 X194.52 Y367.62 E.01625
G1 X194.093 Y367.894 E.0308
G1 X193.863 Y368.18 E.02228
G1 X193.737 Y368.457 E.01848
G1 X193.673 Y368.861 E.02484
G1 X193.673 Y369.623 E.04627
G1 X193.28 Y369.623 E.02386
G1 E-4.2 F3600
;WIPE_START
G1 F7200
G1 X193.673 Y369.623 E-.18668
G1 X193.673 Y368.861 E-.36195
G1 X193.737 Y368.457 E-.19429
G1 X193.863 Y368.18 E-.14455
G1 X194.093 Y367.894 E-.17433
G1 X194.52 Y367.62 E-.24099
G1 X194.777 Y367.545 E-.12717
G1 X195.414 Y367.523 E-.30276
G1 X195.314 Y367.423 E-.06728
;WIPE_END
G1 X48.427 Y365.133 F9000
G1 E6 F2400
G1 F3000
G1 X48.427 Y367.523 E.14511
G1 X49.688 Y367.523 E.07656
G1 X351.573 Y65.638 E25.92145
G1 X351.573 Y58.988 E.40376
G1 X322.962 Y30.377 E2.45669
G1 X317.99 Y30.377 E.30188
G1 X48.427 Y299.94 E23.14611
G1 X48.427 Y306.59 E.40376
G1 X111.46 Y369.623 E5.41235
G1 X116.431 Y369.623 E.30182
G1 X351.573 Y134.481 E20.19054
G1 X351.573 Y127.832 E.4037
G1 X254.118 Y30.377 E8.368
G1 X249.147 Y30.377 E.30182
G1 X48.427 Y231.097 E17.23488
G1 X48.427 Y237.746 E.4037
G1 X180.304 Y369.623 E11.32366
G1 X185.275 Y369.623 E.30182
G1 X351.573 Y203.325 E14.27923
G1 X351.573 Y196.675 E.40376
G1 X185.275 Y30.377 E14.27923
G1 X180.304 Y30.377 E.30182
G1 X48.427 Y162.254 E11.32366
G1 X48.427 Y168.903 E.4037
G1 X249.147 Y369.623 E17.23488
G1 X254.118 Y369.623 E.30182
G1 X351.573 Y272.168 E8.368
G1 X351.573 Y265.519 E.4037
G1 X116.431 Y30.377 E20.19054
G1 X111.46 Y30.377 E.30182
G1 X48.427 Y93.41 E5.41235
G1 X48.427 Y100.06 E.40376
G1 X317.99 Y369.623 E23.14611
G1 X322.962 Y369.623 E.30188
G1 X351.573 Y341.012 E2.45669
G1 X351.573 Y334.362 E.40376
G1 X47.66 Y30.449 E26.09558
G1 X47.844 Y30.377 E.012
G1 X51.297 Y30.377 E.20965
;LAYER_CHANGE
;Z:3.18
;HEIGHT:0.24
;BEFORE_LAYER_CHANGE
G92 E0
;3.18


G1 E-4.2 F3600
;WIPE_START
G1 F7200
G1 X47.844 Y30.377 E-1.64018
G1 X47.66 Y30.449 E-.09385
G1 X47.758 Y30.547 E-.06597
;WIPE_END
G1 Z3.18 F9000
;AFTER_LAYER_CHANGE
;3.18
G1 X47.687 Y31.363
G1 E6 F2400
;TYPE:Perimeter
;WIDTH:0.659999
G1 X47.491 Y31.195 E.01567
;WIDTH:0.707876
G1 X47.422 Y31.154 E.00526
;WIDTH:0.755752
G1 X47.353 Y31.113 E.00564
;WIDTH:0.803628
G1 X47.283 Y31.072 E.00609
;WIDTH:0.851505
G1 X47.214 Y31.03 E.00645
;WIDTH:0.899381
G1 X47.145 Y30.989 E.00679
;WIDTH:0.947257
G1 X47.076 Y30.948 E.00717
G1 X45.202 Y30.948 E.1675
G1 X45.202 Y30.052 E.08008
G1 X47.076 Y30.052 E.1675
G1 X47.199 Y30.028 E.0112
;WIDTH:0.899381
G1 X47.321 Y30.004 E.01052
;WIDTH:0.851505
G1 X47.444 Y29.98 E.01
;WIDTH:0.803628
G1 X47.567 Y29.956 E.0094
;WIDTH:0.755752
G1 X47.69 Y29.932 E.00881
;WIDTH:0.707876
G1 X47.813 Y29.908 E.00821
;WIDTH:0.659999
G1 X351.45 Y29.908 E18.43559
;WIDTH:0.68804
G1 X351.819 Y29.923 E.02346
;WIDTH:0.716081
G1 X352.187 Y29.937 E.02442
;WIDTH:0.764551
G1 X352.283 Y29.961 E.00704
;WIDTH:0.81302
G1 X352.379 Y29.985 E.00752
;WIDTH:0.861489
G1 X352.475 Y30.009 E.008
;WIDTH:0.909958
G1 X352.572 Y30.033 E.00856
;WIDTH:0.958427
G1 X352.668 Y30.058 E.00898
G1 X352.924 Y30.052 E.02317
;WIDTH:0.947257
G1 X354.798 Y30.052 E.1675
G1 X354.798 Y30.948 E.08008
G1 X352.757 Y30.948 E.18242
G1 X352.667 Y31.031 E.01094
;WIDTH:0.899381
G1 X352.577 Y31.113 E.0103
;WIDTH:0.851505
G1 X352.487 Y31.196 E.00977
;WIDTH:0.803628
G1 X352.398 Y31.279 E.00913
;WIDTH:0.755752
G1 X352.308 Y31.362 E.0086
;WIDTH:0.707876
G1 X352.218 Y31.445 E.00802
;WIDTH:0.659999
G1 X352.077 Y31.727 E.01914
G1 X352.042 Y31.974 E.01515
G1 X352.042 Y367.992 E20.40163
G1 X342.865 Y367.992 E.55719
G1 X342.517 Y368.091 E.02197
G1 X342.251 Y368.304 E.02069
G1 X342.086 Y368.596 E.02036
G1 X342.042 Y368.874 E.01709
G1 X342.042 Y370.092 E.07395
G1 X205.958 Y370.092 E8.26246
G1 X205.958 Y368.874 E.07395
G1 X205.915 Y368.6 E.01684
G1 X205.834 Y368.423 E.01182
G1 X205.681 Y368.232 E.01486
G1 X205.429 Y368.065 E.01836
G1 X205.081 Y367.992 E.02159
G1 X200 Y367.992 E.3085
G1 X194.968 Y367.992 E.30552
G1 X194.612 Y368.094 E.02248
G1 X194.347 Y368.308 E.02068
G1 X194.185 Y368.6 E.02027
G1 X194.142 Y368.874 E.01684
G1 X194.142 Y370.092 E.07395
G1 X57.958 Y370.092 E8.26853
G1 X57.958 Y368.874 E.07395
G1 X57.914 Y368.596 E.01709
G1 X57.832 Y368.418 E.0119
G1 X57.677 Y368.228 E.01489
G1 X57.408 Y368.057 E.01935
G1 X57.076 Y367.992 E.02054
G1 X47.958 Y367.992 E.55361
G1 X47.958 Y31.974 E20.40163
G1 X47.923 Y31.727 E.01515
G1 X47.782 Y31.445 E.01914
G1 X47.755 Y31.422 E.00215
G1 X47.265 Y31.785 F9000
;TYPE:External perimeter
;WIDTH:0.629999
G1 F1500
G1 X47.212 Y31.719 E.00489
G1 X47.076 Y31.685 E.00809
G1 X44.465 Y31.685 E.15071
G1 X44.465 Y29.315 E.1368
G1 X355.535 Y29.315 E17.95573
G1 X355.535 Y31.685 E.1368
G1 X352.881 Y31.685 E.1532
G1 X352.693 Y31.801 E.01275
G1 X352.635 Y31.974 E.01053
G1 X352.635 Y368.585 E19.43002
G1 X342.887 Y368.585 E.56268
G1 X342.704 Y368.687 E.01209
G1 X342.635 Y368.874 E.01151
G1 X342.635 Y370.685 E.10454
G1 X205.365 Y370.685 E7.92356
G1 X205.365 Y368.805 E.10852
G1 X205.254 Y368.647 E.01115
G1 X205.079 Y368.585 E.01072
G1 X194.986 Y368.585 E.58259
G1 X194.802 Y368.689 E.0122
G1 X194.735 Y368.874 E.01136
G1 X194.735 Y370.685 E.10454
G1 X57.365 Y370.685 E7.92933
G1 X57.365 Y368.804 E.10858
G1 X57.253 Y368.645 E.01123
G1 X57.076 Y368.585 E.01079
G1 X47.365 Y368.585 E.56054
G1 X47.365 Y31.907 E19.43388
G1 X47.322 Y31.855 E.00389
G1 E-4.2 F3600
;WIPE_START
G1 F7200
G1 X47.265 Y31.785 E-.04288
G1 X47.212 Y31.719 E-.04021
G1 X47.076 Y31.685 E-.06659
G1 X44.465 Y31.685 E-1.24022
G1 X44.465 Y30.822 E-.4101
;WIPE_END
G1 X51.297 Y30.377 F9000
G1 E6 F2400
;TYPE:Internal infill
;WIDTH:0.66
G1 F3000
G1 X47.844 Y30.377 E.20965
G1 X47.66 Y30.449 E.012
G1 X351.573 Y334.362 E26.09558
G1 X351.573 Y341.012 E.40376
G1 X322.962 Y369.623 E2.45669
G1 X317.99 Y369.623 E.30188
G1 X48.427 Y100.06 E23.14611
G1 X48.427 Y93.41 E.40376
G1 X111.46 Y30.377 E5.41235
G1 X116.431 Y30.377 E.30182
G1 X351.573 Y265.519 E20.19054
G1 X351.573 Y272.168 E.4037
G1 X254.118 Y369.623 E8.368
G1 X249.147 Y369.623 E.30182
G1 X48.427 Y168.903 E17.23488
G1 X48.427 Y162.254 E.4037
G1 X180.304 Y30.377 E11.32366
G1 X185.275 Y30.377 E.30182
G1 X351.573 Y196.675 E14.27923
G1 X351.573 Y203.325 E.40376
G1 X185.275 Y369.623 E14.27923
G1 X180.304 Y369.623 E.30182
G1 X48.427 Y237.746 E11.32366
G1 X48.427 Y231.097 E.4037
G1 X249.147 Y30.377 E17.23488
G1 X254.118 Y30.377 E.30182
G1 X351.573 Y127.832 E8.368
G1 X351.573 Y134.481 E.4037
G1 X116.431 Y369.623 E20.19054
G1 X111.46 Y369.623 E.30182
G1 X48.427 Y306.59 E5.41235
G1 X48.427 Y299.94 E.40376
G1 X317.99 Y30.377 E23.14611
G1 X322.962 Y30.377 E.30188
G1 X351.573 Y58.988 E2.45669
G1 X351.573 Y65.638 E.40376
G1 X49.688 Y367.523 E25.92145
G1 X48.427 Y367.523 E.07656
G1 X48.427 Y365.133 E.14511
G1 E-4.2 F3600
;WIPE_START
G1 F7200
G1 X48.427 Y367.523 E-1.13525
G1 X49.688 Y367.523 E-.59898
G1 X49.786 Y367.425 E-.06577
;WIPE_END
G1 X193.28 Y369.623 F9000
G1 E6 F2400
G1 F3000
G1 X193.673 Y369.623 E.02386
G1 X193.673 Y368.861 E.04627
G1 X193.737 Y368.457 E.02484
G1 X193.863 Y368.18 E.01848
G1 X194.093 Y367.894 E.02228
G1 X194.52 Y367.62 E.0308
G1 X194.777 Y367.545 E.01625
G1 X195.414 Y367.523 E.0387
G1 X48.427 Y220.536 E12.62108
G1 X48.427 Y213.886 E.40376
G1 X231.936 Y30.377 E15.75705
G1 X236.907 Y30.377 E.30182
G1 X351.573 Y145.043 E9.84583
G1 X351.573 Y151.692 E.4037
G1 X133.642 Y369.623 E18.71271
G1 X128.671 Y369.623 E.30182
G1 X48.427 Y289.379 E6.89017
G1 X48.427 Y282.73 E.4037
G1 X300.78 Y30.377 E21.66837
G1 X305.751 Y30.377 E.30182
G1 X351.573 Y76.199 E3.93452
G1 X351.573 Y82.849 E.40376
G1 X64.799 Y369.623 E24.62393
G1 X59.828 Y369.623 E.30182
G1 X48.427 Y358.222 E.97895
G1 X48.427 Y351.573 E.4037
G1 X351.573 Y48.427 E26.02972
G1 X351.573 Y41.778 E.4037
G1 X340.172 Y30.377 E.97895
G1 X335.201 Y30.377 E.30182
G1 X48.427 Y317.151 E24.62393
G1 X48.427 Y323.801 E.40376
G1 X94.249 Y369.623 E3.93452
G1 X99.22 Y369.623 E.30182
G1 X351.573 Y117.27 E21.66837
G1 X351.573 Y110.621 E.4037
G1 X271.329 Y30.377 E6.89017
G1 X266.358 Y30.377 E.30182
G1 X48.427 Y248.308 E18.71271
G1 X48.427 Y254.957 E.4037
G1 X163.093 Y369.623 E9.84583
G1 X168.064 Y369.623 E.30182
G1 X351.573 Y186.114 E15.75705
G1 X351.573 Y179.464 E.40376
G1 X202.486 Y30.377 E12.8014
G1 X197.514 Y30.377 E.30188
G1 X48.427 Y179.464 E12.8014
G1 X48.427 Y186.114 E.40376
G1 X231.936 Y369.623 E15.75705
G1 X236.907 Y369.623 E.30182
G1 X351.573 Y254.957 E9.84583
G1 X351.573 Y248.308 E.4037
G1 X133.642 Y30.377 E18.71271
G1 X128.671 Y30.377 E.30182
G1 X48.427 Y110.621 E6.89017
G1 X48.427 Y117.27 E.4037
G1 X300.78 Y369.623 E21.66837
G1 X305.751 Y369.623 E.30182
G1 X351.573 Y323.801 E3.93452
G1 X351.573 Y317.151 E.40376
G1 X64.799 Y30.377 E24.62393
G1 X59.828 Y30.377 E.30182
G1 X48.427 Y41.778 E.97895
G1 X48.427 Y48.427 E.4037
G1 X351.573 Y351.573 E26.02972
G1 X351.573 Y358.222 E.4037
G1 X340.172 Y369.623 E.97895
G1 X335.201 Y369.623 E.30182
G1 X48.427 Y82.849 E24.62393
G1 X48.427 Y76.199 E.40376
G1 X94.249 Y30.377 E3.93452
G1 X99.22 Y30.377 E.30182
G1 X351.573 Y282.73 E21.66837
G1 X351.573 Y289.379 E.4037
G1 X271.329 Y369.623 E6.89017
G1 X266.358 Y369.623 E.30182
G1 X48.427 Y151.692 E18.71271
G1 X48.427 Y145.043 E.4037
G1 X163.093 Y30.377 E9.84583
G1 X168.064 Y30.377 E.30182
G1 X351.573 Y213.886 E15.75705
G1 X351.573 Y220.536 E.40376
G1 X204.586 Y367.523 E12.62108
G1 X205.432 Y367.569 E.05144
G1 X205.762 Y367.709 E.02176
G1 X206.005 Y367.892 E.01847
G1 X206.237 Y368.18 E.02245
G1 X206.363 Y368.457 E.01848
G1 X206.427 Y368.861 E.02484
G1 X206.427 Y369.623 E.04627
G1 X206.721 Y369.623 E.01785
G1 E-4.2 F3600
;WIPE_START
G1 F7200
G1 X206.427 Y369.623 E-.13965
G1 X206.427 Y368.861 E-.36195
G1 X206.363 Y368.457 E-.19429
G1 X206.237 Y368.18 E-.14455
G1 X206.005 Y367.892 E-.17567
G1 X205.762 Y367.709 E-.1445
G1 X205.432 Y367.569 E-.17027
G1 X204.586 Y367.523 E-.40244
G1 X204.685 Y367.424 E-.06668
;WIPE_END
G1 X351.573 Y365.133 F9000
G1 E6 F2400
G1 F3000
G1 X351.573 Y367.523 E.14511
G1 X350.312 Y367.523 E.07656
G1 X48.427 Y65.638 E25.92145
G1 X48.427 Y58.988 E.40376
G1 X77.038 Y30.377 E2.45669
G1 X82.01 Y30.377 E.30188
G1 X351.573 Y299.94 E23.14611
G1 X351.573 Y306.59 E.40376
G1 X288.54 Y369.623 E5.41235
G1 X283.569 Y369.623 E.30182
G1 X48.427 Y134.481 E20.19054
G1 X48.427 Y127.832 E.4037
G1 X145.882 Y30.377 E8.368
G1 X150.853 Y30.377 E.30182
G1 X351.573 Y231.097 E17.23488
G1 X351.573 Y237.746 E.4037
G1 X219.696 Y369.623 E11.32366
G1 X214.725 Y369.623 E.30182
G1 X48.427 Y203.325 E14.27923
G1 X48.427 Y196.675 E.40376
G1 X214.725 Y30.377 E14.27923
G1 X219.696 Y30.377 E.30182
G1 X351.573 Y162.254 E11.32366
G1 X351.573 Y168.903 E.4037
G1 X150.853 Y369.623 E17.23488
G1 X145.882 Y369.623 E.30182
G1 X48.427 Y272.168 E8.368
G1 X48.427 Y265.519 E.4037
G1 X283.569 Y30.377 E20.19054
G1 X288.54 Y30.377 E.30182
G1 X351.573 Y93.41 E5.41235
G1 X351.573 Y100.06 E.40376
G1 X82.01 Y369.623 E23.14611
G1 X77.038 Y369.623 E.30188
G1 X48.427 Y341.012 E2.45669
G1 X48.427 Y334.362 E.40376
G1 X352.286 Y30.503 E26.09094
G1 X352.142 Y30.43 E.0098
G1 X351.444 Y30.377 E.0425
G1 X348.655 Y30.377 E.16934
;LAYER_CHANGE
;Z:3.42
;HEIGHT:0.24
;BEFORE_LAYER_CHANGE
G92 E0
;3.42


G1 E-4.2 F3600
;WIPE_START
G1 F7200
G1 X351.444 Y30.377 E-1.32477
G1 X352.142 Y30.43 E-.3325
G1 X352.286 Y30.503 E-.07669
G1 X352.188 Y30.601 E-.06604
;WIPE_END
G1 Z3.42 F9000
;AFTER_LAYER_CHANGE
;3.42
G1 X352.31 Y31.36
G1 E6 F2400
;TYPE:Perimeter
;WIDTH:0.755752
G1 X352.308 Y31.362 E.0002
;WIDTH:0.707876
G1 X352.218 Y31.445 E.00802
;WIDTH:0.659999
G1 X352.077 Y31.727 E.01914
G1 X352.042 Y31.974 E.01515
G1 X352.042 Y367.992 E20.40163
G1 X342.865 Y367.992 E.55719
G1 X342.517 Y368.091 E.02197
G1 X342.251 Y368.304 E.02069
G1 X342.086 Y368.596 E.02036
G1 X342.042 Y368.874 E.01709
G1 X342.042 Y370.092 E.07395
G1 X205.958 Y370.092 E8.26246
G1 X205.958 Y368.874 E.07395
G1 X205.915 Y368.6 E.01684
G1 X205.834 Y368.423 E.01182
G1 X205.681 Y368.232 E.01486
G1 X205.429 Y368.065 E.01836
G1 X205.081 Y367.992 E.02159
G1 X200 Y367.992 E.3085
G1 X194.968 Y367.992 E.30552
G1 X194.612 Y368.094 E.02248
G1 X194.347 Y368.308 E.02068
G1 X194.185 Y368.6 E.02027
G1 X194.142 Y368.874 E.01684
G1 X194.142 Y370.092 E.07395
G1 X57.958 Y370.092 E8.26853
G1 X57.958 Y368.874 E.07395
G1 X57.914 Y368.596 E.01709
G1 X57.832 Y368.418 E.0119
G1 X57.677 Y368.228 E.01489
G1 X57.408 Y368.057 E.01935
G1 X57.076 Y367.992 E.02054
G1 X47.958 Y367.992 E.55361
G1 X47.958 Y31.974 E20.40163
G1 X47.923 Y31.727 E.01515
G1 X47.782 Y31.445 E.01914
G1 X47.491 Y31.195 E.02329
;WIDTH:0.707876
G1 X47.422 Y31.154 E.00526
;WIDTH:0.755752
G1 X47.353 Y31.113 E.00564
;WIDTH:0.803628
G1 X47.283 Y31.072 E.00609
;WIDTH:0.851505
G1 X47.214 Y31.03 E.00645
;WIDTH:0.899381
G1 X47.145 Y30.989 E.00679
;WIDTH:0.947257
G1 X47.076 Y30.948 E.00717
G1 X45.202 Y30.948 E.1675
G1 X45.202 Y30.052 E.08008
G1 X47.076 Y30.052 E.1675
G1 X47.199 Y30.028 E.0112
;WIDTH:0.899381
G1 X47.321 Y30.004 E.01052
;WIDTH:0.851505
G1 X47.444 Y29.98 E.01
;WIDTH:0.803628
G1 X47.567 Y29.956 E.0094
;WIDTH:0.755752
G1 X47.69 Y29.932 E.00881
;WIDTH:0.707876
G1 X47.813 Y29.908 E.00821
;WIDTH:0.659999
G1 X351.45 Y29.908 E18.43559
;WIDTH:0.68804
G1 X351.819 Y29.923 E.02346
;WIDTH:0.716081
G1 X352.187 Y29.937 E.02442
;WIDTH:0.764551
G1 X352.283 Y29.961 E.00704
;WIDTH:0.81302
G1 X352.379 Y29.985 E.00752
;WIDTH:0.861489
G1 X352.475 Y30.009 E.008
;WIDTH:0.909958
G1 X352.572 Y30.033 E.00856
;WIDTH:0.958427
G1 X352.668 Y30.058 E.00898
G1 X352.924 Y30.052 E.02317
;WIDTH:0.947257
G1 X354.798 Y30.052 E.1675
G1 X354.798 Y30.948 E.08008
G1 X352.757 Y30.948 E.18242
G1 X352.667 Y31.031 E.01094
;WIDTH:0.899381
G1 X352.577 Y31.113 E.0103
;WIDTH:0.851505
G1 X352.487 Y31.196 E.00977
;WIDTH:0.803628
G1 X352.398 Y31.279 E.00913
;WIDTH:0.755752
G1 X352.376 Y31.299 E.00209
G1 X352.73 Y31.778 F9000
;TYPE:External perimeter
;WIDTH:0.629999
G1 F1500
G1 X352.693 Y31.801 E.00251
G1 X352.635 Y31.974 E.01053
G1 X352.635 Y368.585 E19.43002
G1 X342.887 Y368.585 E.56268
G1 X342.704 Y368.687 E.01209
G1 X342.635 Y368.874 E.01151
G1 X342.635 Y370.685 E.10454
G1 X205.365 Y370.685 E7.92356
G1 X205.365 Y368.805 E.10852
G1 X205.254 Y368.647 E.01115
G1 X205.079 Y368.585 E.01072
G1 X194.986 Y368.585 E.58259
G1 X194.802 Y368.689 E.0122
G1 X194.735 Y368.874 E.01136
G1 X194.735 Y370.685 E.10454
G1 X57.365 Y370.685 E7.92933
G1 X57.365 Y368.804 E.10858
G1 X57.253 Y368.645 E.01123
G1 X57.076 Y368.585 E.01079
G1 X47.365 Y368.585 E.56054
G1 X47.365 Y31.907 E19.43388
G1 X47.212 Y31.719 E.01399
G1 X47.076 Y31.685 E.00809
G1 X44.465 Y31.685 E.15071
G1 X44.465 Y29.315 E.1368
G1 X355.535 Y29.315 E17.95573
G1 X355.535 Y31.685 E.1368
G1 X352.881 Y31.685 E.1532
G1 X352.807 Y31.731 E.00503
G1 E-4.2 F3600
;WIPE_START
G1 F7200
G1 X352.73 Y31.778 E-.04285
G1 X352.693 Y31.801 E-.02069
G1 X352.635 Y31.974 E-.08667
G1 X352.635 Y35.447 E-1.64979
;WIPE_END
G1 X348.655 Y30.377 F9000
G1 E6 F2400
;TYPE:Internal infill
;WIDTH:0.66
G1 F3000
G1 X351.444 Y30.377 E.16934
G1 X352.142 Y30.43 E.0425
G1 X352.286 Y30.503 E.0098
G1 X48.427 Y334.362 E26.09094
G1 X48.427 Y341.012 E.40376
G1 X77.038 Y369.623 E2.45669
G1 X82.01 Y369.623 E.30188
G1 X351.573 Y100.06 E23.14611
G1 X351.573 Y93.41 E.40376
G1 X288.54 Y30.377 E5.41235
G1 X283.569 Y30.377 E.30182
G1 X48.427 Y265.519 E20.19054
G1 X48.427 Y272.168 E.4037
G1 X145.882 Y369.623 E8.368
G1 X150.853 Y369.623 E.30182
G1 X351.573 Y168.903 E17.23488
G1 X351.573 Y162.254 E.4037
G1 X219.696 Y30.377 E11.32366
G1 X214.725 Y30.377 E.30182
G1 X48.427 Y196.675 E14.27923
G1 X48.427 Y203.325 E.40376
G1 X214.725 Y369.623 E14.27923
G1 X219.696 Y369.623 E.30182
G1 X351.573 Y237.746 E11.32366
G1 X351.573 Y231.097 E.4037
G1 X150.853 Y30.377 E17.23488
G1 X145.882 Y30.377 E.30182
G1 X48.427 Y127.832 E8.368
G1 X48.427 Y134.481 E.4037
G1 X283.569 Y369.623 E20.19054
G1 X288.54 Y369.623 E.30182
G1 X351.573 Y306.59 E5.41235
G1 X351.573 Y299.94 E.40376
G1 X82.01 Y30.377 E23.14611
G1 X77.038 Y30.377 E.30188
G1 X48.427 Y58.988 E2.45669
G1 X48.427 Y65.638 E.40376
G1 X350.312 Y367.523 E25.92145
G1 X351.573 Y367.523 E.07656
G1 X351.573 Y365.133 E.14511
G1 E-4.2 F3600
;WIPE_START
G1 F7200
G1 X351.573 Y367.523 E-1.13525
G1 X350.312 Y367.523 E-.59897
G1 X350.214 Y367.425 E-.06578
;WIPE_END
G1 X206.721 Y369.623 F9000
G1 E6 F2400
G1 F3000
G1 X206.427 Y369.623 E.01785
G1 X206.427 Y368.861 E.04627
G1 X206.363 Y368.457 E.02484
G1 X206.237 Y368.18 E.01848
G1 X206.005 Y367.892 E.02245
G1 X205.762 Y367.709 E.01847
G1 X205.432 Y367.569 E.02176
G1 X204.586 Y367.523 E.05144
G1 X351.573 Y220.536 E12.62108
G1 X351.573 Y213.886 E.40376
G1 X168.064 Y30.377 E15.75705
G1 X163.093 Y30.377 E.30182
G1 X48.427 Y145.043 E9.84583
G1 X48.427 Y151.692 E.4037
G1 X266.358 Y369.623 E18.71271
G1 X271.329 Y369.623 E.30182
G1 X351.573 Y289.379 E6.89017
G1 X351.573 Y282.73 E.4037
G1 X99.22 Y30.377 E21.66837
G1 X94.249 Y30.377 E.30182
G1 X48.427 Y76.199 E3.93452
G1 X48.427 Y82.849 E.40376
G1 X335.201 Y369.623 E24.62393
G1 X340.172 Y369.623 E.30182
G1 X351.573 Y358.222 E.97895
G1 X351.573 Y351.573 E.4037
G1 X48.427 Y48.427 E26.02972
G1 X48.427 Y41.778 E.4037
G1 X59.828 Y30.377 E.97895
G1 X64.799 Y30.377 E.30182
G1 X351.573 Y317.151 E24.62393
G1 X351.573 Y323.801 E.40376
G1 X305.751 Y369.623 E3.93452
G1 X300.78 Y369.623 E.30182
G1 X48.427 Y117.27 E21.66837
G1 X48.427 Y110.621 E.4037
G1 X128.671 Y30.377 E6.89017
G1 X133.642 Y30.377 E.30182
G1 X351.573 Y248.308 E18.71271
G1 X351.573 Y254.957 E.4037
G1 X236.907 Y369.623 E9.84583
G1 X231.936 Y369.623 E.30182
G1 X48.427 Y186.114 E15.75705
G1 X48.427 Y179.464 E.40376
G1 X197.514 Y30.377 E12.8014
G1 X202.486 Y30.377 E.30188
G1 X351.573 Y179.464 E12.8014
G1 X351.573 Y186.114 E.40376
G1 X168.064 Y369.623 E15.75705
G1 X163.093 Y369.623 E.30182
G1 X48.427 Y254.957 E9.84583
G1 X48.427 Y248.308 E.4037
G1 X266.358 Y30.377 E18.71271
G1 X271.329 Y30.377 E.30182
G1 X351.573 Y110.621 E6.89017
G1 X351.573 Y117.27 E.4037
G1 X99.22 Y369.623 E21.66837
G1 X94.249 Y369.623 E.30182
G1 X48.427 Y323.801 E3.93452
G1 X48.427 Y317.151 E.40376
G1 X335.201 Y30.377 E24.62393
G1 X340.172 Y30.377 E.30182
G1 X351.573 Y41.778 E.97895
G1 X351.573 Y48.427 E.4037
G1 X48.427 Y351.573 E26.02972
G1 X48.427 Y358.222 E.4037
G1 X59.828 Y369.623 E.97895
G1 X64.799 Y369.623 E.30182
G1 X351.573 Y82.849 E24.62393
G1 X351.573 Y76.199 E.40376
G1 X305.751 Y30.377 E3.93452
G1 X300.78 Y30.377 E.30182
G1 X48.427 Y282.73 E21.66837
G1 X48.427 Y289.379 E.4037
G1 X128.671 Y369.623 E6.89017
G1 X133.642 Y369.623 E.30182
G1 X351.573 Y151.692 E18.71271
G1 X351.573 Y145.043 E.4037
G1 X236.907 Y30.377 E9.84583
G1 X231.936 Y30.377 E.30182
G1 X48.427 Y213.886 E15.75705
G1 X48.427 Y220.536 E.40376
G1 X195.414 Y367.523 E12.62108
G1 X194.777 Y367.545 E.0387
G1 X194.52 Y367.62 E.01625
G1 X194.093 Y367.894 E.0308
G1 X193.863 Y368.18 E.02228
G1 X193.737 Y368.457 E.01848
G1 X193.673 Y368.861 E.02484
G1 X193.673 Y369.623 E.04627
G1 X193.28 Y369.623 E.02386
G1 E-4.2 F3600
;WIPE_START
G1 F7200
G1 X193.673 Y369.623 E-.18668
G1 X193.673 Y368.861 E-.36195
G1 X193.737 Y368.457 E-.19429
G1 X193.863 Y368.18 E-.14455
G1 X194.093 Y367.894 E-.17433
G1 X194.52 Y367.62 E-.24099
G1 X194.777 Y367.545 E-.12717
G1 X195.414 Y367.523 E-.30276
G1 X195.314 Y367.423 E-.06728
;WIPE_END
G1 X48.427 Y365.133 F9000
G1 E6 F2400
G1 F3000
G1 X48.427 Y367.523 E.14511
G1 X49.688 Y367.523 E.07656
G1 X351.573 Y65.638 E25.92145
G1 X351.573 Y58.988 E.40376
G1 X322.962 Y30.377 E2.45669
G1 X317.99 Y30.377 E.30188
G1 X48.427 Y299.94 E23.14611
G1 X48.427 Y306.59 E.40376
G1 X111.46 Y369.623 E5.41235
G1 X116.431 Y369.623 E.30182
G1 X351.573 Y134.481 E20.19054
G1 X351.573 Y127.832 E.4037
G1 X254.118 Y30.377 E8.368
G1 X249.147 Y30.377 E.30182
G1 X48.427 Y231.097 E17.23488
G1 X48.427 Y237.746 E.4037
G1 X180.304 Y369.623 E11.32366
G1 X185.275 Y369.623 E.30182
G1 X351.573 Y203.325 E14.27923
G1 X351.573 Y196.675 E.40376
G1 X185.275 Y30.377 E14.27923
G1 X180.304 Y30.377 E.30182
G1 X48.427 Y162.254 E11.32366
G1 X48.427 Y168.903 E.4037
G1 X249.147 Y369.623 E17.23488
G1 X254.118 Y369.623 E.30182
G1 X351.573 Y272.168 E8.368
G1 X351.573 Y265.519 E.4037
G1 X116.431 Y30.377 E20.19054
G1 X111.46 Y30.377 E.30182
G1 X48.427 Y93.41 E5.41235
G1 X48.427 Y100.06 E.40376
G1 X317.99 Y369.623 E23.14611
G1 X322.962 Y369.623 E.30188
G1 X351.573 Y341.012 E2.45669
G1 X351.573 Y334.362 E.40376
G1 X47.66 Y30.449 E26.09558
G1 X47.844 Y30.377 E.012
G1 X51.297 Y30.377 E.20965
;LAYER_CHANGE
;Z:3.66
;HEIGHT:0.24
;BEFORE_LAYER_CHANGE
G92 E0
;3.66


G1 E-4.2 F3600
;WIPE_START
G1 F7200
G1 X47.844 Y30.377 E-1.64018
G1 X47.66 Y30.449 E-.09385
G1 X47.758 Y30.547 E-.06597
;WIPE_END
G1 Z3.66 F9000
;AFTER_LAYER_CHANGE
;3.66
G1 X47.687 Y31.363
G1 E6 F2400
;TYPE:Perimeter
;WIDTH:0.659999
G1 X47.491 Y31.195 E.01567
;WIDTH:0.707876
G1 X47.422 Y31.154 E.00526
;WIDTH:0.755752
G1 X47.353 Y31.113 E.00564
;WIDTH:0.803628
G1 X47.283 Y31.072 E.00609
;WIDTH:0.851505
G1 X47.214 Y31.03 E.00645
;WIDTH:0.899381
G1 X47.145 Y30.989 E.00679
;WIDTH:0.947257
G1 X47.076 Y30.948 E.00717
G1 X45.202 Y30.948 E.1675
G1 X45.202 Y30.052 E.08008
G1 X47.076 Y30.052 E.1675
G1 X47.199 Y30.028 E.0112
;WIDTH:0.899381
G1 X47.321 Y30.004 E.01052
;WIDTH:0.851505
G1 X47.444 Y29.98 E.01
;WIDTH:0.803628
G1 X47.567 Y29.956 E.0094
;WIDTH:0.755752
G1 X47.69 Y29.932 E.00881
;WIDTH:0.707876
G1 X47.813 Y29.908 E.00821
;WIDTH:0.659999
G1 X351.45 Y29.908 E18.43559
;WIDTH:0.68804
G1 X351.819 Y29.923 E.02346
;WIDTH:0.716081
G1 X352.187 Y29.937 E.02442
;WIDTH:0.764551
G1 X352.283 Y29.961 E.00704
;WIDTH:0.81302
G1 X352.379 Y29.985 E.00752
;WIDTH:0.861489
G1 X352.475 Y30.009 E.008
;WIDTH:0.909958
G1 X352.572 Y30.033 E.00856
;WIDTH:0.958427
G1 X352.668 Y30.058 E.00898
G1 X352.924 Y30.052 E.02317
;WIDTH:0.947257
G1 X354.798 Y30.052 E.1675
G1 X354.798 Y30.948 E.08008
G1 X352.757 Y30.948 E.18242
G1 X352.667 Y31.031 E.01094
;WIDTH:0.899381
G1 X352.577 Y31.113 E.0103
;WIDTH:0.851505
G1 X352.487 Y31.196 E.00977
;WIDTH:0.803628
G1 X352.398 Y31.279 E.00913
;WIDTH:0.755752
G1 X352.308 Y31.362 E.0086
;WIDTH:0.707876
G1 X352.218 Y31.445 E.00802
;WIDTH:0.659999
G1 X352.077 Y31.727 E.01914
G1 X352.042 Y31.974 E.01515
G1 X352.042 Y367.992 E20.40163
G1 X342.865 Y367.992 E.55719
G1 X342.517 Y368.091 E.02197
G1 X342.251 Y368.304 E.02069
G1 X342.086 Y368.596 E.02036
G1 X342.042 Y368.874 E.01709
G1 X342.042 Y370.092 E.07395
G1 X205.958 Y370.092 E8.26246
G1 X205.958 Y368.874 E.07395
G1 X205.915 Y368.6 E.01684
G1 X205.834 Y368.423 E.01182
G1 X205.681 Y368.232 E.01486
G1 X205.429 Y368.065 E.01836
G1 X205.081 Y367.992 E.02159
G1 X200 Y367.992 E.3085
G1 X194.968 Y367.992 E.30552
G1 X194.612 Y368.094 E.02248
G1 X194.347 Y368.308 E.02068
G1 X194.185 Y368.6 E.02027
G1 X194.142 Y368.874 E.01684
G1 X194.142 Y370.092 E.07395
G1 X57.958 Y370.092 E8.26853
G1 X57.958 Y368.874 E.07395
G1 X57.914 Y368.596 E.01709
G1 X57.832 Y368.418 E.0119
G1 X57.677 Y368.228 E.01489
G1 X57.408 Y368.057 E.01935
G1 X57.076 Y367.992 E.02054
G1 X47.958 Y367.992 E.55361
G1 X47.958 Y31.974 E20.40163
G1 X47.923 Y31.727 E.01515
G1 X47.782 Y31.445 E.01914
G1 X47.755 Y31.422 E.00215
G1 X47.265 Y31.785 F9000
;TYPE:External perimeter
;WIDTH:0.629999
G1 F1500
G1 X47.212 Y31.719 E.00489
G1 X47.076 Y31.685 E.00809
G1 X44.465 Y31.685 E.15071
G1 X44.465 Y29.315 E.1368
G1 X355.535 Y29.315 E17.95573
G1 X355.535 Y31.685 E.1368
G1 X352.881 Y31.685 E.1532
G1 X352.693 Y31.801 E.01275
G1 X352.635 Y31.974 E.01053
G1 X352.635 Y368.585 E19.43002
G1 X342.887 Y368.585 E.56268
G1 X342.704 Y368.687 E.01209
G1 X342.635 Y368.874 E.01151
G1 X342.635 Y370.685 E.10454
G1 X205.365 Y370.685 E7.92356
G1 X205.365 Y368.805 E.10852
G1 X205.254 Y368.647 E.01115
G1 X205.079 Y368.585 E.01072
G1 X194.986 Y368.585 E.58259
G1 X194.802 Y368.689 E.0122
G1 X194.735 Y368.874 E.01136
G1 X194.735 Y370.685 E.10454
G1 X57.365 Y370.685 E7.92933
G1 X57.365 Y368.804 E.10858
G1 X57.253 Y368.645 E.01123
G1 X57.076 Y368.585 E.01079
G1 X47.365 Y368.585 E.56054
G1 X47.365 Y31.907 E19.43388
G1 X47.322 Y31.855 E.00389
G1 E-4.2 F3600
;WIPE_START
G1 F7200
G1 X47.265 Y31.785 E-.04288
G1 X47.212 Y31.719 E-.04021
G1 X47.076 Y31.685 E-.06659
G1 X44.465 Y31.685 E-1.24022
G1 X44.465 Y30.822 E-.4101
;WIPE_END
G1 X51.297 Y30.377 F9000
G1 E6 F2400
;TYPE:Internal infill
;WIDTH:0.66
G1 F3000
G1 X47.844 Y30.377 E.20965
G1 X47.66 Y30.449 E.012
G1 X351.573 Y334.362 E26.09558
G1 X351.573 Y341.012 E.40376
G1 X322.962 Y369.623 E2.45669
G1 X317.99 Y369.623 E.30188
G1 X48.427 Y100.06 E23.14611
G1 X48.427 Y93.41 E.40376
G1 X111.46 Y30.377 E5.41235
G1 X116.431 Y30.377 E.30182
G1 X351.573 Y265.519 E20.19054
G1 X351.573 Y272.168 E.4037
G1 X254.118 Y369.623 E8.368
G1 X249.147 Y369.623 E.30182
G1 X48.427 Y168.903 E17.23488
G1 X48.427 Y162.254 E.4037
G1 X180.304 Y30.377 E11.32366
G1 X185.275 Y30.377 E.30182
G1 X351.573 Y196.675 E14.27923
G1 X351.573 Y203.325 E.40376
G1 X185.275 Y369.623 E14.27923
G1 X180.304 Y369.623 E.30182
G1 X48.427 Y237.746 E11.32366
G1 X48.427 Y231.097 E.4037
G1 X249.147 Y30.377 E17.23488
G1 X254.118 Y30.377 E.30182
G1 X351.573 Y127.832 E8.368
G1 X351.573 Y134.481 E.4037
G1 X116.431 Y369.623 E20.19054
G1 X111.46 Y369.623 E.30182
G1 X48.427 Y306.59 E5.41235
G1 X48.427 Y299.94 E.40376
G1 X317.99 Y30.377 E23.14611
G1 X322.962 Y30.377 E.30188
G1 X351.573 Y58.988 E2.45669
G1 X351.573 Y65.638 E.40376
G1 X49.688 Y367.523 E25.92145
G1 X48.427 Y367.523 E.07656
G1 X48.427 Y365.133 E.14511
G1 E-4.2 F3600
;WIPE_START
G1 F7200
G1 X48.427 Y367.523 E-1.13525
G1 X49.688 Y367.523 E-.59898
G1 X49.786 Y367.425 E-.06577
;WIPE_END
G1 X193.28 Y369.623 F9000
G1 E6 F2400
G1 F3000
G1 X193.673 Y369.623 E.02386
G1 X193.673 Y368.861 E.04627
G1 X193.737 Y368.457 E.02484
G1 X193.863 Y368.18 E.01848
G1 X194.093 Y367.894 E.02228
G1 X194.52 Y367.62 E.0308
G1 X194.777 Y367.545 E.01625
G1 X195.414 Y367.523 E.0387
G1 X48.427 Y220.536 E12.62108
G1 X48.427 Y213.886 E.40376
G1 X231.936 Y30.377 E15.75705
G1 X236.907 Y30.377 E.30182
G1 X351.573 Y145.043 E9.84583
G1 X351.573 Y151.692 E.4037
G1 X133.642 Y369.623 E18.71271
G1 X128.671 Y369.623 E.30182
G1 X48.427 Y289.379 E6.89017
G1 X48.427 Y282.73 E.4037
G1 X300.78 Y30.377 E21.66837
G1 X305.751 Y30.377 E.30182
G1 X351.573 Y76.199 E3.93452
G1 X351.573 Y82.849 E.40376
G1 X64.799 Y369.623 E24.62393
G1 X59.828 Y369.623 E.30182
G1 X48.427 Y358.222 E.97895
G1 X48.427 Y351.573 E.4037
G1 X351.573 Y48.427 E26.02972
G1 X351.573 Y41.778 E.4037
G1 X340.172 Y30.377 E.97895
G1 X335.201 Y30.377 E.30182
G1 X48.427 Y317.151 E24.62393
G1 X48.427 Y323.801 E.40376
G1 X94.249 Y369.623 E3.93452
G1 X99.22 Y369.623 E.30182
G1 X351.573 Y117.27 E21.66837
G1 X351.573 Y110.621 E.4037
G1 X271.329 Y30.377 E6.89017
G1 X266.358 Y30.377 E.30182
G1 X48.427 Y248.308 E18.71271
G1 X48.427 Y254.957 E.4037
G1 X163.093 Y369.623 E9.84583
G1 X168.064 Y369.623 E.30182
G1 X351.573 Y186.114 E15.75705
G1 X351.573 Y179.464 E.40376
G1 X202.486 Y30.377 E12.8014
G1 X197.514 Y30.377 E.30188
G1 X48.427 Y179.464 E12.8014
G1 X48.427 Y186.114 E.40376
G1 X231.936 Y369.623 E15.75705
G1 X236.907 Y369.623 E.30182
G1 X351.573 Y254.957 E9.84583
G1 X351.573 Y248.308 E.4037
G1 X133.642 Y30.377 E18.71271
G1 X128.671 Y30.377 E.30182
G1 X48.427 Y110.621 E6.89017
G1 X48.427 Y117.27 E.4037
G1 X300.78 Y369.623 E21.66837
G1 X305.751 Y369.623 E.30182
G1 X351.573 Y323.801 E3.93452
G1 X351.573 Y317.151 E.40376
G1 X64.799 Y30.377 E24.62393
G1 X59.828 Y30.377 E.30182
G1 X48.427 Y41.778 E.97895
G1 X48.427 Y48.427 E.4037
G1 X351.573 Y351.573 E26.02972
G1 X351.573 Y358.222 E.4037
G1 X340.172 Y369.623 E.97895
G1 X335.201 Y369.623 E.30182
G1 X48.427 Y82.849 E24.62393
G1 X48.427 Y76.199 E.40376
G1 X94.249 Y30.377 E3.93452
G1 X99.22 Y30.377 E.30182
G1 X351.573 Y282.73 E21.66837
G1 X351.573 Y289.379 E.4037
G1 X271.329 Y369.623 E6.89017
G1 X266.358 Y369.623 E.30182
G1 X48.427 Y151.692 E18.71271
G1 X48.427 Y145.043 E.4037
G1 X163.093 Y30.377 E9.84583
G1 X168.064 Y30.377 E.30182
G1 X351.573 Y213.886 E15.75705
G1 X351.573 Y220.536 E.40376
G1 X204.586 Y367.523 E12.62108
G1 X205.432 Y367.569 E.05144
G1 X205.762 Y367.709 E.02176
G1 X206.005 Y367.892 E.01847
G1 X206.237 Y368.18 E.02245
G1 X206.363 Y368.457 E.01848
G1 X206.427 Y368.861 E.02484
G1 X206.427 Y369.623 E.04627
G1 X206.721 Y369.623 E.01785
G1 E-4.2 F3600
;WIPE_START
G1 F7200
G1 X206.427 Y369.623 E-.13965
G1 X206.427 Y368.861 E-.36195
G1 X206.363 Y368.457 E-.19429
G1 X206.237 Y368.18 E-.14455
G1 X206.005 Y367.892 E-.17567
G1 X205.762 Y367.709 E-.1445
G1 X205.432 Y367.569 E-.17027
G1 X204.586 Y367.523 E-.40244
G1 X204.685 Y367.424 E-.06668
;WIPE_END
G1 X351.573 Y365.133 F9000
G1 E6 F2400
G1 F3000
G1 X351.573 Y367.523 E.14511
G1 X350.312 Y367.523 E.07656
G1 X48.427 Y65.638 E25.92145
G1 X48.427 Y58.988 E.40376
G1 X77.038 Y30.377 E2.45669
G1 X82.01 Y30.377 E.30188
G1 X351.573 Y299.94 E23.14611
G1 X351.573 Y306.59 E.40376
G1 X288.54 Y369.623 E5.41235
G1 X283.569 Y369.623 E.30182
G1 X48.427 Y134.481 E20.19054
G1 X48.427 Y127.832 E.4037
G1 X145.882 Y30.377 E8.368
G1 X150.853 Y30.377 E.30182
G1 X351.573 Y231.097 E17.23488
G1 X351.573 Y237.746 E.4037
G1 X219.696 Y369.623 E11.32366
G1 X214.725 Y369.623 E.30182
G1 X48.427 Y203.325 E14.27923
G1 X48.427 Y196.675 E.40376
G1 X214.725 Y30.377 E14.27923
G1 X219.696 Y30.377 E.30182
G1 X351.573 Y162.254 E11.32366
G1 X351.573 Y168.903 E.4037
G1 X150.853 Y369.623 E17.23488
G1 X145.882 Y369.623 E.30182
G1 X48.427 Y272.168 E8.368
G1 X48.427 Y265.519 E.4037
G1 X283.569 Y30.377 E20.19054
G1 X288.54 Y30.377 E.30182
G1 X351.573 Y93.41 E5.41235
G1 X351.573 Y100.06 E.40376
G1 X82.01 Y369.623 E23.14611
G1 X77.038 Y369.623 E.30188
G1 X48.427 Y341.012 E2.45669
G1 X48.427 Y334.362 E.40376
G1 X352.286 Y30.503 E26.09094
G1 X352.142 Y30.43 E.0098
G1 X351.444 Y30.377 E.0425
G1 X348.655 Y30.377 E.16934
;LAYER_CHANGE
;Z:3.9
;HEIGHT:0.24
;BEFORE_LAYER_CHANGE
G92 E0
;3.9


G1 E-4.2 F3600
;WIPE_START
G1 F7200
G1 X351.444 Y30.377 E-1.32477
G1 X352.142 Y30.43 E-.3325
G1 X352.286 Y30.503 E-.07669
G1 X352.188 Y30.601 E-.06604
;WIPE_END
G1 Z3.9 F9000
;AFTER_LAYER_CHANGE
;3.9
G1 X352.31 Y31.36
G1 E6 F2400
;TYPE:Perimeter
;WIDTH:0.755752
G1 X352.308 Y31.362 E.0002
;WIDTH:0.707876
G1 X352.218 Y31.445 E.00802
;WIDTH:0.659999
G1 X352.077 Y31.727 E.01914
G1 X352.042 Y31.974 E.01515
G1 X352.042 Y367.992 E20.40163
G1 X342.865 Y367.992 E.55719
G1 X342.517 Y368.091 E.02197
G1 X342.251 Y368.304 E.02069
G1 X342.086 Y368.596 E.02036
G1 X342.042 Y368.874 E.01709
G1 X342.042 Y370.092 E.07395
G1 X205.958 Y370.092 E8.26246
G1 X205.958 Y368.874 E.07395
G1 X205.915 Y368.6 E.01684
G1 X205.834 Y368.423 E.01182
G1 X205.681 Y368.232 E.01486
G1 X205.429 Y368.065 E.01836
G1 X205.081 Y367.992 E.02159
G1 X200 Y367.992 E.3085
G1 X194.968 Y367.992 E.30552
G1 X194.612 Y368.094 E.02248
G1 X194.347 Y368.308 E.02068
G1 X194.185 Y368.6 E.02027
G1 X194.142 Y368.874 E.01684
G1 X194.142 Y370.092 E.07395
G1 X57.958 Y370.092 E8.26853
G1 X57.958 Y368.874 E.07395
G1 X57.914 Y368.596 E.01709
G1 X57.832 Y368.418 E.0119
G1 X57.677 Y368.228 E.01489
G1 X57.408 Y368.057 E.01935
G1 X57.076 Y367.992 E.02054
G1 X47.958 Y367.992 E.55361
G1 X47.958 Y31.974 E20.40163
G1 X47.923 Y31.727 E.01515
G1 X47.782 Y31.445 E.01914
G1 X47.491 Y31.195 E.02329
;WIDTH:0.707876
G1 X47.422 Y31.154 E.00526
;WIDTH:0.755752
G1 X47.353 Y31.113 E.00564
;WIDTH:0.803628
G1 X47.283 Y31.072 E.00609
;WIDTH:0.851505
G1 X47.214 Y31.03 E.00645
;WIDTH:0.899381
G1 X47.145 Y30.989 E.00679
;WIDTH:0.947257
G1 X47.076 Y30.948 E.00717
G1 X45.202 Y30.948 E.1675
G1 X45.202 Y30.052 E.08008
G1 X47.076 Y30.052 E.1675
G1 X47.199 Y30.028 E.0112
;WIDTH:0.899381
G1 X47.321 Y30.004 E.01052
;WIDTH:0.851505
G1 X47.444 Y29.98 E.01
;WIDTH:0.803628
G1 X47.567 Y29.956 E.0094
;WIDTH:0.755752
G1 X47.69 Y29.932 E.00881
;WIDTH:0.707876
G1 X47.813 Y29.908 E.00821
;WIDTH:0.659999
G1 X351.45 Y29.908 E18.43559
;WIDTH:0.68804
G1 X351.819 Y29.923 E.02346
;WIDTH:0.716081
G1 X352.187 Y29.937 E.02442
;WIDTH:0.764551
G1 X352.283 Y29.961 E.00704
;WIDTH:0.81302
G1 X352.379 Y29.985 E.00752
;WIDTH:0.861489
G1 X352.475 Y30.009 E.008
;WIDTH:0.909958
G1 X352.572 Y30.033 E.00856
;WIDTH:0.958427
G1 X352.668 Y30.058 E.00898
G1 X352.924 Y30.052 E.02317
;WIDTH:0.947257
G1 X354.798 Y30.052 E.1675
G1 X354.798 Y30.948 E.08008
G1 X352.757 Y30.948 E.18242
G1 X352.667 Y31.031 E.01094
;WIDTH:0.899381
G1 X352.577 Y31.113 E.0103
;WIDTH:0.851505
G1 X352.487 Y31.196 E.00977
;WIDTH:0.803628
G1 X352.398 Y31.279 E.00913
;WIDTH:0.755752
G1 X352.376 Y31.299 E.00209
G1 X352.73 Y31.778 F9000
;TYPE:External perimeter
;WIDTH:0.629999
G1 F1500
G1 X352.693 Y31.801 E.00251
G1 X352.635 Y31.974 E.01053
G1 X352.635 Y368.585 E19.43002
G1 X342.887 Y368.585 E.56268
G1 X342.704 Y368.687 E.01209
G1 X342.635 Y368.874 E.01151
G1 X342.635 Y370.685 E.10454
G1 X205.365 Y370.685 E7.92356
G1 X205.365 Y368.805 E.10852
G1 X205.254 Y368.647 E.01115
G1 X205.079 Y368.585 E.01072
G1 X194.986 Y368.585 E.58259
G1 X194.802 Y368.689 E.0122
G1 X194.735 Y368.874 E.01136
G1 X194.735 Y370.685 E.10454
G1 X57.365 Y370.685 E7.92933
G1 X57.365 Y368.804 E.10858
G1 X57.253 Y368.645 E.01123
G1 X57.076 Y368.585 E.01079
G1 X47.365 Y368.585 E.56054
G1 X47.365 Y31.907 E19.43388
G1 X47.212 Y31.719 E.01399
G1 X47.076 Y31.685 E.00809
G1 X44.465 Y31.685 E.15071
G1 X44.465 Y29.315 E.1368
G1 X355.535 Y29.315 E17.95573
G1 X355.535 Y31.685 E.1368
G1 X352.881 Y31.685 E.1532
G1 X352.807 Y31.731 E.00503
G1 E-4.2 F3600
;WIPE_START
G1 F7200
G1 X352.73 Y31.778 E-.04285
G1 X352.693 Y31.801 E-.02069
G1 X352.635 Y31.974 E-.08667
G1 X352.635 Y35.447 E-1.64979
;WIPE_END
G1 X348.655 Y30.377 F9000
G1 E6 F2400
;TYPE:Internal infill
;WIDTH:0.66
G1 F3000
G1 X351.444 Y30.377 E.16934
G1 X352.142 Y30.43 E.0425
G1 X352.286 Y30.503 E.0098
G1 X48.427 Y334.362 E26.09094
G1 X48.427 Y341.012 E.40376
G1 X77.038 Y369.623 E2.45669
G1 X82.01 Y369.623 E.30188
G1 X351.573 Y100.06 E23.14611
G1 X351.573 Y93.41 E.40376
G1 X288.54 Y30.377 E5.41235
G1 X283.569 Y30.377 E.30182
G1 X48.427 Y265.519 E20.19054
G1 X48.427 Y272.168 E.4037
G1 X145.882 Y369.623 E8.368
G1 X150.853 Y369.623 E.30182
G1 X351.573 Y168.903 E17.23488
G1 X351.573 Y162.254 E.4037
G1 X219.696 Y30.377 E11.32366
G1 X214.725 Y30.377 E.30182
G1 X48.427 Y196.675 E14.27923
G1 X48.427 Y203.325 E.40376
G1 X214.725 Y369.623 E14.27923
G1 X219.696 Y369.623 E.30182
G1 X351.573 Y237.746 E11.32366
G1 X351.573 Y231.097 E.4037
G1 X150.853 Y30.377 E17.23488
G1 X145.882 Y30.377 E.30182
G1 X48.427 Y127.832 E8.368
G1 X48.427 Y134.481 E.4037
G1 X283.569 Y369.623 E20.19054
G1 X288.54 Y369.623 E.30182
G1 X351.573 Y306.59 E5.41235
G1 X351.573 Y299.94 E.40376
G1 X82.01 Y30.377 E23.14611
G1 X77.038 Y30.377 E.30188
G1 X48.427 Y58.988 E2.45669
G1 X48.427 Y65.638 E.40376
G1 X350.312 Y367.523 E25.92145
G1 X351.573 Y367.523 E.07656
G1 X351.573 Y365.133 E.14511
G1 E-4.2 F3600
;WIPE_START
G1 F7200
G1 X351.573 Y367.523 E-1.13525
G1 X350.312 Y367.523 E-.59897
G1 X350.214 Y367.425 E-.06578
;WIPE_END
G1 X206.721 Y369.623 F9000
G1 E6 F2400
G1 F3000
G1 X206.427 Y369.623 E.01785
G1 X206.427 Y368.861 E.04627
G1 X206.363 Y368.457 E.02484
G1 X206.237 Y368.18 E.01848
G1 X206.005 Y367.892 E.02245
G1 X205.762 Y367.709 E.01847
G1 X205.432 Y367.569 E.02176
G1 X204.586 Y367.523 E.05144
G1 X351.573 Y220.536 E12.62108
G1 X351.573 Y213.886 E.40376
G1 X168.064 Y30.377 E15.75705
G1 X163.093 Y30.377 E.30182
G1 X48.427 Y145.043 E9.84583
G1 X48.427 Y151.692 E.4037
G1 X266.358 Y369.623 E18.71271
G1 X271.329 Y369.623 E.30182
G1 X351.573 Y289.379 E6.89017
G1 X351.573 Y282.73 E.4037
G1 X99.22 Y30.377 E21.66837
G1 X94.249 Y30.377 E.30182
G1 X48.427 Y76.199 E3.93452
G1 X48.427 Y82.849 E.40376
G1 X335.201 Y369.623 E24.62393
G1 X340.172 Y369.623 E.30182
G1 X351.573 Y358.222 E.97895
G1 X351.573 Y351.573 E.4037
G1 X48.427 Y48.427 E26.02972
G1 X48.427 Y41.778 E.4037
G1 X59.828 Y30.377 E.97895
G1 X64.799 Y30.377 E.30182
G1 X351.573 Y317.151 E24.62393
G1 X351.573 Y323.801 E.40376
G1 X305.751 Y369.623 E3.93452
G1 X300.78 Y369.623 E.30182
G1 X48.427 Y117.27 E21.66837
G1 X48.427 Y110.621 E.4037
G1 X128.671 Y30.377 E6.89017
G1 X133.642 Y30.377 E.30182
G1 X351.573 Y248.308 E18.71271
G1 X351.573 Y254.957 E.4037
G1 X236.907 Y369.623 E9.84583
G1 X231.936 Y369.623 E.30182
G1 X48.427 Y186.114 E15.75705
G1 X48.427 Y179.464 E.40376
G1 X197.514 Y30.377 E12.8014
G1 X202.486 Y30.377 E.30188
G1 X351.573 Y179.464 E12.8014
G1 X351.573 Y186.114 E.40376
G1 X168.064 Y369.623 E15.75705
G1 X163.093 Y369.623 E.30182
G1 X48.427 Y254.957 E9.84583
G1 X48.427 Y248.308 E.4037
G1 X266.358 Y30.377 E18.71271
G1 X271.329 Y30.377 E.30182
G1 X351.573 Y110.621 E6.89017
G1 X351.573 Y117.27 E.4037
G1 X99.22 Y369.623 E21.66837
G1 X94.249 Y369.623 E.30182
G1 X48.427 Y323.801 E3.93452
G1 X48.427 Y317.151 E.40376
G1 X335.201 Y30.377 E24.62393
G1 X340.172 Y30.377 E.30182
G1 X351.573 Y41.778 E.97895
G1 X351.573 Y48.427 E.4037
G1 X48.427 Y351.573 E26.02972
G1 X48.427 Y358.222 E.4037
G1 X59.828 Y369.623 E.97895
G1 X64.799 Y369.623 E.30182
G1 X351.573 Y82.849 E24.62393
G1 X351.573 Y76.199 E.40376
G1 X305.751 Y30.377 E3.93452
G1 X300.78 Y30.377 E.30182
G1 X48.427 Y282.73 E21.66837
G1 X48.427 Y289.379 E.4037
G1 X128.671 Y369.623 E6.89017
G1 X133.642 Y369.623 E.30182
G1 X351.573 Y151.692 E18.71271
G1 X351.573 Y145.043 E.4037
G1 X236.907 Y30.377 E9.84583
G1 X231.936 Y30.377 E.30182
G1 X48.427 Y213.886 E15.75705
G1 X48.427 Y220.536 E.40376
G1 X195.414 Y367.523 E12.62108
G1 X194.777 Y367.545 E.0387
G1 X194.52 Y367.62 E.01625
G1 X194.093 Y367.894 E.0308
G1 X193.863 Y368.18 E.02228
G1 X193.737 Y368.457 E.01848
G1 X193.673 Y368.861 E.02484
G1 X193.673 Y369.623 E.04627
G1 X193.28 Y369.623 E.02386
G1 E-4.2 F3600
;WIPE_START
G1 F7200
G1 X193.673 Y369.623 E-.18668
G1 X193.673 Y368.861 E-.36195
G1 X193.737 Y368.457 E-.19429
G1 X193.863 Y368.18 E-.14455
G1 X194.093 Y367.894 E-.17433
G1 X194.52 Y367.62 E-.24099
G1 X194.777 Y367.545 E-.12717
G1 X195.414 Y367.523 E-.30276
G1 X195.314 Y367.423 E-.06728
;WIPE_END
G1 X48.427 Y365.133 F9000
G1 E6 F2400
G1 F3000
G1 X48.427 Y367.523 E.14511
G1 X49.688 Y367.523 E.07656
G1 X351.573 Y65.638 E25.92145
G1 X351.573 Y58.988 E.40376
G1 X322.962 Y30.377 E2.45669
G1 X317.99 Y30.377 E.30188
G1 X48.427 Y299.94 E23.14611
G1 X48.427 Y306.59 E.40376
G1 X111.46 Y369.623 E5.41235
G1 X116.431 Y369.623 E.30182
G1 X351.573 Y134.481 E20.19054
G1 X351.573 Y127.832 E.4037
G1 X254.118 Y30.377 E8.368
G1 X249.147 Y30.377 E.30182
G1 X48.427 Y231.097 E17.23488
G1 X48.427 Y237.746 E.4037
G1 X180.304 Y369.623 E11.32366
G1 X185.275 Y369.623 E.30182
G1 X351.573 Y203.325 E14.27923
G1 X351.573 Y196.675 E.40376
G1 X185.275 Y30.377 E14.27923
G1 X180.304 Y30.377 E.30182
G1 X48.427 Y162.254 E11.32366
G1 X48.427 Y168.903 E.4037
G1 X249.147 Y369.623 E17.23488
G1 X254.118 Y369.623 E.30182
G1 X351.573 Y272.168 E8.368
G1 X351.573 Y265.519 E.4037
G1 X116.431 Y30.377 E20.19054
G1 X111.46 Y30.377 E.30182
G1 X48.427 Y93.41 E5.41235
G1 X48.427 Y100.06 E.40376
G1 X317.99 Y369.623 E23.14611
G1 X322.962 Y369.623 E.30188
G1 X351.573 Y341.012 E2.45669
G1 X351.573 Y334.362 E.40376
G1 X47.66 Y30.449 E26.09558
G1 X47.844 Y30.377 E.012
G1 X51.297 Y30.377 E.20965
;LAYER_CHANGE
;Z:4.14
;HEIGHT:0.24
;BEFORE_LAYER_CHANGE
G92 E0
;4.14


G1 E-4.2 F3600
;WIPE_START
G1 F7200
G1 X47.844 Y30.377 E-1.64018
G1 X47.66 Y30.449 E-.09385
G1 X47.758 Y30.547 E-.06597
;WIPE_END
G1 Z4.14 F9000
;AFTER_LAYER_CHANGE
;4.14
G1 X47.687 Y31.363
G1 E6 F2400
;TYPE:Perimeter
;WIDTH:0.659999
G1 X47.491 Y31.195 E.01567
;WIDTH:0.707876
G1 X47.422 Y31.154 E.00526
;WIDTH:0.755752
G1 X47.353 Y31.113 E.00564
;WIDTH:0.803628
G1 X47.283 Y31.072 E.00609
;WIDTH:0.851505
G1 X47.214 Y31.03 E.00645
;WIDTH:0.899381
G1 X47.145 Y30.989 E.00679
;WIDTH:0.947257
G1 X47.076 Y30.948 E.00717
G1 X45.202 Y30.948 E.1675
G1 X45.202 Y30.052 E.08008
G1 X47.076 Y30.052 E.1675
G1 X47.199 Y30.028 E.0112
;WIDTH:0.899381
G1 X47.321 Y30.004 E.01052
;WIDTH:0.851505
G1 X47.444 Y29.98 E.01
;WIDTH:0.803628
G1 X47.567 Y29.956 E.0094
;WIDTH:0.755752
G1 X47.69 Y29.932 E.00881
;WIDTH:0.707876
G1 X47.813 Y29.908 E.00821
;WIDTH:0.659999
G1 X351.45 Y29.908 E18.43559
;WIDTH:0.68804
G1 X351.819 Y29.923 E.02346
;WIDTH:0.716081
G1 X352.187 Y29.937 E.02442
;WIDTH:0.764551
G1 X352.283 Y29.961 E.00704
;WIDTH:0.81302
G1 X352.379 Y29.985 E.00752
;WIDTH:0.861489
G1 X352.475 Y30.009 E.008
;WIDTH:0.909958
G1 X352.572 Y30.033 E.00856
;WIDTH:0.958427
G1 X352.668 Y30.058 E.00898
G1 X352.924 Y30.052 E.02317
;WIDTH:0.947257
G1 X354.798 Y30.052 E.1675
G1 X354.798 Y30.948 E.08008
G1 X352.757 Y30.948 E.18242
G1 X352.667 Y31.031 E.01094
;WIDTH:0.899381
G1 X352.577 Y31.113 E.0103
;WIDTH:0.851505
G1 X352.487 Y31.196 E.00977
;WIDTH:0.803628
G1 X352.398 Y31.279 E.00913
;WIDTH:0.755752
G1 X352.308 Y31.362 E.0086
;WIDTH:0.707876
G1 X352.218 Y31.445 E.00802
;WIDTH:0.659999
G1 X352.077 Y31.727 E.01914
G1 X352.042 Y31.974 E.01515
G1 X352.042 Y367.992 E20.40163
G1 X342.865 Y367.992 E.55719
G1 X342.517 Y368.091 E.02197
G1 X342.251 Y368.304 E.02069
G1 X342.086 Y368.596 E.02036
G1 X342.042 Y368.874 E.01709
G1 X342.042 Y370.092 E.07395
G1 X205.958 Y370.092 E8.26246
G1 X205.958 Y368.874 E.07395
G1 X205.915 Y368.6 E.01684
G1 X205.834 Y368.423 E.01182
G1 X205.681 Y368.232 E.01486
G1 X205.429 Y368.065 E.01836
G1 X205.081 Y367.992 E.02159
G1 X200 Y367.992 E.3085
G1 X194.968 Y367.992 E.30552
G1 X194.612 Y368.094 E.02248
G1 X194.347 Y368.308 E.02068
G1 X194.185 Y368.6 E.02027
G1 X194.142 Y368.874 E.01684
G1 X194.142 Y370.092 E.07395
G1 X57.958 Y370.092 E8.26853
G1 X57.958 Y368.874 E.07395
G1 X57.914 Y368.596 E.01709
G1 X57.832 Y368.418 E.0119
G1 X57.677 Y368.228 E.01489
G1 X57.408 Y368.057 E.01935
G1 X57.076 Y367.992 E.02054
G1 X47.958 Y367.992 E.55361
G1 X47.958 Y31.974 E20.40163
G1 X47.923 Y31.727 E.01515
G1 X47.782 Y31.445 E.01914
G1 X47.755 Y31.422 E.00215
G1 X47.265 Y31.785 F9000
;TYPE:External perimeter
;WIDTH:0.629999
G1 F1500
G1 X47.212 Y31.719 E.00489
G1 X47.076 Y31.685 E.00809
G1 X44.465 Y31.685 E.15071
G1 X44.465 Y29.315 E.1368
G1 X355.535 Y29.315 E17.95573
G1 X355.535 Y31.685 E.1368
G1 X352.881 Y31.685 E.1532
G1 X352.693 Y31.801 E.01275
G1 X352.635 Y31.974 E.01053
G1 X352.635 Y368.585 E19.43002
G1 X342.887 Y368.585 E.56268
G1 X342.704 Y368.687 E.01209
G1 X342.635 Y368.874 E.01151
G1 X342.635 Y370.685 E.10454
G1 X205.365 Y370.685 E7.92356
G1 X205.365 Y368.805 E.10852
G1 X205.254 Y368.647 E.01115
G1 X205.079 Y368.585 E.01072
G1 X194.986 Y368.585 E.58259
G1 X194.802 Y368.689 E.0122
G1 X194.735 Y368.874 E.01136
G1 X194.735 Y370.685 E.10454
G1 X57.365 Y370.685 E7.92933
G1 X57.365 Y368.804 E.10858
G1 X57.253 Y368.645 E.01123
G1 X57.076 Y368.585 E.01079
G1 X47.365 Y368.585 E.56054
G1 X47.365 Y31.907 E19.43388
G1 X47.322 Y31.855 E.00389
G1 E-4.2 F3600
;WIPE_START
G1 F7200
G1 X47.265 Y31.785 E-.04288
G1 X47.212 Y31.719 E-.04021
G1 X47.076 Y31.685 E-.06659
G1 X44.465 Y31.685 E-1.24022
G1 X44.465 Y30.822 E-.4101
;WIPE_END
G1 X51.297 Y30.377 F9000
G1 E6 F2400
;TYPE:Internal infill
;WIDTH:0.66
G1 F3000
G1 X47.844 Y30.377 E.20965
G1 X47.66 Y30.449 E.012
G1 X351.573 Y334.362 E26.09558
G1 X351.573 Y341.012 E.40376
G1 X322.962 Y369.623 E2.45669
G1 X317.99 Y369.623 E.30188
G1 X48.427 Y100.06 E23.14611
G1 X48.427 Y93.41 E.40376
G1 X111.46 Y30.377 E5.41235
G1 X116.431 Y30.377 E.30182
G1 X351.573 Y265.519 E20.19054
G1 X351.573 Y272.168 E.4037
G1 X254.118 Y369.623 E8.368
G1 X249.147 Y369.623 E.30182
G1 X48.427 Y168.903 E17.23488
G1 X48.427 Y162.254 E.4037
G1 X180.304 Y30.377 E11.32366
G1 X185.275 Y30.377 E.30182
G1 X351.573 Y196.675 E14.27923
G1 X351.573 Y203.325 E.40376
G1 X185.275 Y369.623 E14.27923
G1 X180.304 Y369.623 E.30182
G1 X48.427 Y237.746 E11.32366
G1 X48.427 Y231.097 E.4037
G1 X249.147 Y30.377 E17.23488
G1 X254.118 Y30.377 E.30182
G1 X351.573 Y127.832 E8.368
G1 X351.573 Y134.481 E.4037
G1 X116.431 Y369.623 E20.19054
G1 X111.46 Y369.623 E.30182
G1 X48.427 Y306.59 E5.41235
G1 X48.427 Y299.94 E.40376
G1 X317.99 Y30.377 E23.14611
G1 X322.962 Y30.377 E.30188
G1 X351.573 Y58.988 E2.45669
G1 X351.573 Y65.638 E.40376
G1 X49.688 Y367.523 E25.92145
G1 X48.427 Y367.523 E.07656
G1 X48.427 Y365.133 E.14511
G1 E-4.2 F3600
;WIPE_START
G1 F7200
G1 X48.427 Y367.523 E-1.13525
G1 X49.688 Y367.523 E-.59898
G1 X49.786 Y367.425 E-.06577
;WIPE_END
G1 X193.28 Y369.623 F9000
G1 E6 F2400
G1 F3000
G1 X193.673 Y369.623 E.02386
G1 X193.673 Y368.861 E.04627
G1 X193.737 Y368.457 E.02484
G1 X193.863 Y368.18 E.01848
G1 X194.093 Y367.894 E.02228
G1 X194.52 Y367.62 E.0308
G1 X194.777 Y367.545 E.01625
G1 X195.414 Y367.523 E.0387
G1 X48.427 Y220.536 E12.62108
G1 X48.427 Y213.886 E.40376
G1 X231.936 Y30.377 E15.75705
G1 X236.907 Y30.377 E.30182
G1 X351.573 Y145.043 E9.84583
G1 X351.573 Y151.692 E.4037
G1 X133.642 Y369.623 E18.71271
G1 X128.671 Y369.623 E.30182
G1 X48.427 Y289.379 E6.89017
G1 X48.427 Y282.73 E.4037
G1 X300.78 Y30.377 E21.66837
G1 X305.751 Y30.377 E.30182
G1 X351.573 Y76.199 E3.93452
G1 X351.573 Y82.849 E.40376
G1 X64.799 Y369.623 E24.62393
G1 X59.828 Y369.623 E.30182
G1 X48.427 Y358.222 E.97895
G1 X48.427 Y351.573 E.4037
G1 X351.573 Y48.427 E26.02972
G1 X351.573 Y41.778 E.4037
G1 X340.172 Y30.377 E.97895
G1 X335.201 Y30.377 E.30182
G1 X48.427 Y317.151 E24.62393
G1 X48.427 Y323.801 E.40376
G1 X94.249 Y369.623 E3.93452
G1 X99.22 Y369.623 E.30182
G1 X351.573 Y117.27 E21.66837
G1 X351.573 Y110.621 E.4037
G1 X271.329 Y30.377 E6.89017
G1 X266.358 Y30.377 E.30182
G1 X48.427 Y248.308 E18.71271
G1 X48.427 Y254.957 E.4037
G1 X163.093 Y369.623 E9.84583
G1 X168.064 Y369.623 E.30182
G1 X351.573 Y186.114 E15.75705
G1 X351.573 Y179.464 E.40376
G1 X202.486 Y30.377 E12.8014
G1 X197.514 Y30.377 E.30188
G1 X48.427 Y179.464 E12.8014
G1 X48.427 Y186.114 E.40376
G1 X231.936 Y369.623 E15.75705
G1 X236.907 Y369.623 E.30182
G1 X351.573 Y254.957 E9.84583
G1 X351.573 Y248.308 E.4037
G1 X133.642 Y30.377 E18.71271
G1 X128.671 Y30.377 E.30182
G1 X48.427 Y110.621 E6.89017
G1 X48.427 Y117.27 E.4037
G1 X300.78 Y369.623 E21.66837
G1 X305.751 Y369.623 E.30182
G1 X351.573 Y323.801 E3.93452
G1 X351.573 Y317.151 E.40376
G1 X64.799 Y30.377 E24.62393
G1 X59.828 Y30.377 E.30182
G1 X48.427 Y41.778 E.97895
G1 X48.427 Y48.427 E.4037
G1 X351.573 Y351.573 E26.02972
G1 X351.573 Y358.222 E.4037
G1 X340.172 Y369.623 E.97895
G1 X335.201 Y369.623 E.30182
G1 X48.427 Y82.849 E24.62393
G1 X48.427 Y76.199 E.40376
G1 X94.249 Y30.377 E3.93452
G1 X99.22 Y30.377 E.30182
G1 X351.573 Y282.73 E21.66837
G1 X351.573 Y289.379 E.4037
G1 X271.329 Y369.623 E6.89017
G1 X266.358 Y369.623 E.30182
G1 X48.427 Y151.692 E18.71271
G1 X48.427 Y145.043 E.4037
G1 X163.093 Y30.377 E9.84583
G1 X168.064 Y30.377 E.30182
G1 X351.573 Y213.886 E15.75705
G1 X351.573 Y220.536 E.40376
G1 X204.586 Y367.523 E12.62108
G1 X205.432 Y367.569 E.05144
G1 X205.762 Y367.709 E.02176
G1 X206.005 Y367.892 E.01847
G1 X206.237 Y368.18 E.02245
G1 X206.363 Y368.457 E.01848
G1 X206.427 Y368.861 E.02484
G1 X206.427 Y369.623 E.04627
G1 X206.721 Y369.623 E.01785
G1 E-4.2 F3600
;WIPE_START
G1 F7200
G1 X206.427 Y369.623 E-.13965
G1 X206.427 Y368.861 E-.36195
G1 X206.363 Y368.457 E-.19429
G1 X206.237 Y368.18 E-.14455
G1 X206.005 Y367.892 E-.17567
G1 X205.762 Y367.709 E-.1445
G1 X205.432 Y367.569 E-.17027
G1 X204.586 Y367.523 E-.40244
G1 X204.685 Y367.424 E-.06668
;WIPE_END
G1 X351.573 Y365.133 F9000
G1 E6 F2400
G1 F3000
G1 X351.573 Y367.523 E.14511
G1 X350.312 Y367.523 E.07656
G1 X48.427 Y65.638 E25.92145
G1 X48.427 Y58.988 E.40376
G1 X77.038 Y30.377 E2.45669
G1 X82.01 Y30.377 E.30188
G1 X351.573 Y299.94 E23.14611
G1 X351.573 Y306.59 E.40376
G1 X288.54 Y369.623 E5.41235
G1 X283.569 Y369.623 E.30182
G1 X48.427 Y134.481 E20.19054
G1 X48.427 Y127.832 E.4037
G1 X145.882 Y30.377 E8.368
G1 X150.853 Y30.377 E.30182
G1 X351.573 Y231.097 E17.23488
G1 X351.573 Y237.746 E.4037
G1 X219.696 Y369.623 E11.32366
G1 X214.725 Y369.623 E.30182
G1 X48.427 Y203.325 E14.27923
G1 X48.427 Y196.675 E.40376
G1 X214.725 Y30.377 E14.27923
G1 X219.696 Y30.377 E.30182
G1 X351.573 Y162.254 E11.32366
G1 X351.573 Y168.903 E.4037
G1 X150.853 Y369.623 E17.23488
G1 X145.882 Y369.623 E.30182
G1 X48.427 Y272.168 E8.368
G1 X48.427 Y265.519 E.4037
G1 X283.569 Y30.377 E20.19054
G1 X288.54 Y30.377 E.30182
G1 X351.573 Y93.41 E5.41235
G1 X351.573 Y100.06 E.40376
G1 X82.01 Y369.623 E23.14611
G1 X77.038 Y369.623 E.30188
G1 X48.427 Y341.012 E2.45669
G1 X48.427 Y334.362 E.40376
G1 X352.286 Y30.503 E26.09094
G1 X352.142 Y30.43 E.0098
G1 X351.444 Y30.377 E.0425
G1 X348.655 Y30.377 E.16934
;LAYER_CHANGE
;Z:4.38
;HEIGHT:0.24
;BEFORE_LAYER_CHANGE
G92 E0
;4.38


G1 E-4.2 F3600
;WIPE_START
G1 F7200
G1 X351.444 Y30.377 E-1.32477
G1 X352.142 Y30.43 E-.3325
G1 X352.286 Y30.503 E-.07669
G1 X352.188 Y30.601 E-.06604
;WIPE_END
G1 Z4.38 F9000
;AFTER_LAYER_CHANGE
;4.38
G1 X352.31 Y31.36
G1 E6 F2400
;TYPE:Perimeter
;WIDTH:0.755752
G1 X352.308 Y31.362 E.0002
;WIDTH:0.707876
G1 X352.218 Y31.445 E.00802
;WIDTH:0.659999
G1 X352.077 Y31.727 E.01914
G1 X352.042 Y31.974 E.01515
G1 X352.042 Y367.992 E20.40163
G1 X342.865 Y367.992 E.55719
G1 X342.517 Y368.091 E.02197
G1 X342.251 Y368.304 E.02069
G1 X342.086 Y368.596 E.02036
G1 X342.042 Y368.874 E.01709
G1 X342.042 Y370.092 E.07395
G1 X205.958 Y370.092 E8.26246
G1 X205.958 Y368.874 E.07395
G1 X205.915 Y368.6 E.01684
G1 X205.834 Y368.423 E.01182
G1 X205.681 Y368.232 E.01486
G1 X205.429 Y368.065 E.01836
G1 X205.081 Y367.992 E.02159
G1 X200 Y367.992 E.3085
G1 X194.968 Y367.992 E.30552
G1 X194.612 Y368.094 E.02248
G1 X194.347 Y368.308 E.02068
G1 X194.185 Y368.6 E.02027
G1 X194.142 Y368.874 E.01684
G1 X194.142 Y370.092 E.07395
G1 X57.958 Y370.092 E8.26853
G1 X57.958 Y368.874 E.07395
G1 X57.914 Y368.596 E.01709
G1 X57.832 Y368.418 E.0119
G1 X57.677 Y368.228 E.01489
G1 X57.408 Y368.057 E.01935
G1 X57.076 Y367.992 E.02054
G1 X47.958 Y367.992 E.55361
G1 X47.958 Y31.974 E20.40163
G1 X47.923 Y31.727 E.01515
G1 X47.782 Y31.445 E.01914
G1 X47.491 Y31.195 E.02329
;WIDTH:0.707876
G1 X47.422 Y31.154 E.00526
;WIDTH:0.755752
G1 X47.353 Y31.113 E.00564
;WIDTH:0.803628
G1 X47.283 Y31.072 E.00609
;WIDTH:0.851505
G1 X47.214 Y31.03 E.00645
;WIDTH:0.899381
G1 X47.145 Y30.989 E.00679
;WIDTH:0.947257
G1 X47.076 Y30.948 E.00717
G1 X45.202 Y30.948 E.1675
G1 X45.202 Y30.052 E.08008
G1 X47.076 Y30.052 E.1675
G1 X47.199 Y30.028 E.0112
;WIDTH:0.899381
G1 X47.321 Y30.004 E.01052
;WIDTH:0.851505
G1 X47.444 Y29.98 E.01
;WIDTH:0.803628
G1 X47.567 Y29.956 E.0094
;WIDTH:0.755752
G1 X47.69 Y29.932 E.00881
;WIDTH:0.707876
G1 X47.813 Y29.908 E.00821
;WIDTH:0.659999
G1 X351.45 Y29.908 E18.43559
;WIDTH:0.68804
G1 X351.819 Y29.923 E.02346
;WIDTH:0.716081
G1 X352.187 Y29.937 E.02442
;WIDTH:0.764551
G1 X352.283 Y29.961 E.00704
;WIDTH:0.81302
G1 X352.379 Y29.985 E.00752
;WIDTH:0.861489
G1 X352.475 Y30.009 E.008
;WIDTH:0.909958
G1 X352.572 Y30.033 E.00856
;WIDTH:0.958427
G1 X352.668 Y30.058 E.00898
G1 X352.924 Y30.052 E.02317
;WIDTH:0.947257
G1 X354.798 Y30.052 E.1675
G1 X354.798 Y30.948 E.08008
G1 X352.757 Y30.948 E.18242
G1 X352.667 Y31.031 E.01094
;WIDTH:0.899381
G1 X352.577 Y31.113 E.0103
;WIDTH:0.851505
G1 X352.487 Y31.196 E.00977
;WIDTH:0.803628
G1 X352.398 Y31.279 E.00913
;WIDTH:0.755752
G1 X352.376 Y31.299 E.00209
G1 X352.73 Y31.778 F9000
;TYPE:External perimeter
;WIDTH:0.629999
G1 F1500
G1 X352.693 Y31.801 E.00251
G1 X352.635 Y31.974 E.01053
G1 X352.635 Y368.585 E19.43002
G1 X342.887 Y368.585 E.56268
G1 X342.704 Y368.687 E.01209
G1 X342.635 Y368.874 E.01151
G1 X342.635 Y370.685 E.10454
G1 X205.365 Y370.685 E7.92356
G1 X205.365 Y368.805 E.10852
G1 X205.254 Y368.647 E.01115
G1 X205.079 Y368.585 E.01072
G1 X194.986 Y368.585 E.58259
G1 X194.802 Y368.689 E.0122
G1 X194.735 Y368.874 E.01136
G1 X194.735 Y370.685 E.10454
G1 X57.365 Y370.685 E7.92933
G1 X57.365 Y368.804 E.10858
G1 X57.253 Y368.645 E.01123
G1 X57.076 Y368.585 E.01079
G1 X47.365 Y368.585 E.56054
G1 X47.365 Y31.907 E19.43388
G1 X47.212 Y31.719 E.01399
G1 X47.076 Y31.685 E.00809
G1 X44.465 Y31.685 E.15071
G1 X44.465 Y29.315 E.1368
G1 X355.535 Y29.315 E17.95573
G1 X355.535 Y31.685 E.1368
G1 X352.881 Y31.685 E.1532
G1 X352.807 Y31.731 E.00503
G1 X351.432 Y30.377 F9000
;TYPE:Solid infill
;WIDTH:0.660008
G1 F2400
G1 X351.867 Y30.409 E.02648
;WIDTH:0.698304
G1 X351.954 Y30.435 E.00586
;WIDTH:0.736602
G1 X352.04 Y30.461 E.00614
;WIDTH:0.7749
G1 X352.126 Y30.487 E.00649
;WIDTH:0.819854
G1 X352.179 Y30.538 E.00564
;WIDTH:0.864808
G1 X352.232 Y30.59 E.00603
G1 X352.199 Y30.656 E.00599
;WIDTH:0.823849
G1 X352.166 Y30.722 E.00569
;WIDTH:0.782889
G1 X352.133 Y30.787 E.00532
;WIDTH:0.74193
G1 X352.101 Y30.853 E.00505
;WIDTH:0.70097
G1 X352.068 Y30.919 E.00478
;WIDTH:0.66001
G1 X351.819 Y31.206 E.02307
G1 X351.619 Y31.641 E.02907
G1 X351.573 Y31.984 E.02101
G1 X351.573 Y367.219 E20.35445
;WIDTH:0.69481
G1 X351.556 Y367.303 E.0055
;WIDTH:0.729611
G1 X351.538 Y367.387 E.00581
;WIDTH:0.764412
G1 X351.521 Y367.471 E.0061
G1 X351.451 Y367.488 E.00512
;WIDTH:0.729611
G1 X351.382 Y367.506 E.00482
;WIDTH:0.69481
G1 X351.312 Y367.523 E.00462
;WIDTH:0.660008
G1 X342.932 Y367.523 E.50881
G1 X342.598 Y367.566 E.02045
G1 X342.266 Y367.698 E.02169
G1 X341.976 Y367.917 E.02206
G1 X341.751 Y368.208 E.02233
G1 X341.633 Y368.493 E.01873
G1 X341.573 Y368.885 E.02408
;WIDTH:0.664616
G1 X341.571 Y369.372 E.02979
;WIDTH:0.714514
G1 X341.546 Y369.471 E.00675
;WIDTH:0.764412
G1 X341.521 Y369.571 E.00733
G1 X341.437 Y369.588 E.0061
;WIDTH:0.729611
G1 X341.353 Y369.606 E.00581
;WIDTH:0.69481
G1 X341.269 Y369.623 E.0055
;WIDTH:0.660008
G1 X206.731 Y369.623 E8.16871
;WIDTH:0.694809
G1 X206.647 Y369.606 E.0055
;WIDTH:0.72961
G1 X206.563 Y369.588 E.00581
;WIDTH:0.76441
G1 X206.479 Y369.571 E.0061
G1 X206.462 Y369.487 E.0061
;WIDTH:0.72961
G1 X206.444 Y369.403 E.00581
;WIDTH:0.694809
G1 X206.427 Y369.319 E.0055
;WIDTH:0.660008
G1 X206.423 Y368.837 E.02927
G1 X206.346 Y368.42 E.02575
G1 X206.213 Y368.151 E.01822
G1 X205.975 Y367.869 E.02241
G1 X205.728 Y367.694 E.01838
G1 X205.392 Y367.564 E.02187
G1 X205.066 Y367.523 E.01995
G1 X195.031 Y367.523 E.60929
;WIDTH:0.661596
G1 X194.52 Y367.62 E.03166
;WIDTH:0.661864
G1 X194.094 Y367.894 E.03085
G1 X193.848 Y368.215 E.02463
;WIDTH:0.660008
G1 X193.731 Y368.498 E.01859
G1 X193.673 Y368.885 E.02376
;WIDTH:0.664616
G1 X193.671 Y369.372 E.02979
;WIDTH:0.714513
G1 X193.646 Y369.471 E.00675
;WIDTH:0.76441
G1 X193.621 Y369.571 E.00733
G1 X193.537 Y369.588 E.0061
;WIDTH:0.72961
G1 X193.453 Y369.606 E.00581
;WIDTH:0.694809
G1 X193.369 Y369.623 E.0055
;WIDTH:0.660008
G1 X58.731 Y369.623 E8.17479
;WIDTH:0.694809
G1 X58.647 Y369.606 E.0055
;WIDTH:0.72961
G1 X58.563 Y369.588 E.00581
;WIDTH:0.76441
G1 X58.479 Y369.571 E.0061
G1 X58.462 Y369.487 E.0061
;WIDTH:0.72961
G1 X58.444 Y369.403 E.00581
;WIDTH:0.69481
G1 X58.427 Y369.319 E.0055
;WIDTH:0.66001
G1 X58.423 Y368.837 E.02927
G1 X58.343 Y368.414 E.02614
G1 X58.208 Y368.144 E.01833
G1 X57.963 Y367.86 E.02277
G1 X57.662 Y367.661 E.02191
G1 X57.331 Y367.55 E.0212
G1 X57.068 Y367.523 E.01605
G1 X48.731 Y367.523 E.5062
;WIDTH:0.694809
G1 X48.647 Y367.506 E.0055
;WIDTH:0.72961
G1 X48.563 Y367.488 E.00581
;WIDTH:0.76441
G1 X48.479 Y367.471 E.0061
G1 X48.462 Y367.387 E.0061
;WIDTH:0.72961
G1 X48.444 Y367.303 E.00581
;WIDTH:0.694809
G1 X48.427 Y367.219 E.0055
;WIDTH:0.660008
G1 X48.427 Y31.984 E20.35439
G1 X48.352 Y31.548 E.02686
;WIDTH:0.660216
G1 X48.102 Y31.112 E.03053
;WIDTH:0.671592
G1 X47.866 Y30.917 E.01894
;WIDTH:0.719763
G1 X47.822 Y30.851 E.00529
;WIDTH:0.767934
G1 X47.778 Y30.786 E.00561
;WIDTH:0.816105
G1 X47.735 Y30.72 E.00601
;WIDTH:0.864276
G1 X47.691 Y30.655 E.00637
;WIDTH:0.912446
G1 X47.647 Y30.589 E.00681
G1 X47.698 Y30.546 E.00573
;WIDTH:0.868634
G1 X47.749 Y30.502 E.00549
;WIDTH:0.824822
G1 X47.8 Y30.459 E.00515
;WIDTH:0.78101
G1 X47.851 Y30.416 E.00486
;WIDTH:0.737198
G1 X47.959 Y30.396 E.00751
;WIDTH:0.698604
G1 X48.068 Y30.377 E.00714
;WIDTH:0.66001
G1 X351.128 Y30.377 E18.40089
G1 E-4.2 F3600
;WIPE_START
G1 F7200
G1 X347.339 Y30.377 E-1.8
;WIPE_END
G1 X348.475 Y30.986 F9000
G1 E6 F2400
;TYPE:Internal infill
;WIDTH:0.66
G1 F3000
G1 X351.249 Y30.986 E.16843
G1 X351.037 Y31.408 E.02867
G1 X350.98 Y31.809 E.02459
G1 X49.036 Y333.754 E25.92655
G1 X49.036 Y341.62 E.47759
G1 X76.43 Y369.014 E2.35219
G1 X82.618 Y369.014 E.37571
G1 X350.964 Y100.668 E23.04161
G1 X350.964 Y92.802 E.47759
G1 X289.148 Y30.986 E5.30785
G1 X282.96 Y30.986 E.37571
G1 X49.036 Y264.91 E20.08595
G1 X49.036 Y272.777 E.47765
G1 X145.273 Y369.014 E8.26342
G1 X151.461 Y369.014 E.37571
G1 X350.964 Y169.512 E17.13034
G1 X350.964 Y161.645 E.47765
G1 X220.305 Y30.986 E11.21907
G1 X214.117 Y30.986 E.37571
G1 X49.036 Y196.067 E14.17473
G1 X49.036 Y203.933 E.47759
G1 X214.117 Y369.014 E14.17473
G1 X220.305 Y369.014 E.37571
G1 X350.964 Y238.355 E11.21907
G1 X350.964 Y230.488 E.47765
G1 X151.462 Y30.986 E17.1303
G1 X145.273 Y30.986 E.37577
G1 X49.036 Y127.223 E8.26342
G1 X49.036 Y135.09 E.47765
G1 X282.96 Y369.014 E20.08595
G1 X289.148 Y369.014 E.37571
G1 X350.964 Y307.198 E5.30785
G1 X350.964 Y299.332 E.47759
G1 X82.618 Y30.986 E23.04161
G1 X76.43 Y30.986 E.37571
G1 X49.036 Y58.38 E2.35219
G1 X49.036 Y66.246 E.47759
G1 X349.704 Y366.914 E25.81695
G1 X350.964 Y366.914 E.0765
G1 X350.964 Y364.524 E.14511
G1 E-4.2 F3600
;WIPE_START
G1 F7200
G1 X350.964 Y366.914 E-1.13525
G1 X349.704 Y366.914 E-.5985
G1 X349.605 Y366.815 E-.06625
;WIPE_END
G1 X207.579 Y369.014 F9000
G1 E6 F2400
G1 F3000
G1 X207.036 Y369.014 E.03297
G1 X206.951 Y368.28 E.04486
G1 X206.759 Y367.859 E.02809
G1 X206.432 Y367.452 E.0317
G1 X206.069 Y367.178 E.02761
G1 X205.594 Y366.977 E.03132
G1 X205.186 Y366.922 E.025
G1 X350.964 Y221.144 E12.51727
G1 X350.964 Y213.278 E.47759
G1 X168.672 Y30.986 E15.65256
G1 X162.484 Y30.986 E.37571
G1 X49.036 Y144.434 E9.74125
G1 X49.036 Y152.301 E.47765
G1 X265.749 Y369.014 E18.60813
G1 X271.937 Y369.014 E.37571
G1 X350.964 Y289.987 E6.78568
G1 X350.964 Y282.121 E.47759
G1 X99.829 Y30.986 E21.56378
G1 X93.641 Y30.986 E.37571
G1 X49.036 Y75.591 E3.83002
G1 X49.036 Y83.457 E.47759
G1 X334.593 Y369.014 E24.51944
G1 X340.781 Y369.014 E.37571
G1 X340.964 Y368.831 E.01571
G1 X341.052 Y368.273 E.0343
G1 X341.247 Y367.849 E.02834
G1 X341.583 Y367.435 E.03237
G1 X342.015 Y367.13 E.03211
G1 X342.494 Y366.957 E.03092
G1 X342.881 Y366.915 E.02364
G1 X350.964 Y358.831 E.69409
G1 X350.964 Y350.964 E.47765
G1 X49.036 Y49.036 E25.92514
G1 X49.036 Y41.169 E.47765
G1 X59.219 Y30.986 E.87437
G1 X65.407 Y30.986 E.37571
G1 X350.964 Y316.543 E24.51944
G1 X350.964 Y324.409 E.47759
G1 X306.359 Y369.014 E3.83002
G1 X300.171 Y369.014 E.37571
G1 X49.036 Y117.879 E21.56378
G1 X49.036 Y110.013 E.47759
G1 X128.063 Y30.986 E6.78568
G1 X134.251 Y30.986 E.37571
G1 X350.964 Y247.699 E18.60813
G1 X350.964 Y255.566 E.47765
G1 X237.516 Y369.014 E9.74125
G1 X231.328 Y369.014 E.37571
G1 X49.036 Y186.722 E15.65256
G1 X49.036 Y178.856 E.47759
G1 X196.906 Y30.986 E12.6969
G1 X203.094 Y30.986 E.37571
G1 X350.964 Y178.856 E12.6969
G1 X350.964 Y186.722 E.47759
G1 X168.672 Y369.014 E15.65256
G1 X162.484 Y369.014 E.37571
G1 X49.036 Y255.566 E9.74125
G1 X49.036 Y247.699 E.47765
G1 X265.749 Y30.986 E18.60813
G1 X271.937 Y30.986 E.37571
G1 X350.964 Y110.013 E6.78568
G1 X350.964 Y117.879 E.47759
G1 X99.829 Y369.014 E21.56378
G1 X93.641 Y369.014 E.37571
G1 X49.036 Y324.409 E3.83002
G1 X49.036 Y316.543 E.47759
G1 X334.593 Y30.986 E24.51944
G1 X340.781 Y30.986 E.37571
G1 X350.964 Y41.169 E.87437
G1 X350.964 Y49.036 E.47765
G1 X49.036 Y350.964 E25.92514
G1 X49.036 Y358.831 E.47765
G1 X57.119 Y366.915 E.69409
G1 X57.506 Y366.957 E.02364
G1 X57.985 Y367.13 E.03092
G1 X58.417 Y367.435 E.03211
G1 X58.753 Y367.849 E.03237
G1 X58.948 Y368.273 E.02834
G1 X59.036 Y368.831 E.0343
G1 X59.219 Y369.014 E.01571
G1 X65.407 Y369.014 E.37571
G1 X350.964 Y83.457 E24.51944
G1 X350.964 Y75.591 E.47759
G1 X306.359 Y30.986 E3.83002
G1 X300.171 Y30.986 E.37571
G1 X49.036 Y282.121 E21.56378
G1 X49.036 Y289.987 E.47759
G1 X128.063 Y369.014 E6.78568
G1 X134.251 Y369.014 E.37571
G1 X350.964 Y152.301 E18.60813
G1 X350.964 Y144.434 E.47765
G1 X237.516 Y30.986 E9.74125
G1 X231.328 Y30.986 E.37571
G1 X49.036 Y213.278 E15.65256
G1 X49.036 Y221.144 E.47759
G1 X194.821 Y366.93 E12.51792
G1 X198.472 Y366.914 E.22168
G1 E-4.2 F3600
;WIPE_START
G1 F7200
G1 X194.821 Y366.93 E-1.73424
G1 X194.723 Y366.832 E-.06576
;WIPE_END
G1 X49.036 Y364.524 F9000
G1 E6 F2400
G1 F3000
G1 X49.036 Y366.914 E.14511
G1 X50.296 Y366.914 E.0765
G1 X350.964 Y66.246 E25.81695
G1 X350.964 Y58.38 E.47759
G1 X323.57 Y30.986 E2.35219
G1 X317.382 Y30.986 E.37571
G1 X49.036 Y299.332 E23.04161
G1 X49.036 Y307.198 E.47759
G1 X110.852 Y369.014 E5.30785
G1 X117.04 Y369.014 E.37571
G1 X350.964 Y135.09 E20.08595
G1 X350.964 Y127.223 E.47765
G1 X254.727 Y30.986 E8.26342
G1 X248.539 Y30.986 E.37571
G1 X49.036 Y230.488 E17.13034
G1 X49.036 Y238.355 E.47765
G1 X179.695 Y369.014 E11.21907
G1 X185.883 Y369.014 E.37571
G1 X350.964 Y203.933 E14.17473
G1 X350.964 Y196.067 E.47759
G1 X185.883 Y30.986 E14.17473
G1 X179.695 Y30.986 E.37571
G1 X49.036 Y161.645 E11.21907
G1 X49.036 Y169.512 E.47765
G1 X248.538 Y369.014 E17.1303
G1 X254.727 Y369.014 E.37577
G1 X350.964 Y272.777 E8.26342
G1 X350.964 Y264.91 E.47765
G1 X117.04 Y30.986 E20.08595
G1 X110.852 Y30.986 E.37571
G1 X49.036 Y92.802 E5.30785
G1 X49.036 Y100.668 E.47759
G1 X317.382 Y369.014 E23.04161
G1 X323.57 Y369.014 E.37571
G1 X350.964 Y341.62 E2.35219
G1 X350.964 Y333.754 E.47759
G1 X49.02 Y31.809 E25.92655
G1 X48.963 Y31.408 E.02459
G1 X48.751 Y30.986 E.02867
G1 X51.525 Y30.986 E.16843
;LAYER_CHANGE
;Z:4.62
;HEIGHT:0.24
;BEFORE_LAYER_CHANGE
G92 E0
;4.62


G1 E-4.2 F3600
;WIPE_START
G1 F7200
G1 X48.751 Y30.986 E-1.31765
G1 X48.963 Y31.408 E-.22432
G1 X49.02 Y31.809 E-.19239
G1 X49.118 Y31.907 E-.06564
;WIPE_END
G1 Z4.62 F9000
;AFTER_LAYER_CHANGE
;4.62
G1 X47.687 Y31.363
G1 E6 F2400
;TYPE:Perimeter
;WIDTH:0.659999
G1 X47.491 Y31.195 E.01567
;WIDTH:0.707876
G1 X47.422 Y31.154 E.00526
;WIDTH:0.755752
G1 X47.353 Y31.113 E.00564
;WIDTH:0.803628
G1 X47.283 Y31.072 E.00609
;WIDTH:0.851505
G1 X47.214 Y31.03 E.00645
;WIDTH:0.899381
G1 X47.145 Y30.989 E.00679
;WIDTH:0.947257
G1 X47.076 Y30.948 E.00717
G1 X45.202 Y30.948 E.1675
G1 X45.202 Y30.052 E.08008
G1 X47.076 Y30.052 E.1675
G1 X47.199 Y30.028 E.0112
;WIDTH:0.899381
G1 X47.321 Y30.004 E.01052
;WIDTH:0.851505
G1 X47.444 Y29.98 E.01
;WIDTH:0.803628
G1 X47.567 Y29.956 E.0094
;WIDTH:0.755752
G1 X47.69 Y29.932 E.00881
;WIDTH:0.707876
G1 X47.813 Y29.908 E.00821
;WIDTH:0.659999
G1 X351.45 Y29.908 E18.43559
;WIDTH:0.68804
G1 X351.819 Y29.923 E.02346
;WIDTH:0.716081
G1 X352.187 Y29.937 E.02442
;WIDTH:0.764551
G1 X352.283 Y29.961 E.00704
;WIDTH:0.81302
G1 X352.379 Y29.985 E.00752
;WIDTH:0.861489
G1 X352.475 Y30.009 E.008
;WIDTH:0.909958
G1 X352.572 Y30.033 E.00856
;WIDTH:0.958427
G1 X352.668 Y30.058 E.00898
G1 X352.924 Y30.052 E.02317
;WIDTH:0.947257
G1 X354.798 Y30.052 E.1675
G1 X354.798 Y30.948 E.08008
G1 X352.757 Y30.948 E.18242
G1 X352.667 Y31.031 E.01094
;WIDTH:0.899381
G1 X352.577 Y31.113 E.0103
;WIDTH:0.851505
G1 X352.487 Y31.196 E.00977
;WIDTH:0.803628
G1 X352.398 Y31.279 E.00913
;WIDTH:0.755752
G1 X352.308 Y31.362 E.0086
;WIDTH:0.707876
G1 X352.218 Y31.445 E.00802
;WIDTH:0.659999
G1 X352.077 Y31.727 E.01914
G1 X352.042 Y31.974 E.01515
G1 X352.042 Y367.992 E20.40163
G1 X342.865 Y367.992 E.55719
G1 X342.517 Y368.091 E.02197
G1 X342.251 Y368.304 E.02069
G1 X342.086 Y368.596 E.02036
G1 X342.042 Y368.874 E.01709
G1 X342.042 Y370.092 E.07395
G1 X205.958 Y370.092 E8.26246
G1 X205.958 Y368.874 E.07395
G1 X205.915 Y368.6 E.01684
G1 X205.834 Y368.423 E.01182
G1 X205.681 Y368.232 E.01486
G1 X205.429 Y368.065 E.01836
G1 X205.081 Y367.992 E.02159
G1 X200 Y367.992 E.3085
G1 X194.968 Y367.992 E.30552
G1 X194.612 Y368.094 E.02248
G1 X194.347 Y368.308 E.02068
G1 X194.185 Y368.6 E.02027
G1 X194.142 Y368.874 E.01684
G1 X194.142 Y370.092 E.07395
G1 X57.958 Y370.092 E8.26853
G1 X57.958 Y368.874 E.07395
G1 X57.914 Y368.596 E.01709
G1 X57.832 Y368.418 E.0119
G1 X57.677 Y368.228 E.01489
G1 X57.408 Y368.057 E.01935
G1 X57.076 Y367.992 E.02054
G1 X47.958 Y367.992 E.55361
G1 X47.958 Y31.974 E20.40163
G1 X47.923 Y31.727 E.01515
G1 X47.782 Y31.445 E.01914
G1 X47.755 Y31.422 E.00215
G1 X47.265 Y31.785 F9000
;TYPE:External perimeter
;WIDTH:0.629999
G1 F1500
G1 X47.212 Y31.719 E.00489
G1 X47.076 Y31.685 E.00809
G1 X44.465 Y31.685 E.15071
G1 X44.465 Y29.315 E.1368
G1 X355.535 Y29.315 E17.95573
G1 X355.535 Y31.685 E.1368
G1 X352.881 Y31.685 E.1532
G1 X352.693 Y31.801 E.01275
G1 X352.635 Y31.974 E.01053
G1 X352.635 Y368.585 E19.43002
G1 X342.887 Y368.585 E.56268
G1 X342.704 Y368.687 E.01209
G1 X342.635 Y368.874 E.01151
G1 X342.635 Y370.685 E.10454
G1 X205.365 Y370.685 E7.92356
G1 X205.365 Y368.805 E.10852
G1 X205.254 Y368.647 E.01115
G1 X205.079 Y368.585 E.01072
G1 X194.986 Y368.585 E.58259
G1 X194.802 Y368.689 E.0122
G1 X194.735 Y368.874 E.01136
G1 X194.735 Y370.685 E.10454
G1 X57.365 Y370.685 E7.92933
G1 X57.365 Y368.804 E.10858
G1 X57.253 Y368.645 E.01123
G1 X57.076 Y368.585 E.01079
G1 X47.365 Y368.585 E.56054
G1 X47.365 Y31.907 E19.43388
G1 X47.322 Y31.855 E.00389
G1 E-4.2 F3600
;WIPE_START
G1 F7200
G1 X47.265 Y31.785 E-.04288
G1 X47.212 Y31.719 E-.04021
G1 X47.076 Y31.685 E-.06659
G1 X44.465 Y31.685 E-1.24022
G1 X44.465 Y30.822 E-.4101
;WIPE_END
G1 X341.273 Y369.895 F9000
G1 E6 F2400
M204 S250
;TYPE:Bridge infill
;WIDTH:0.585359
;HEIGHT:0.584808
G1 F1500
G1 X341.845 Y369.323 E.09051
M204 S500
G1 E-4.2 F3600
;WIPE_START
G1 F7200
G1 X341.273 Y369.895 E-.38424
;WIPE_END
G1 E-1.41576 F3600
G1 X350.561 Y367.795 F9000
G1 E6 F2400
M204 S250
G1 F1500
G1 X351.56 Y366.797 E.15799
G1 X351.56 Y365.898 E.10058
G1 X349.948 Y367.51 E.25506
G1 X349.05 Y367.51 E.10047
G1 X351.56 Y365 E.39715
G1 X351.56 Y364.101 E.10058
G1 X348.151 Y367.51 E.5394
G1 X347.253 Y367.51 E.10047
G1 X351.56 Y363.203 E.68149
G1 X351.56 Y362.304 E.10058
G1 X346.354 Y367.51 E.82374
G1 X345.456 Y367.51 E.10047
G1 X351.56 Y361.406 E.96582
G1 X351.56 Y360.507 E.10058
G1 X344.557 Y367.51 E1.10807
G1 X343.658 Y367.51 E.10058
G1 X351.56 Y359.608 E1.25032
G1 X351.56 Y358.71 E.10047
G1 X340.66 Y369.61 E1.72469
G1 X339.761 Y369.61 E.10058
G1 X351.56 Y357.811 E1.86693
G1 X351.56 Y356.913 E.10047
G1 X338.863 Y369.61 E2.00902
G1 X337.964 Y369.61 E.10058
G1 X351.56 Y356.014 E2.15127
G1 X351.56 Y355.116 E.10047
G1 X337.066 Y369.61 E2.29336
G1 X336.167 Y369.61 E.10058
G1 X351.56 Y354.217 E2.4356
G1 X351.56 Y353.319 E.10047
G1 X335.269 Y369.61 E2.57769
G1 X334.37 Y369.61 E.10058
G1 X351.56 Y352.42 E2.71994
G1 X351.56 Y351.522 E.10047
G1 X333.472 Y369.61 E2.86203
G1 X332.573 Y369.61 E.10058
G1 X351.56 Y350.623 E3.00428
G1 X351.56 Y349.725 E.10047
G1 X331.675 Y369.61 E3.14636
G1 X330.776 Y369.61 E.10058
G1 X351.56 Y348.826 E3.28861
G1 X351.56 Y347.928 E.10047
G1 X329.878 Y369.61 E3.4307
G1 X328.979 Y369.61 E.10058
G1 X351.56 Y347.029 E3.57295
G1 X351.56 Y346.13 E.10058
G1 X328.08 Y369.61 E3.71519
G1 X327.182 Y369.61 E.10047
G1 X351.56 Y345.232 E3.85728
G1 X351.56 Y344.333 E.10058
G1 X326.283 Y369.61 E3.99953
G1 X325.385 Y369.61 E.10047
G1 X351.56 Y343.435 E4.14162
G1 X351.56 Y342.536 E.10058
G1 X324.486 Y369.61 E4.28387
G1 X323.588 Y369.61 E.10047
G1 X351.56 Y341.638 E4.42595
G1 X351.56 Y340.739 E.10058
G1 X322.689 Y369.61 E4.5682
G1 X321.791 Y369.61 E.10047
G1 X351.56 Y339.841 E4.71029
G1 X351.56 Y338.942 E.10058
G1 X320.892 Y369.61 E4.85254
G1 X319.994 Y369.61 E.10047
G1 X351.56 Y338.044 E4.99463
G1 X351.56 Y337.145 E.10058
G1 X319.095 Y369.61 E5.13687
G1 X318.197 Y369.61 E.10047
G1 X351.56 Y336.247 E5.27896
G1 X351.56 Y335.348 E.10058
G1 X317.298 Y369.61 E5.42121
G1 X316.4 Y369.61 E.10047
G1 X351.56 Y334.45 E5.5633
G1 X351.56 Y333.551 E.10058
G1 X315.501 Y369.61 E5.70555
G1 X314.602 Y369.61 E.10058
G1 X351.56 Y332.652 E5.84779
G1 X351.56 Y331.754 E.10047
G1 X313.704 Y369.61 E5.98988
G1 X312.805 Y369.61 E.10058
G1 X351.56 Y330.855 E6.13213
G1 X351.56 Y329.957 E.10047
G1 X311.907 Y369.61 E6.27422
G1 X311.008 Y369.61 E.10058
G1 X351.56 Y329.058 E6.41646
G1 X351.56 Y328.16 E.10047
G1 X310.11 Y369.61 E6.55855
G1 X309.211 Y369.61 E.10058
G1 X351.56 Y327.261 E6.7008
G1 X351.56 Y326.363 E.10047
G1 X308.313 Y369.61 E6.84289
G1 X307.414 Y369.61 E.10058
G1 X351.56 Y325.464 E6.98514
G1 X351.56 Y324.566 E.10047
G1 X306.516 Y369.61 E7.12722
G1 X305.617 Y369.61 E.10058
G1 X351.56 Y323.667 E7.26947
G1 X351.56 Y322.769 E.10047
G1 X304.719 Y369.61 E7.41156
G1 X303.82 Y369.61 E.10058
G1 X351.56 Y321.87 E7.55381
G1 X351.56 Y320.972 E.10047
G1 X302.922 Y369.61 E7.6959
G1 X302.023 Y369.61 E.10058
G1 X351.56 Y320.073 E7.83814
G1 X351.56 Y319.174 E.10058
G1 X301.124 Y369.61 E7.98039
G1 X300.226 Y369.61 E.10047
G1 X351.56 Y318.276 E8.12248
G1 X351.56 Y317.377 E.10058
G1 X299.327 Y369.61 E8.26473
G1 X298.429 Y369.61 E.10047
G1 X351.56 Y316.479 E8.40681
G1 X351.56 Y315.58 E.10058
G1 X297.53 Y369.61 E8.54906
G1 X296.632 Y369.61 E.10047
G1 X351.56 Y314.682 E8.69115
G1 X351.56 Y313.783 E.10058
G1 X295.733 Y369.61 E8.8334
G1 X294.835 Y369.61 E.10047
G1 X351.56 Y312.885 E8.97549
G1 X351.56 Y311.986 E.10058
G1 X293.936 Y369.61 E9.11773
G1 X293.038 Y369.61 E.10047
G1 X351.56 Y311.088 E9.25982
G1 X351.56 Y310.189 E.10058
G1 X292.139 Y369.61 E9.40207
G1 X291.241 Y369.61 E.10047
G1 X351.56 Y309.291 E9.54416
G1 X351.56 Y308.392 E.10058
G1 X290.342 Y369.61 E9.6864
G1 X289.444 Y369.61 E.10047
G1 X351.56 Y307.494 E9.82849
G1 X351.56 Y306.595 E.10058
G1 X288.545 Y369.61 E9.97074
G1 X287.646 Y369.61 E.10058
G1 X351.56 Y305.696 E10.11299
G1 X351.56 Y304.798 E.10047
G1 X286.748 Y369.61 E10.25508
G1 X285.849 Y369.61 E.10058
G1 X351.56 Y303.899 E10.39732
G1 X351.56 Y303.001 E.10047
G1 X284.951 Y369.61 E10.53941
G1 X284.052 Y369.61 E.10058
G1 X351.56 Y302.102 E10.68166
G1 X351.56 Y301.204 E.10047
G1 X283.154 Y369.61 E10.82375
G1 X282.255 Y369.61 E.10058
G1 X351.56 Y300.305 E10.96599
G1 X351.56 Y299.407 E.10047
G1 X281.357 Y369.61 E11.10808
G1 X280.458 Y369.61 E.10058
G1 X351.56 Y298.508 E11.25033
G1 X351.56 Y297.61 E.10047
G1 X279.56 Y369.61 E11.39242
G1 X278.661 Y369.61 E.10058
G1 X351.56 Y296.711 E11.53467
G1 X351.56 Y295.813 E.10047
G1 X277.763 Y369.61 E11.67676
G1 X276.864 Y369.61 E.10058
G1 X351.56 Y294.914 E11.819
G1 X351.56 Y294.016 E.10047
G1 X275.966 Y369.61 E11.96109
G1 X275.067 Y369.61 E.10058
G1 X351.56 Y293.117 E12.10334
G1 X351.56 Y292.218 E.10058
G1 X274.168 Y369.61 E12.24558
G1 X273.27 Y369.61 E.10047
G1 X351.56 Y291.32 E12.38767
G1 X351.56 Y290.421 E.10058
G1 X272.371 Y369.61 E12.52992
G1 X271.473 Y369.61 E.10047
G1 X351.56 Y289.523 E12.67201
G1 X351.56 Y288.624 E.10058
G1 X270.574 Y369.61 E12.81426
G1 X269.676 Y369.61 E.10047
G1 X351.56 Y287.726 E12.95635
G1 X351.56 Y286.827 E.10058
G1 X268.777 Y369.61 E13.09859
G1 X267.879 Y369.61 E.10047
G1 X351.56 Y285.929 E13.24068
G1 X351.56 Y285.03 E.10058
G1 X266.98 Y369.61 E13.38293
G1 X266.082 Y369.61 E.10047
G1 X351.56 Y284.132 E13.52502
G1 X351.56 Y283.233 E.10058
G1 X265.183 Y369.61 E13.66726
G1 X264.285 Y369.61 E.10047
G1 X351.56 Y282.335 E13.80935
G1 X351.56 Y281.436 E.10058
G1 X263.386 Y369.61 E13.9516
G1 X262.488 Y369.61 E.10047
G1 X351.56 Y280.538 E14.09369
G1 X351.56 Y279.639 E.10058
G1 X261.589 Y369.61 E14.23594
G1 X260.69 Y369.61 E.10058
G1 X351.56 Y278.74 E14.37818
G1 X351.56 Y277.842 E.10047
G1 X259.792 Y369.61 E14.52027
G1 X258.893 Y369.61 E.10058
G1 X351.56 Y276.943 E14.66252
G1 X351.56 Y276.045 E.10047
G1 X257.995 Y369.61 E14.80461
G1 X257.096 Y369.61 E.10058
G1 X351.56 Y275.146 E14.94685
G1 X351.56 Y274.248 E.10047
G1 X256.198 Y369.61 E15.08894
G1 X255.299 Y369.61 E.10058
G1 X351.56 Y273.349 E15.23119
G1 X351.56 Y272.451 E.10047
G1 X254.401 Y369.61 E15.37328
G1 X253.502 Y369.61 E.10058
G1 X351.56 Y271.552 E15.51553
G1 X351.56 Y270.654 E.10047
G1 X252.604 Y369.61 E15.65761
G1 X251.705 Y369.61 E.10058
G1 X351.56 Y269.755 E15.79986
G1 X351.56 Y268.857 E.10047
G1 X250.807 Y369.61 E15.94195
G1 X249.908 Y369.61 E.10058
G1 X351.56 Y267.958 E16.0842
G1 X351.56 Y267.06 E.10047
G1 X249.01 Y369.61 E16.22629
G1 X248.111 Y369.61 E.10058
G1 X351.56 Y266.161 E16.36853
G1 X351.56 Y265.263 E.10047
G1 X247.212 Y369.61 E16.5107
G1 X246.314 Y369.61 E.10047
G1 X351.56 Y264.364 E16.65287
G1 X351.56 Y263.465 E.10058
G1 X245.415 Y369.61 E16.79512
G1 X244.517 Y369.61 E.10047
G1 X351.56 Y262.567 E16.9372
G1 X351.56 Y261.668 E.10058
G1 X243.618 Y369.61 E17.07945
G1 X242.72 Y369.61 E.10047
G1 X351.56 Y260.77 E17.22154
G1 X351.56 Y259.871 E.10058
G1 X241.821 Y369.61 E17.36379
G1 X240.923 Y369.61 E.10047
G1 X351.56 Y258.973 E17.50588
G1 X351.56 Y258.074 E.10058
G1 X240.024 Y369.61 E17.64812
G1 X239.126 Y369.61 E.10047
G1 X351.56 Y257.176 E17.79021
G1 X351.56 Y256.277 E.10058
G1 X238.227 Y369.61 E17.93246
G1 X237.329 Y369.61 E.10047
G1 X351.56 Y255.379 E18.07455
G1 X351.56 Y254.48 E.10058
G1 X236.43 Y369.61 E18.21679
G1 X235.532 Y369.61 E.10047
G1 X351.56 Y253.582 E18.35888
G1 X351.56 Y252.683 E.10058
G1 X234.633 Y369.61 E18.50113
G1 X233.734 Y369.61 E.10058
G1 X351.56 Y251.785 E18.6433
G1 X351.56 Y250.886 E.10058
G1 X232.836 Y369.61 E18.78547
G1 X231.937 Y369.61 E.10058
G1 X351.56 Y249.987 E18.92771
G1 X351.56 Y249.089 E.10047
G1 X231.039 Y369.61 E19.0698
G1 X230.14 Y369.61 E.10058
G1 X351.56 Y248.19 E19.21205
G1 X351.56 Y247.292 E.10047
G1 X229.242 Y369.61 E19.35414
G1 X228.343 Y369.61 E.10058
G1 X351.56 Y246.393 E19.49639
G1 X351.56 Y245.495 E.10047
G1 X227.445 Y369.61 E19.63847
G1 X226.546 Y369.61 E.10058
G1 X351.56 Y244.596 E19.78072
G1 X351.56 Y243.698 E.10047
G1 X225.648 Y369.61 E19.92281
G1 X224.749 Y369.61 E.10058
G1 X351.56 Y242.799 E20.06506
G1 X351.56 Y241.901 E.10047
G1 X223.851 Y369.61 E20.20715
G1 X222.952 Y369.61 E.10058
G1 X351.56 Y241.002 E20.34939
G1 X351.56 Y240.104 E.10047
G1 X222.054 Y369.61 E20.49148
G1 X221.155 Y369.61 E.10058
G1 X351.56 Y239.205 E20.63373
G1 X351.56 Y238.307 E.10047
G1 X220.256 Y369.61 E20.7759
G1 X219.358 Y369.61 E.10047
G1 X351.56 Y237.408 E20.91806
G1 X351.56 Y236.509 E.10058
G1 X218.459 Y369.61 E21.06031
G1 X217.561 Y369.61 E.10047
G1 X351.56 Y235.611 E21.2024
G1 X351.56 Y234.712 E.10058
G1 X216.662 Y369.61 E21.34465
G1 X215.764 Y369.61 E.10047
G1 X351.56 Y233.814 E21.48674
G1 X351.56 Y232.915 E.10058
G1 X214.865 Y369.61 E21.62898
G1 X213.967 Y369.61 E.10047
G1 X351.56 Y232.017 E21.77107
G1 X351.56 Y231.118 E.10058
G1 X213.068 Y369.61 E21.91332
G1 X212.17 Y369.61 E.10047
G1 X351.56 Y230.22 E22.05541
G1 X351.56 Y229.321 E.10058
G1 X211.271 Y369.61 E22.19765
G1 X210.373 Y369.61 E.10047
G1 X351.56 Y228.423 E22.33974
G1 X351.56 Y227.524 E.10058
G1 X209.474 Y369.61 E22.48199
G1 X208.576 Y369.61 E.10047
G1 X351.56 Y226.626 E22.62408
G1 X351.56 Y225.727 E.10058
G1 X207.677 Y369.61 E22.76633
G1 X206.778 Y369.61 E.10058
G1 X351.56 Y224.829 E22.90849
G1 X351.56 Y223.93 E.10058
G1 X206.44 Y369.05 E22.96205
G1 X206.44 Y368.86 E.02126
G1 X206.375 Y368.453 E.04611
G1 X206.301 Y368.29 E.02003
G1 X351.56 Y223.031 E22.98405
G1 X351.56 Y222.133 E.10047
G1 X205.898 Y367.795 E23.04781
G1 X205.769 Y367.698 E.01806
G1 X205.436 Y367.557 E.04046
G1 X205.261 Y367.533 E.01976
G1 X351.56 Y221.234 E23.1486
G1 X351.56 Y220.336 E.10047
G1 X204.386 Y367.51 E23.28705
G1 X203.487 Y367.51 E.10058
G1 X351.56 Y219.437 E23.4293
G1 X351.56 Y218.539 E.10047
G1 X202.589 Y367.51 E23.57139
G1 X201.69 Y367.51 E.10058
G1 X351.56 Y217.64 E23.71364
G1 X351.56 Y216.742 E.10047
G1 X200.792 Y367.51 E23.85573
G1 X199.893 Y367.51 E.10058
G1 X351.56 Y215.843 E23.99797
G1 X351.56 Y214.945 E.10047
G1 X198.995 Y367.51 E24.14006
G1 X198.096 Y367.51 E.10058
G1 X351.56 Y214.046 E24.28231
G1 X351.56 Y213.148 E.10047
G1 X197.198 Y367.51 E24.4244
G1 X196.299 Y367.51 E.10058
G1 X351.56 Y212.249 E24.56664
G1 X351.56 Y211.351 E.10047
G1 X195.115 Y367.795 E24.75391
M204 S500
G1 X193.945 Y368.965 F9000
M204 S250
G1 F1500
G1 X193.3 Y369.61 E.10206
G1 X192.402 Y369.61 E.10047
G1 X351.56 Y210.452 E25.18326
G1 X351.56 Y209.553 E.10058
G1 X191.503 Y369.61 E25.32551
G1 X190.605 Y369.61 E.10047
G1 X351.56 Y208.655 E25.4676
G1 X351.56 Y207.756 E.10058
G1 X189.706 Y369.61 E25.60984
G1 X188.808 Y369.61 E.10047
G1 X351.56 Y206.858 E25.75193
G1 X351.56 Y205.959 E.10058
G1 X187.909 Y369.61 E25.89418
G1 X187.011 Y369.61 E.10047
G1 X351.56 Y205.061 E26.03627
G1 X351.56 Y204.162 E.10058
G1 X186.112 Y369.61 E26.17851
G1 X185.214 Y369.61 E.10047
G1 X351.56 Y203.264 E26.3206
G1 X351.56 Y202.365 E.10058
G1 X184.315 Y369.61 E26.46285
G1 X183.417 Y369.61 E.10047
G1 X351.56 Y201.467 E26.60494
G1 X351.56 Y200.568 E.10058
G1 X182.518 Y369.61 E26.74719
G1 X181.62 Y369.61 E.10047
G1 X351.56 Y199.67 E26.88927
G1 X351.56 Y198.771 E.10058
G1 X180.721 Y369.61 E27.03152
G1 X179.822 Y369.61 E.10058
G1 X351.56 Y197.873 E27.17369
G1 X351.56 Y196.974 E.10058
G1 X178.924 Y369.61 E27.31586
G1 X178.025 Y369.61 E.10058
G1 X351.56 Y196.075 E27.4581
G1 X351.56 Y195.177 E.10047
G1 X177.127 Y369.61 E27.60019
G1 X176.228 Y369.61 E.10058
G1 X351.56 Y194.278 E27.74244
G1 X351.56 Y193.38 E.10047
G1 X175.33 Y369.61 E27.88453
G1 X174.431 Y369.61 E.10058
G1 X351.56 Y192.481 E28.02678
G1 X351.56 Y191.583 E.10047
G1 X173.533 Y369.61 E28.16886
G1 X172.634 Y369.61 E.10058
G1 X351.56 Y190.684 E28.31111
G1 X351.56 Y189.786 E.10047
G1 X171.736 Y369.61 E28.4532
G1 X170.837 Y369.61 E.10058
G1 X351.56 Y188.887 E28.59545
G1 X351.56 Y187.989 E.10047
G1 X169.939 Y369.61 E28.73754
G1 X169.04 Y369.61 E.10058
G1 X351.56 Y187.09 E28.87978
G1 X351.56 Y186.192 E.10047
G1 X168.142 Y369.61 E29.02187
G1 X167.243 Y369.61 E.10058
G1 X351.56 Y185.293 E29.16412
G1 X351.56 Y184.395 E.10047
G1 X166.344 Y369.61 E29.30629
G1 X165.446 Y369.61 E.10047
G1 X351.56 Y183.496 E29.44845
G1 X351.56 Y182.597 E.10058
G1 X164.547 Y369.61 E29.5907
G1 X163.649 Y369.61 E.10047
G1 X351.56 Y181.699 E29.73279
G1 X351.56 Y180.8 E.10058
G1 X162.75 Y369.61 E29.87504
G1 X161.852 Y369.61 E.10047
G1 X351.56 Y179.902 E30.01713
G1 X351.56 Y179.003 E.10058
G1 X160.953 Y369.61 E30.15937
G1 X160.055 Y369.61 E.10047
G1 X351.56 Y178.105 E30.30146
G1 X351.56 Y177.206 E.10058
G1 X159.156 Y369.61 E30.44371
G1 X158.258 Y369.61 E.10047
G1 X351.56 Y176.308 E30.5858
G1 X351.56 Y175.409 E.10058
G1 X157.359 Y369.61 E30.72804
G1 X156.461 Y369.61 E.10047
G1 X351.56 Y174.511 E30.87013
G1 X351.56 Y173.612 E.10058
G1 X155.562 Y369.61 E31.01238
G1 X154.664 Y369.61 E.10047
G1 X351.56 Y172.714 E31.15447
G1 X351.56 Y171.815 E.10058
G1 X153.765 Y369.61 E31.29672
G1 X152.866 Y369.61 E.10058
G1 X351.56 Y170.917 E31.43888
G1 X351.56 Y170.018 E.10058
G1 X151.968 Y369.61 E31.58105
G1 X151.069 Y369.61 E.10058
G1 X351.56 Y169.119 E31.7233
G1 X351.56 Y168.221 E.10047
G1 X150.171 Y369.61 E31.86539
G1 X149.272 Y369.61 E.10058
G1 X351.56 Y167.322 E32.00763
G1 X351.56 Y166.424 E.10047
G1 X148.374 Y369.61 E32.14972
G1 X147.475 Y369.61 E.10058
G1 X351.56 Y165.525 E32.29197
G1 X351.56 Y164.627 E.10047
G1 X146.577 Y369.61 E32.43406
G1 X145.678 Y369.61 E.10058
G1 X351.56 Y163.728 E32.57631
G1 X351.56 Y162.83 E.10047
G1 X144.78 Y369.61 E32.7184
G1 X143.881 Y369.61 E.10058
G1 X351.56 Y161.931 E32.86064
G1 X351.56 Y161.033 E.10047
G1 X142.983 Y369.61 E33.00273
G1 X142.084 Y369.61 E.10058
G1 X351.56 Y160.134 E33.14498
G1 X351.56 Y159.236 E.10047
G1 X141.186 Y369.61 E33.28707
G1 X140.287 Y369.61 E.10058
G1 X351.56 Y158.337 E33.42931
G1 X351.56 Y157.439 E.10047
G1 X139.388 Y369.61 E33.57148
G1 X138.49 Y369.61 E.10047
G1 X351.56 Y156.54 E33.71365
G1 X351.56 Y155.641 E.10058
G1 X137.591 Y369.61 E33.8559
G1 X136.693 Y369.61 E.10047
G1 X351.56 Y154.743 E33.99799
G1 X351.56 Y153.844 E.10058
G1 X135.794 Y369.61 E34.14023
G1 X134.896 Y369.61 E.10047
G1 X351.56 Y152.946 E34.28232
G1 X351.56 Y152.047 E.10058
G1 X133.997 Y369.61 E34.42457
G1 X133.099 Y369.61 E.10047
G1 X351.56 Y151.149 E34.56666
G1 X351.56 Y150.25 E.10058
G1 X132.2 Y369.61 E34.7089
G1 X131.302 Y369.61 E.10047
G1 X351.56 Y149.352 E34.85099
G1 X351.56 Y148.453 E.10058
G1 X130.403 Y369.61 E34.99324
G1 X129.505 Y369.61 E.10047
G1 X351.56 Y147.555 E35.13533
G1 X351.56 Y146.656 E.10058
G1 X128.606 Y369.61 E35.27758
G1 X127.708 Y369.61 E.10047
G1 X351.56 Y145.758 E35.41966
G1 X351.56 Y144.859 E.10058
G1 X126.809 Y369.61 E35.56191
G1 X125.91 Y369.61 E.10058
G1 X351.56 Y143.961 E35.70408
G1 X351.56 Y143.062 E.10058
G1 X125.012 Y369.61 E35.84625
G1 X124.113 Y369.61 E.10058
G1 X351.56 Y142.163 E35.98849
G1 X351.56 Y141.265 E.10047
G1 X123.215 Y369.61 E36.13058
G1 X122.316 Y369.61 E.10058
G1 X351.56 Y140.366 E36.27283
G1 X351.56 Y139.468 E.10047
G1 X121.418 Y369.61 E36.41492
G1 X120.519 Y369.61 E.10058
G1 X351.56 Y138.569 E36.55717
G1 X351.56 Y137.671 E.10047
G1 X119.621 Y369.61 E36.69925
G1 X118.722 Y369.61 E.10058
G1 X351.56 Y136.772 E36.8415
G1 X351.56 Y135.874 E.10047
G1 X117.824 Y369.61 E36.98359
G1 X116.925 Y369.61 E.10058
G1 X351.56 Y134.975 E37.12584
G1 X351.56 Y134.077 E.10047
G1 X116.027 Y369.61 E37.26793
G1 X115.128 Y369.61 E.10058
G1 X351.56 Y133.178 E37.41017
G1 X351.56 Y132.28 E.10047
G1 X114.23 Y369.61 E37.55226
G1 X113.331 Y369.61 E.10058
G1 X351.56 Y131.381 E37.69451
G1 X351.56 Y130.483 E.10047
G1 X112.432 Y369.61 E37.83668
G1 X111.534 Y369.61 E.10047
G1 X351.56 Y129.584 E37.97884
G1 X351.56 Y128.685 E.10058
G1 X110.635 Y369.61 E38.12109
G1 X109.737 Y369.61 E.10047
G1 X351.56 Y127.787 E38.26318
G1 X351.56 Y126.888 E.10058
G1 X108.838 Y369.61 E38.40543
G1 X107.94 Y369.61 E.10047
G1 X351.56 Y125.99 E38.54752
G1 X351.56 Y125.091 E.10058
G1 X107.041 Y369.61 E38.68976
G1 X106.143 Y369.61 E.10047
G1 X351.56 Y124.193 E38.83185
G1 X351.56 Y123.294 E.10058
G1 X105.244 Y369.61 E38.9741
G1 X104.346 Y369.61 E.10047
G1 X351.56 Y122.396 E39.11619
G1 X351.56 Y121.497 E.10058
G1 X103.447 Y369.61 E39.25844
G1 X102.549 Y369.61 E.10047
G1 X351.56 Y120.599 E39.40052
G1 X351.56 Y119.7 E.10058
G1 X101.65 Y369.61 E39.54277
G1 X100.752 Y369.61 E.10047
G1 X351.56 Y118.802 E39.68486
G1 X351.56 Y117.903 E.10058
G1 X99.853 Y369.61 E39.82711
G1 X98.954 Y369.61 E.10058
G1 X351.56 Y117.005 E39.96927
G1 X351.56 Y116.106 E.10058
G1 X98.056 Y369.61 E40.11144
G1 X97.157 Y369.61 E.10058
G1 X351.56 Y115.207 E40.25369
G1 X351.56 Y114.309 E.10047
G1 X96.259 Y369.61 E40.39578
G1 X95.36 Y369.61 E.10058
G1 X351.56 Y113.41 E40.53803
G1 X351.56 Y112.512 E.10047
G1 X94.462 Y369.61 E40.68011
G1 X93.563 Y369.61 E.10058
G1 X351.56 Y111.613 E40.82236
G1 X351.56 Y110.715 E.10047
G1 X92.665 Y369.61 E40.96445
G1 X91.766 Y369.61 E.10058
G1 X351.56 Y109.816 E41.1067
G1 X351.56 Y108.918 E.10047
G1 X90.868 Y369.61 E41.24879
G1 X89.969 Y369.61 E.10058
G1 X351.56 Y108.019 E41.39103
G1 X351.56 Y107.121 E.10047
G1 X89.071 Y369.61 E41.53312
G1 X88.172 Y369.61 E.10058
G1 X351.56 Y106.222 E41.67537
G1 X351.56 Y105.324 E.10047
G1 X87.274 Y369.61 E41.81746
G1 X86.375 Y369.61 E.10058
G1 X351.56 Y104.425 E41.9597
G1 X351.56 Y103.527 E.10047
G1 X85.476 Y369.61 E42.10187
G1 X84.578 Y369.61 E.10047
G1 X351.56 Y102.628 E42.24404
G1 X351.56 Y101.729 E.10058
G1 X83.679 Y369.61 E42.38629
G1 X82.781 Y369.61 E.10047
G1 X351.56 Y100.831 E42.52838
G1 X351.56 Y99.932 E.10058
G1 X81.882 Y369.61 E42.67062
G1 X80.984 Y369.61 E.10047
G1 X351.56 Y99.034 E42.81271
G1 X351.56 Y98.135 E.10058
G1 X80.085 Y369.61 E42.95496
G1 X79.187 Y369.61 E.10047
G1 X351.56 Y97.237 E43.09705
G1 X351.56 Y96.338 E.10058
G1 X78.288 Y369.61 E43.23929
G1 X77.39 Y369.61 E.10047
G1 X351.56 Y95.44 E43.38138
G1 X351.56 Y94.541 E.10058
G1 X76.491 Y369.61 E43.52363
G1 X75.593 Y369.61 E.10047
G1 X351.56 Y93.643 E43.66572
G1 X351.56 Y92.744 E.10058
G1 X74.694 Y369.61 E43.80797
G1 X73.796 Y369.61 E.10047
G1 X351.56 Y91.846 E43.95005
G1 X351.56 Y90.947 E.10058
G1 X72.897 Y369.61 E44.0923
G1 X71.998 Y369.61 E.10058
G1 X351.56 Y90.049 E44.23447
G1 X351.56 Y89.15 E.10058
G1 X71.1 Y369.61 E44.37664
G1 X70.201 Y369.61 E.10058
G1 X351.56 Y88.251 E44.51888
G1 X351.56 Y87.353 E.10047
G1 X69.303 Y369.61 E44.66097
G1 X68.404 Y369.61 E.10058
G1 X351.56 Y86.454 E44.80322
G1 X351.56 Y85.556 E.10047
G1 X67.506 Y369.61 E44.94531
G1 X66.607 Y369.61 E.10058
G1 X351.56 Y84.657 E45.08756
G1 X351.56 Y83.759 E.10047
G1 X65.709 Y369.61 E45.22964
G1 X64.81 Y369.61 E.10058
G1 X351.56 Y82.86 E45.37189
G1 X351.56 Y81.962 E.10047
G1 X63.912 Y369.61 E45.51398
G1 X63.013 Y369.61 E.10058
G1 X351.56 Y81.063 E45.65623
G1 X351.56 Y80.165 E.10047
G1 X62.115 Y369.61 E45.79832
G1 X61.216 Y369.61 E.10058
G1 X351.56 Y79.266 E45.94056
G1 X351.56 Y78.368 E.10047
G1 X60.318 Y369.61 E46.08265
G1 X59.419 Y369.61 E.10058
G1 X351.56 Y77.469 E46.2249
G1 X351.56 Y76.571 E.10047
G1 X58.52 Y369.61 E46.36707
G1 X58.44 Y369.61 E.00895
G1 X58.431 Y368.801 E.09052
G1 X351.56 Y75.672 E46.38123
G1 X351.56 Y74.773 E.10058
G1 X58.209 Y368.124 E46.41636
G1 X58.007 Y367.874 E.03596
G1 X57.745 Y367.69 E.03582
G1 X351.56 Y73.875 E46.48977
G1 X351.56 Y72.976 E.10058
G1 X57.026 Y367.51 E46.60354
G1 X56.128 Y367.51 E.10047
G1 X351.56 Y72.078 E46.74563
G1 X351.56 Y71.179 E.10058
G1 X55.229 Y367.51 E46.88787
G1 X54.331 Y367.51 E.10047
G1 X351.56 Y70.281 E47.02996
G1 X351.56 Y69.382 E.10058
G1 X53.432 Y367.51 E47.17221
G1 X52.534 Y367.51 E.10047
G1 X351.56 Y68.484 E47.3143
G1 X351.56 Y67.585 E.10058
G1 X51.635 Y367.51 E47.45655
G1 X50.737 Y367.51 E.10047
G1 X351.56 Y66.687 E47.59864
G1 X351.56 Y65.788 E.10058
G1 X49.838 Y367.51 E47.74088
G1 X48.94 Y367.51 E.10047
G1 X351.56 Y64.89 E47.88297
G1 X351.56 Y63.991 E.10058
G1 X48.44 Y367.111 E47.96209
G1 X48.44 Y366.212 E.10058
G1 X351.56 Y63.093 E47.96201
G1 X351.56 Y62.194 E.10058
G1 X48.44 Y365.314 E47.96209
G1 X48.44 Y364.415 E.10058
G1 X351.56 Y61.295 E47.96209
G1 X351.56 Y60.397 E.10047
G1 X48.44 Y363.516 E47.96201
G1 X48.44 Y362.618 E.10047
G1 X351.56 Y59.498 E47.96209
G1 X351.56 Y58.6 E.10047
G1 X48.44 Y361.719 E47.96201
G1 X48.44 Y360.821 E.10047
G1 X351.56 Y57.701 E47.96209
G1 X351.56 Y56.803 E.10047
G1 X48.44 Y359.922 E47.96201
G1 X48.44 Y359.024 E.10047
G1 X351.56 Y55.904 E47.96209
G1 X351.56 Y55.006 E.10047
G1 X48.44 Y358.125 E47.96201
G1 X48.44 Y357.227 E.10047
G1 X351.56 Y54.107 E47.96209
G1 X351.56 Y53.209 E.10047
G1 X48.44 Y356.328 E47.96201
G1 X48.44 Y355.43 E.10047
G1 X351.56 Y52.31 E47.96209
G1 X351.56 Y51.412 E.10047
G1 X48.44 Y354.531 E47.96201
G1 X48.44 Y353.633 E.10047
G1 X351.56 Y50.513 E47.96209
G1 X351.56 Y49.615 E.10047
G1 X48.44 Y352.734 E47.96201
G1 X48.44 Y351.836 E.10047
G1 X351.56 Y48.716 E47.96209
G1 X351.56 Y47.817 E.10058
G1 X48.44 Y350.937 E47.96209
G1 X48.44 Y350.038 E.10058
G1 X351.56 Y46.919 E47.96201
G1 X351.56 Y46.02 E.10058
G1 X48.44 Y349.14 E47.96209
G1 X48.44 Y348.241 E.10058
G1 X351.56 Y45.122 E47.96201
G1 X351.56 Y44.223 E.10058
G1 X48.44 Y347.343 E47.96209
G1 X48.44 Y346.444 E.10058
G1 X351.56 Y43.325 E47.96201
G1 X351.56 Y42.426 E.10058
G1 X48.44 Y345.546 E47.96209
G1 X48.44 Y344.647 E.10058
G1 X351.56 Y41.528 E47.96201
G1 X351.56 Y40.629 E.10058
G1 X48.44 Y343.749 E47.96209
G1 X48.44 Y342.85 E.10058
G1 X351.56 Y39.731 E47.96201
G1 X351.56 Y38.832 E.10058
G1 X48.44 Y341.952 E47.96209
G1 X48.44 Y341.053 E.10058
G1 X351.56 Y37.934 E47.96201
G1 X351.56 Y37.035 E.10058
G1 X48.44 Y340.155 E47.96209
G1 X48.44 Y339.256 E.10058
G1 X351.56 Y36.137 E47.96201
G1 X351.56 Y35.238 E.10058
G1 X48.44 Y338.358 E47.96209
G1 X48.44 Y337.459 E.10058
G1 X351.56 Y34.339 E47.96209
G1 X351.56 Y33.441 E.10047
G1 X48.44 Y336.56 E47.96201
G1 X48.44 Y335.662 E.10047
G1 X351.56 Y32.542 E47.96209
G1 X351.56 Y31.962 E.06489
G1 X351.613 Y31.591 E.04193
G1 X48.44 Y334.763 E47.97039
G1 X48.44 Y333.865 E.10047
G1 X351.882 Y30.424 E48.01296
G1 X351.443 Y30.39 E.04926
G1 X351.016 Y30.39 E.04777
G1 X48.44 Y332.966 E47.87601
G1 X48.44 Y332.068 E.10047
G1 X350.118 Y30.39 E47.73392
G1 X349.219 Y30.39 E.10058
G1 X48.44 Y331.169 E47.59167
G1 X48.44 Y330.271 E.10047
G1 X348.321 Y30.39 E47.44958
G1 X347.422 Y30.39 E.10058
G1 X48.44 Y329.372 E47.30734
G1 X48.44 Y328.474 E.10047
G1 X346.524 Y30.39 E47.16525
G1 X345.625 Y30.39 E.10058
G1 X48.44 Y327.575 E47.023
G1 X48.44 Y326.677 E.10047
G1 X344.727 Y30.39 E46.88091
G1 X343.828 Y30.39 E.10058
G1 X48.44 Y325.778 E46.73867
G1 X48.44 Y324.88 E.10047
G1 X342.93 Y30.39 E46.59658
G1 X342.031 Y30.39 E.10058
G1 X48.44 Y323.981 E46.45433
G1 X48.44 Y323.082 E.10058
G1 X341.133 Y30.39 E46.31216
G1 X340.234 Y30.39 E.10058
G1 X48.44 Y322.184 E46.16999
G1 X48.44 Y321.285 E.10058
G1 X339.335 Y30.39 E46.02775
G1 X338.437 Y30.39 E.10047
G1 X48.44 Y320.387 E45.88566
G1 X48.44 Y319.488 E.10058
G1 X337.538 Y30.39 E45.74341
G1 X336.64 Y30.39 E.10047
G1 X48.44 Y318.59 E45.60132
G1 X48.44 Y317.691 E.10058
G1 X335.741 Y30.39 E45.45908
G1 X334.843 Y30.39 E.10047
G1 X48.44 Y316.793 E45.31699
G1 X48.44 Y315.894 E.10058
G1 X333.944 Y30.39 E45.17474
G1 X333.046 Y30.39 E.10047
G1 X48.44 Y314.996 E45.03265
G1 X48.44 Y314.097 E.10058
G1 X332.147 Y30.39 E44.8904
G1 X331.249 Y30.39 E.10047
G1 X48.44 Y313.199 E44.74832
G1 X48.44 Y312.3 E.10058
G1 X330.35 Y30.39 E44.60607
G1 X329.452 Y30.39 E.10047
G1 X48.44 Y311.402 E44.46398
G1 X48.44 Y310.503 E.10058
G1 X328.553 Y30.39 E44.32173
G1 X327.655 Y30.39 E.10047
G1 X48.44 Y309.604 E44.17956
G1 X48.44 Y308.706 E.10047
G1 X326.756 Y30.39 E44.0374
G1 X325.857 Y30.39 E.10058
G1 X48.44 Y307.807 E43.89515
G1 X48.44 Y306.909 E.10047
G1 X324.959 Y30.39 E43.75306
G1 X324.06 Y30.39 E.10058
G1 X48.44 Y306.01 E43.61081
G1 X48.44 Y305.112 E.10047
G1 X323.162 Y30.39 E43.46873
G1 X322.263 Y30.39 E.10058
G1 X48.44 Y304.213 E43.32648
G1 X48.44 Y303.315 E.10047
G1 X321.365 Y30.39 E43.18439
G1 X320.466 Y30.39 E.10058
G1 X48.44 Y302.416 E43.04214
G1 X48.44 Y301.518 E.10047
G1 X319.568 Y30.39 E42.90005
G1 X318.669 Y30.39 E.10058
G1 X48.44 Y300.619 E42.75781
G1 X48.44 Y299.721 E.10047
G1 X317.771 Y30.39 E42.61572
G1 X316.872 Y30.39 E.10058
G1 X48.44 Y298.822 E42.47347
G1 X48.44 Y297.924 E.10047
G1 X315.974 Y30.39 E42.33138
G1 X315.075 Y30.39 E.10058
G1 X48.44 Y297.025 E42.18913
G1 X48.44 Y296.126 E.10058
G1 X314.177 Y30.39 E42.04697
G1 X313.278 Y30.39 E.10058
G1 X48.44 Y295.228 E41.9048
G1 X48.44 Y294.329 E.10058
G1 X312.379 Y30.39 E41.76255
G1 X311.481 Y30.39 E.10047
G1 X48.44 Y293.431 E41.62046
G1 X48.44 Y292.532 E.10058
G1 X310.582 Y30.39 E41.47822
G1 X309.684 Y30.39 E.10047
G1 X48.44 Y291.634 E41.33613
G1 X48.44 Y290.735 E.10058
G1 X308.785 Y30.39 E41.19388
G1 X307.887 Y30.39 E.10047
G1 X48.44 Y289.837 E41.05179
G1 X48.44 Y288.938 E.10058
G1 X306.988 Y30.39 E40.90954
G1 X306.09 Y30.39 E.10047
G1 X48.44 Y288.04 E40.76746
G1 X48.44 Y287.141 E.10058
G1 X305.191 Y30.39 E40.62521
G1 X304.293 Y30.39 E.10047
G1 X48.44 Y286.243 E40.48312
G1 X48.44 Y285.344 E.10058
G1 X303.394 Y30.39 E40.34087
G1 X302.496 Y30.39 E.10047
G1 X48.44 Y284.446 E40.19878
G1 X48.44 Y283.547 E.10058
G1 X301.597 Y30.39 E40.05654
G1 X300.699 Y30.39 E.10047
G1 X48.44 Y282.648 E39.91437
G1 X48.44 Y281.75 E.10047
G1 X299.8 Y30.39 E39.7722
G1 X298.901 Y30.39 E.10058
G1 X48.44 Y280.851 E39.62995
G1 X48.44 Y279.953 E.10047
G1 X298.003 Y30.39 E39.48787
G1 X297.104 Y30.39 E.10058
G1 X48.44 Y279.054 E39.34562
G1 X48.44 Y278.156 E.10047
G1 X296.206 Y30.39 E39.20353
G1 X295.307 Y30.39 E.10058
G1 X48.44 Y277.257 E39.06128
G1 X48.44 Y276.359 E.10047
G1 X294.409 Y30.39 E38.91919
G1 X293.51 Y30.39 E.10058
G1 X48.44 Y275.46 E38.77695
G1 X48.44 Y274.562 E.10047
G1 X292.612 Y30.39 E38.63486
G1 X291.713 Y30.39 E.10058
G1 X48.44 Y273.663 E38.49261
G1 X48.44 Y272.765 E.10047
G1 X290.815 Y30.39 E38.35052
G1 X289.916 Y30.39 E.10058
G1 X48.44 Y271.866 E38.20828
G1 X48.44 Y270.968 E.10047
G1 X289.018 Y30.39 E38.06619
G1 X288.119 Y30.39 E.10058
G1 X48.44 Y270.069 E37.92394
G1 X48.44 Y269.17 E.10058
G1 X287.221 Y30.39 E37.78177
G1 X286.322 Y30.39 E.10058
G1 X48.44 Y268.272 E37.6396
G1 X48.44 Y267.373 E.10058
G1 X285.423 Y30.39 E37.49736
G1 X284.525 Y30.39 E.10047
G1 X48.44 Y266.475 E37.35527
G1 X48.44 Y265.576 E.10058
G1 X283.626 Y30.39 E37.21302
G1 X282.728 Y30.39 E.10047
G1 X48.44 Y264.678 E37.07093
G1 X48.44 Y263.779 E.10058
G1 X281.829 Y30.39 E36.92869
G1 X280.931 Y30.39 E.10047
G1 X48.44 Y262.881 E36.7866
G1 X48.44 Y261.982 E.10058
G1 X280.032 Y30.39 E36.64435
G1 X279.134 Y30.39 E.10047
G1 X48.44 Y261.084 E36.50226
G1 X48.44 Y260.185 E.10058
G1 X278.235 Y30.39 E36.36001
G1 X277.337 Y30.39 E.10047
G1 X48.44 Y259.287 E36.21792
G1 X48.44 Y258.388 E.10058
G1 X276.438 Y30.39 E36.07568
G1 X275.54 Y30.39 E.10047
G1 X48.44 Y257.49 E35.93359
G1 X48.44 Y256.591 E.10058
G1 X274.641 Y30.39 E35.79134
G1 X273.743 Y30.39 E.10047
G1 X48.44 Y255.692 E35.64917
G1 X48.44 Y254.794 E.10047
G1 X272.844 Y30.39 E35.50701
G1 X271.945 Y30.39 E.10058
G1 X48.44 Y253.895 E35.36476
G1 X48.44 Y252.997 E.10047
G1 X271.047 Y30.39 E35.22267
G1 X270.148 Y30.39 E.10058
G1 X48.44 Y252.098 E35.08042
G1 X48.44 Y251.2 E.10047
G1 X269.25 Y30.39 E34.93833
G1 X268.351 Y30.39 E.10058
G1 X48.44 Y250.301 E34.79609
G1 X48.44 Y249.403 E.10047
G1 X267.453 Y30.39 E34.654
G1 X266.554 Y30.39 E.10058
G1 X48.44 Y248.504 E34.51175
G1 X48.44 Y247.606 E.10047
G1 X265.656 Y30.39 E34.36966
G1 X264.757 Y30.39 E.10058
G1 X48.44 Y246.707 E34.22742
G1 X48.44 Y245.809 E.10047
G1 X263.859 Y30.39 E34.08533
G1 X262.96 Y30.39 E.10058
G1 X48.44 Y244.91 E33.94308
G1 X48.44 Y244.012 E.10047
G1 X262.062 Y30.39 E33.80099
G1 X261.163 Y30.39 E.10058
G1 X48.44 Y243.113 E33.65874
G1 X48.44 Y242.214 E.10058
G1 X260.265 Y30.39 E33.51658
G1 X259.366 Y30.39 E.10058
G1 X48.44 Y241.316 E33.37441
G1 X48.44 Y240.417 E.10058
G1 X258.467 Y30.39 E33.23216
G1 X257.569 Y30.39 E.10047
G1 X48.44 Y239.519 E33.09007
G1 X48.44 Y238.62 E.10058
G1 X256.67 Y30.39 E32.94783
G1 X255.772 Y30.39 E.10047
G1 X48.44 Y237.722 E32.80574
G1 X48.44 Y236.823 E.10058
G1 X254.873 Y30.39 E32.66349
G1 X253.975 Y30.39 E.10047
G1 X48.44 Y235.925 E32.5214
G1 X48.44 Y235.026 E.10058
G1 X253.076 Y30.39 E32.37915
G1 X252.178 Y30.39 E.10047
G1 X48.44 Y234.128 E32.23707
G1 X48.44 Y233.229 E.10058
G1 X251.279 Y30.39 E32.09482
G1 X250.381 Y30.39 E.10047
G1 X48.44 Y232.331 E31.95273
G1 X48.44 Y231.432 E.10058
G1 X249.482 Y30.39 E31.81048
G1 X248.584 Y30.39 E.10047
G1 X48.44 Y230.534 E31.66839
G1 X48.44 Y229.635 E.10058
G1 X247.685 Y30.39 E31.52615
G1 X246.787 Y30.39 E.10047
G1 X48.44 Y228.736 E31.38398
G1 X48.44 Y227.838 E.10047
G1 X245.888 Y30.39 E31.24181
G1 X244.989 Y30.39 E.10058
G1 X48.44 Y226.939 E31.09956
G1 X48.44 Y226.041 E.10047
G1 X244.091 Y30.39 E30.95748
G1 X243.192 Y30.39 E.10058
G1 X48.44 Y225.142 E30.81523
G1 X48.44 Y224.244 E.10047
G1 X242.294 Y30.39 E30.67314
G1 X241.395 Y30.39 E.10058
G1 X48.44 Y223.345 E30.53089
G1 X48.44 Y222.447 E.10047
G1 X240.497 Y30.39 E30.3888
G1 X239.598 Y30.39 E.10058
G1 X48.44 Y221.548 E30.24656
G1 X48.44 Y220.65 E.10047
G1 X238.7 Y30.39 E30.10447
G1 X237.801 Y30.39 E.10058
G1 X48.44 Y219.751 E29.96222
G1 X48.44 Y218.853 E.10047
G1 X236.903 Y30.39 E29.82013
G1 X236.004 Y30.39 E.10058
G1 X48.44 Y217.954 E29.67789
G1 X48.44 Y217.056 E.10047
G1 X235.106 Y30.39 E29.5358
G1 X234.207 Y30.39 E.10058
G1 X48.44 Y216.157 E29.39355
G1 X48.44 Y215.258 E.10058
G1 X233.309 Y30.39 E29.25138
G1 X232.41 Y30.39 E.10058
G1 X48.44 Y214.36 E29.10921
G1 X48.44 Y213.461 E.10058
G1 X231.511 Y30.39 E28.96697
G1 X230.613 Y30.39 E.10047
G1 X48.44 Y212.563 E28.82488
G1 X48.44 Y211.664 E.10058
G1 X229.714 Y30.39 E28.68263
G1 X228.816 Y30.39 E.10047
G1 X48.44 Y210.766 E28.54054
G1 X48.44 Y209.867 E.10058
G1 X227.917 Y30.39 E28.39829
G1 X227.019 Y30.39 E.10047
G1 X48.44 Y208.969 E28.25621
G1 X48.44 Y208.07 E.10058
G1 X226.12 Y30.39 E28.11396
G1 X225.222 Y30.39 E.10047
G1 X48.44 Y207.172 E27.97187
G1 X48.44 Y206.273 E.10058
G1 X224.323 Y30.39 E27.82962
G1 X223.425 Y30.39 E.10047
G1 X48.44 Y205.375 E27.68753
G1 X48.44 Y204.476 E.10058
G1 X222.526 Y30.39 E27.54529
G1 X221.628 Y30.39 E.10047
G1 X48.44 Y203.578 E27.4032
G1 X48.44 Y202.679 E.10058
G1 X220.729 Y30.39 E27.26095
G1 X219.831 Y30.39 E.10047
G1 X48.44 Y201.78 E27.11878
G1 X48.44 Y200.882 E.10047
G1 X218.932 Y30.39 E26.97662
G1 X218.033 Y30.39 E.10058
G1 X48.44 Y199.983 E26.83437
G1 X48.44 Y199.085 E.10047
G1 X217.135 Y30.39 E26.69228
G1 X216.236 Y30.39 E.10058
G1 X48.44 Y198.186 E26.55003
G1 X48.44 Y197.288 E.10047
G1 X215.338 Y30.39 E26.40794
G1 X214.439 Y30.39 E.10058
G1 X48.44 Y196.389 E26.2657
G1 X48.44 Y195.491 E.10047
G1 X213.541 Y30.39 E26.12361
G1 X212.642 Y30.39 E.10058
G1 X48.44 Y194.592 E25.98136
G1 X48.44 Y193.694 E.10047
G1 X211.744 Y30.39 E25.83927
G1 X210.845 Y30.39 E.10058
G1 X48.44 Y192.795 E25.69703
G1 X48.44 Y191.897 E.10047
G1 X209.947 Y30.39 E25.55494
G1 X209.048 Y30.39 E.10058
G1 X48.44 Y190.998 E25.41269
G1 X48.44 Y190.1 E.10047
G1 X208.15 Y30.39 E25.2706
G1 X207.251 Y30.39 E.10058
G1 X48.44 Y189.201 E25.12835
G1 X48.44 Y188.302 E.10058
G1 X206.353 Y30.39 E24.98619
G1 X205.454 Y30.39 E.10058
G1 X48.44 Y187.404 E24.84402
G1 X48.44 Y186.505 E.10058
G1 X204.555 Y30.39 E24.70177
G1 X203.657 Y30.39 E.10047
G1 X48.44 Y185.607 E24.55968
G1 X48.44 Y184.708 E.10058
G1 X202.758 Y30.39 E24.41744
G1 X201.86 Y30.39 E.10047
G1 X48.44 Y183.81 E24.27535
G1 X48.44 Y182.911 E.10058
G1 X200.961 Y30.39 E24.1331
G1 X200.063 Y30.39 E.10047
G1 X48.44 Y182.013 E23.99101
G1 X48.44 Y181.114 E.10058
G1 X199.164 Y30.39 E23.84876
G1 X198.266 Y30.39 E.10047
G1 X48.44 Y180.216 E23.70668
G1 X48.44 Y179.317 E.10058
G1 X197.367 Y30.39 E23.56443
G1 X196.469 Y30.39 E.10047
G1 X48.44 Y178.419 E23.42234
G1 X48.44 Y177.52 E.10058
G1 X195.57 Y30.39 E23.28009
G1 X194.672 Y30.39 E.10047
G1 X48.44 Y176.622 E23.138
G1 X48.44 Y175.723 E.10058
G1 X193.773 Y30.39 E22.99576
G1 X192.875 Y30.39 E.10047
G1 X48.44 Y174.824 E22.85359
G1 X48.44 Y173.926 E.10047
G1 X191.976 Y30.39 E22.71142
G1 X191.077 Y30.39 E.10058
G1 X48.44 Y173.027 E22.56917
G1 X48.44 Y172.129 E.10047
G1 X190.179 Y30.39 E22.42708
G1 X189.28 Y30.39 E.10058
G1 X48.44 Y171.23 E22.28484
G1 X48.44 Y170.332 E.10047
G1 X188.382 Y30.39 E22.14275
G1 X187.483 Y30.39 E.10058
G1 X48.44 Y169.433 E22.0005
G1 X48.44 Y168.535 E.10047
G1 X186.585 Y30.39 E21.85841
G1 X185.686 Y30.39 E.10058
G1 X48.44 Y167.636 E21.71617
G1 X48.44 Y166.738 E.10047
G1 X184.788 Y30.39 E21.57408
G1 X183.889 Y30.39 E.10058
G1 X48.44 Y165.839 E21.43183
G1 X48.44 Y164.941 E.10047
G1 X182.991 Y30.39 E21.28974
G1 X182.092 Y30.39 E.10058
G1 X48.44 Y164.042 E21.14749
G1 X48.44 Y163.144 E.10047
G1 X181.194 Y30.39 E21.00541
G1 X180.295 Y30.39 E.10058
G1 X48.44 Y162.245 E20.86316
G1 X48.44 Y161.346 E.10058
G1 X179.397 Y30.39 E20.72099
G1 X178.498 Y30.39 E.10058
G1 X48.44 Y160.448 E20.57882
G1 X48.44 Y159.549 E.10058
G1 X177.599 Y30.39 E20.43658
G1 X176.701 Y30.39 E.10047
G1 X48.44 Y158.651 E20.29449
G1 X48.44 Y157.752 E.10058
G1 X175.802 Y30.39 E20.15224
G1 X174.904 Y30.39 E.10047
G1 X48.44 Y156.854 E20.01015
G1 X48.44 Y155.955 E.10058
G1 X174.005 Y30.39 E19.8679
G1 X173.107 Y30.39 E.10047
G1 X48.44 Y155.057 E19.72582
G1 X48.44 Y154.158 E.10058
G1 X172.208 Y30.39 E19.58357
G1 X171.31 Y30.39 E.10047
G1 X48.44 Y153.26 E19.44148
G1 X48.44 Y152.361 E.10058
G1 X170.411 Y30.39 E19.29923
G1 X169.513 Y30.39 E.10047
G1 X48.44 Y151.463 E19.15714
G1 X48.44 Y150.564 E.10058
G1 X168.614 Y30.39 E19.0149
G1 X167.716 Y30.39 E.10047
G1 X48.44 Y149.666 E18.87281
G1 X48.44 Y148.767 E.10058
G1 X166.817 Y30.39 E18.73056
G1 X165.919 Y30.39 E.10047
G1 X48.44 Y147.868 E18.58839
G1 X48.44 Y146.97 E.10047
G1 X165.02 Y30.39 E18.44623
G1 X164.121 Y30.39 E.10058
G1 X48.44 Y146.071 E18.30398
G1 X48.44 Y145.173 E.10047
G1 X163.223 Y30.39 E18.16189
G1 X162.324 Y30.39 E.10058
G1 X48.44 Y144.274 E18.01964
G1 X48.44 Y143.376 E.10047
G1 X161.426 Y30.39 E17.87755
G1 X160.527 Y30.39 E.10058
G1 X48.44 Y142.477 E17.73531
G1 X48.44 Y141.579 E.10047
G1 X159.629 Y30.39 E17.59322
G1 X158.73 Y30.39 E.10058
G1 X48.44 Y140.68 E17.45097
G1 X48.44 Y139.782 E.10047
G1 X157.832 Y30.39 E17.30888
G1 X156.933 Y30.39 E.10058
G1 X48.44 Y138.883 E17.16664
G1 X48.44 Y137.985 E.10047
G1 X156.035 Y30.39 E17.02455
G1 X155.136 Y30.39 E.10058
G1 X48.44 Y137.086 E16.8823
G1 X48.44 Y136.188 E.10047
G1 X154.238 Y30.39 E16.74021
G1 X153.339 Y30.39 E.10058
G1 X48.44 Y135.289 E16.59796
G1 X48.44 Y134.39 E.10058
G1 X152.441 Y30.39 E16.4558
G1 X151.542 Y30.39 E.10058
G1 X48.44 Y133.492 E16.31363
G1 X48.44 Y132.593 E.10058
G1 X150.643 Y30.39 E16.17138
G1 X149.745 Y30.39 E.10047
G1 X48.44 Y131.695 E16.02929
G1 X48.44 Y130.796 E.10058
G1 X148.846 Y30.39 E15.88705
G1 X147.948 Y30.39 E.10047
G1 X48.44 Y129.898 E15.74496
G1 X48.44 Y128.999 E.10058
G1 X147.049 Y30.39 E15.60271
G1 X146.151 Y30.39 E.10047
G1 X48.44 Y128.101 E15.46062
G1 X48.44 Y127.202 E.10058
G1 X145.252 Y30.39 E15.31837
G1 X144.354 Y30.39 E.10047
G1 X48.44 Y126.304 E15.17628
G1 X48.44 Y125.405 E.10058
G1 X143.455 Y30.39 E15.03404
G1 X142.557 Y30.39 E.10047
G1 X48.44 Y124.507 E14.89195
G1 X48.44 Y123.608 E.10058
G1 X141.658 Y30.39 E14.7497
G1 X140.76 Y30.39 E.10047
G1 X48.44 Y122.71 E14.60761
G1 X48.44 Y121.811 E.10058
G1 X139.861 Y30.39 E14.46537
G1 X138.963 Y30.39 E.10047
G1 X48.44 Y120.913 E14.32328
G1 X48.44 Y120.014 E.10058
G1 X138.064 Y30.39 E14.18103
G1 X137.165 Y30.39 E.10058
G1 X48.44 Y119.115 E14.03878
G1 X48.44 Y118.217 E.10047
G1 X136.267 Y30.39 E13.89669
G1 X135.368 Y30.39 E.10058
G1 X48.44 Y117.318 E13.75445
G1 X48.44 Y116.42 E.10047
G1 X134.47 Y30.39 E13.61236
G1 X133.571 Y30.39 E.10058
G1 X48.44 Y115.521 E13.47011
G1 X48.44 Y114.623 E.10047
G1 X132.673 Y30.39 E13.32802
G1 X131.774 Y30.39 E.10058
G1 X48.44 Y113.724 E13.18578
G1 X48.44 Y112.826 E.10047
G1 X130.876 Y30.39 E13.04369
G1 X129.977 Y30.39 E.10058
G1 X48.44 Y111.927 E12.90144
G1 X48.44 Y111.029 E.10047
G1 X129.079 Y30.39 E12.75935
G1 X128.18 Y30.39 E.10058
G1 X48.44 Y110.13 E12.6171
G1 X48.44 Y109.232 E.10047
G1 X127.282 Y30.39 E12.47502
G1 X126.383 Y30.39 E.10058
G1 X48.44 Y108.333 E12.33277
G1 X48.44 Y107.435 E.10047
G1 X125.485 Y30.39 E12.19068
G1 X124.586 Y30.39 E.10058
G1 X48.44 Y106.536 E12.04843
G1 X48.44 Y105.637 E.10058
G1 X123.687 Y30.39 E11.90619
G1 X122.789 Y30.39 E.10047
G1 X48.44 Y104.739 E11.7641
G1 X48.44 Y103.84 E.10058
G1 X121.89 Y30.39 E11.62185
G1 X120.992 Y30.39 E.10047
G1 X48.44 Y102.942 E11.47976
G1 X48.44 Y102.043 E.10058
G1 X120.093 Y30.39 E11.33751
G1 X119.195 Y30.39 E.10047
G1 X48.44 Y101.145 E11.19543
G1 X48.44 Y100.246 E.10058
G1 X118.296 Y30.39 E11.05318
G1 X117.398 Y30.39 E.10047
G1 X48.44 Y99.348 E10.91109
G1 X48.44 Y98.449 E.10058
G1 X116.499 Y30.39 E10.76884
G1 X115.601 Y30.39 E.10047
G1 X48.44 Y97.551 E10.62675
G1 X48.44 Y96.652 E.10058
G1 X114.702 Y30.39 E10.48451
G1 X113.804 Y30.39 E.10047
G1 X48.44 Y95.754 E10.34242
G1 X48.44 Y94.855 E.10058
G1 X112.905 Y30.39 E10.20017
G1 X112.007 Y30.39 E.10047
G1 X48.44 Y93.957 E10.05808
G1 X48.44 Y93.058 E.10058
G1 X111.108 Y30.39 E9.91584
G1 X110.209 Y30.39 E.10058
G1 X48.44 Y92.159 E9.77359
G1 X48.44 Y91.261 E.10047
G1 X109.311 Y30.39 E9.6315
G1 X108.412 Y30.39 E.10058
G1 X48.44 Y90.362 E9.48925
G1 X48.44 Y89.464 E.10047
G1 X107.514 Y30.39 E9.34716
G1 X106.615 Y30.39 E.10058
G1 X48.44 Y88.565 E9.20492
G1 X48.44 Y87.667 E.10047
G1 X105.717 Y30.39 E9.06283
G1 X104.818 Y30.39 E.10058
G1 X48.44 Y86.768 E8.92058
G1 X48.44 Y85.87 E.10047
G1 X103.92 Y30.39 E8.77849
G1 X103.021 Y30.39 E.10058
G1 X48.44 Y84.971 E8.63624
G1 X48.44 Y84.073 E.10047
G1 X102.123 Y30.39 E8.49416
G1 X101.224 Y30.39 E.10058
G1 X48.44 Y83.174 E8.35191
G1 X48.44 Y82.276 E.10047
G1 X100.326 Y30.39 E8.20982
G1 X99.427 Y30.39 E.10058
G1 X48.44 Y81.377 E8.06757
G1 X48.44 Y80.479 E.10047
G1 X98.529 Y30.39 E7.92548
G1 X97.63 Y30.39 E.10058
G1 X48.44 Y79.58 E7.78324
G1 X48.44 Y78.681 E.10058
G1 X96.731 Y30.39 E7.64099
G1 X95.833 Y30.39 E.10047
G1 X48.44 Y77.783 E7.4989
G1 X48.44 Y76.884 E.10058
G1 X94.934 Y30.39 E7.35665
G1 X94.036 Y30.39 E.10047
G1 X48.44 Y75.986 E7.21457
G1 X48.44 Y75.087 E.10058
G1 X93.137 Y30.39 E7.07232
G1 X92.239 Y30.39 E.10047
G1 X48.44 Y74.189 E6.93023
G1 X48.44 Y73.29 E.10058
G1 X91.34 Y30.39 E6.78798
G1 X90.442 Y30.39 E.10047
G1 X48.44 Y72.392 E6.64589
G1 X48.44 Y71.493 E.10058
G1 X89.543 Y30.39 E6.50365
G1 X88.645 Y30.39 E.10047
G1 X48.44 Y70.595 E6.36156
G1 X48.44 Y69.696 E.10058
G1 X87.746 Y30.39 E6.21931
G1 X86.848 Y30.39 E.10047
G1 X48.44 Y68.798 E6.07722
G1 X48.44 Y67.899 E.10058
G1 X85.949 Y30.39 E5.93498
G1 X85.051 Y30.39 E.10047
G1 X48.44 Y67.001 E5.79289
G1 X48.44 Y66.102 E.10058
G1 X84.152 Y30.39 E5.65064
G1 X83.253 Y30.39 E.10058
G1 X48.44 Y65.203 E5.50839
G1 X48.44 Y64.305 E.10047
G1 X82.355 Y30.39 E5.3663
G1 X81.456 Y30.39 E.10058
G1 X48.44 Y63.406 E5.22406
G1 X48.44 Y62.508 E.10047
G1 X80.558 Y30.39 E5.08197
G1 X79.659 Y30.39 E.10058
G1 X48.44 Y61.609 E4.93972
G1 X48.44 Y60.711 E.10047
G1 X78.761 Y30.39 E4.79763
G1 X77.862 Y30.39 E.10058
G1 X48.44 Y59.812 E4.65539
G1 X48.44 Y58.914 E.10047
G1 X76.964 Y30.39 E4.5133
G1 X76.065 Y30.39 E.10058
G1 X48.44 Y58.015 E4.37105
G1 X48.44 Y57.117 E.10047
G1 X75.167 Y30.39 E4.22896
G1 X74.268 Y30.39 E.10058
G1 X48.44 Y56.218 E4.08671
G1 X48.44 Y55.32 E.10047
G1 X73.37 Y30.39 E3.94463
G1 X72.471 Y30.39 E.10058
G1 X48.44 Y54.421 E3.80238
G1 X48.44 Y53.523 E.10047
G1 X71.573 Y30.39 E3.66029
G1 X70.674 Y30.39 E.10058
G1 X48.44 Y52.624 E3.51804
G1 X48.44 Y51.725 E.10058
G1 X69.775 Y30.39 E3.3758
G1 X68.877 Y30.39 E.10047
G1 X48.44 Y50.827 E3.23371
G1 X48.44 Y49.928 E.10058
G1 X67.978 Y30.39 E3.09146
G1 X67.08 Y30.39 E.10047
G1 X48.44 Y49.03 E2.94937
G1 X48.44 Y48.131 E.10058
G1 X66.181 Y30.39 E2.80712
G1 X65.283 Y30.39 E.10047
G1 X48.44 Y47.233 E2.66503
G1 X48.44 Y46.334 E.10058
G1 X64.384 Y30.39 E2.52279
G1 X63.486 Y30.39 E.10047
G1 X48.44 Y45.436 E2.3807
G1 X48.44 Y44.537 E.10058
G1 X62.587 Y30.39 E2.23845
G1 X61.689 Y30.39 E.10047
G1 X48.44 Y43.639 E2.09636
G1 X48.44 Y42.74 E.10058
G1 X60.79 Y30.39 E1.95412
G1 X59.892 Y30.39 E.10047
G1 X48.44 Y41.842 E1.81203
G1 X48.44 Y40.943 E.10058
G1 X58.993 Y30.39 E1.66978
G1 X58.095 Y30.39 E.10047
G1 X48.44 Y40.045 E1.52769
G1 X48.44 Y39.146 E.10058
G1 X57.196 Y30.39 E1.38544
G1 X56.297 Y30.39 E.10058
G1 X48.44 Y38.247 E1.2432
G1 X48.44 Y37.349 E.10047
G1 X55.399 Y30.39 E1.10111
G1 X54.5 Y30.39 E.10058
G1 X48.44 Y36.45 E.95886
G1 X48.44 Y35.552 E.10047
G1 X53.602 Y30.39 E.81677
G1 X52.703 Y30.39 E.10058
G1 X48.44 Y34.653 E.67453
G1 X48.44 Y33.755 E.10047
G1 X51.805 Y30.39 E.53244
G1 X50.906 Y30.39 E.10058
G1 X48.44 Y32.856 E.39019
G1 X48.44 Y31.958 E.10047
G1 X50.008 Y30.39 E.2481
G1 X49.109 Y30.39 E.10058
G1 X48.228 Y31.271 E.1394
G1 X48.168 Y31.151 E.01501
G1 X47.782 Y30.819 E.05696
G1 X48.496 Y30.105 E.11297
M204 S500
;LAYER_CHANGE
;Z:4.86
;HEIGHT:0.24
;BEFORE_LAYER_CHANGE
G92 E0
;4.86


G1 E-4.2 F3600
;WIPE_START
G1 F7200
G1 X47.782 Y30.819 E-.47963
G1 X48.168 Y31.151 E-.24184
G1 X48.228 Y31.271 E-.06373
G1 X49.109 Y30.39 E-.59181
G1 X49.999 Y30.39 E-.42299
;WIPE_END
G1 Z4.86 F9000
;AFTER_LAYER_CHANGE
;4.86
G1 X47.687 Y31.363
G1 E6 F2400
;TYPE:Perimeter
;WIDTH:0.659999
G1 X47.491 Y31.195 E.01567
;WIDTH:0.707876
G1 X47.422 Y31.154 E.00526
;WIDTH:0.755752
G1 X47.353 Y31.113 E.00564
;WIDTH:0.803628
G1 X47.283 Y31.072 E.00609
;WIDTH:0.851505
G1 X47.214 Y31.03 E.00645
;WIDTH:0.899381
G1 X47.145 Y30.989 E.00679
;WIDTH:0.947257
G1 X47.076 Y30.948 E.00717
G1 X45.202 Y30.948 E.1675
G1 X45.202 Y30.052 E.08008
G1 X47.076 Y30.052 E.1675
G1 X47.199 Y30.028 E.0112
;WIDTH:0.899381
G1 X47.321 Y30.004 E.01052
;WIDTH:0.851505
G1 X47.444 Y29.98 E.01
;WIDTH:0.803628
G1 X47.567 Y29.956 E.0094
;WIDTH:0.755752
G1 X47.69 Y29.932 E.00881
;WIDTH:0.707876
G1 X47.813 Y29.908 E.00821
;WIDTH:0.659999
G1 X351.45 Y29.908 E18.43559
;WIDTH:0.68804
G1 X351.819 Y29.923 E.02346
;WIDTH:0.716081
G1 X352.187 Y29.937 E.02442
;WIDTH:0.764551
G1 X352.283 Y29.961 E.00704
;WIDTH:0.81302
G1 X352.379 Y29.985 E.00752
;WIDTH:0.861489
G1 X352.475 Y30.009 E.008
;WIDTH:0.909958
G1 X352.572 Y30.033 E.00856
;WIDTH:0.958427
G1 X352.668 Y30.058 E.00898
G1 X352.924 Y30.052 E.02317
;WIDTH:0.947257
G1 X354.798 Y30.052 E.1675
G1 X354.798 Y30.948 E.08008
G1 X352.757 Y30.948 E.18242
G1 X352.667 Y31.031 E.01094
;WIDTH:0.899381
G1 X352.577 Y31.113 E.0103
;WIDTH:0.851505
G1 X352.487 Y31.196 E.00977
;WIDTH:0.803628
G1 X352.398 Y31.279 E.00913
;WIDTH:0.755752
G1 X352.308 Y31.362 E.0086
;WIDTH:0.707876
G1 X352.218 Y31.445 E.00802
;WIDTH:0.659999
G1 X352.077 Y31.727 E.01914
G1 X352.042 Y31.974 E.01515
G1 X352.042 Y367.992 E20.40163
G1 X342.865 Y367.992 E.55719
G1 X342.517 Y368.091 E.02197
G1 X342.251 Y368.304 E.02069
G1 X342.086 Y368.596 E.02036
G1 X342.042 Y368.874 E.01709
G1 X342.042 Y370.092 E.07395
G1 X205.958 Y370.092 E8.26246
G1 X205.958 Y368.874 E.07395
G1 X205.915 Y368.6 E.01684
G1 X205.834 Y368.423 E.01182
G1 X205.681 Y368.232 E.01486
G1 X205.429 Y368.065 E.01836
G1 X205.081 Y367.992 E.02159
G1 X200 Y367.992 E.3085
G1 X194.968 Y367.992 E.30552
G1 X194.612 Y368.094 E.02248
G1 X194.347 Y368.308 E.02068
G1 X194.185 Y368.6 E.02027
G1 X194.142 Y368.874 E.01684
G1 X194.142 Y370.092 E.07395
G1 X57.958 Y370.092 E8.26853
G1 X57.958 Y368.874 E.07395
G1 X57.914 Y368.596 E.01709
G1 X57.832 Y368.418 E.0119
G1 X57.677 Y368.228 E.01489
G1 X57.408 Y368.057 E.01935
G1 X57.076 Y367.992 E.02054
G1 X47.958 Y367.992 E.55361
G1 X47.958 Y31.974 E20.40163
G1 X47.923 Y31.727 E.01515
G1 X47.782 Y31.445 E.01914
G1 X47.755 Y31.422 E.00215
G1 X47.265 Y31.785 F9000
;TYPE:External perimeter
;WIDTH:0.629999
G1 F1500
G1 X47.212 Y31.719 E.00489
G1 X47.076 Y31.685 E.00809
G1 X44.465 Y31.685 E.15071
G1 X44.465 Y29.315 E.1368
G1 X355.535 Y29.315 E17.95573
G1 X355.535 Y31.685 E.1368
G1 X352.881 Y31.685 E.1532
G1 X352.693 Y31.801 E.01275
G1 X352.635 Y31.974 E.01053
G1 X352.635 Y368.585 E19.43002
G1 X342.887 Y368.585 E.56268
G1 X342.704 Y368.687 E.01209
G1 X342.635 Y368.874 E.01151
G1 X342.635 Y370.685 E.10454
G1 X205.365 Y370.685 E7.92356
G1 X205.365 Y368.805 E.10852
G1 X205.254 Y368.647 E.01115
G1 X205.079 Y368.585 E.01072
G1 X194.986 Y368.585 E.58259
G1 X194.802 Y368.689 E.0122
G1 X194.735 Y368.874 E.01136
G1 X194.735 Y370.685 E.10454
G1 X57.365 Y370.685 E7.92933
G1 X57.365 Y368.804 E.10858
G1 X57.253 Y368.645 E.01123
G1 X57.076 Y368.585 E.01079
G1 X47.365 Y368.585 E.56054
G1 X47.365 Y31.907 E19.43388
G1 X47.322 Y31.855 E.00389
G1 X48.655 Y30.377 F9000
;TYPE:Solid infill
;WIDTH:0.659999
G1 F2400
G1 X48.004 Y31.028 E.0559
;WIDTH:0.699485
G1 X47.866 Y30.894 E.01244
;WIDTH:0.738971
G1 X47.729 Y30.761 E.0131
;WIDTH:0.778456
G1 X47.591 Y30.628 E.0139
G1 X47.503 Y30.652 E.00662
G1 X47.439 Y30.588 E.00657
G1 X47.463 Y30.5 E.00662
G1 X47.55 Y30.476 E.00655
G1 X47.615 Y30.541 E.00667
G1 X48.349 Y31.543 F9000
;WIDTH:0.659999
G1 F2400
G1 X49.515 Y30.377 E.10012
G1 X50.376 Y30.377 E.05228
G1 X48.328 Y32.426 E.17589
;WIDTH:0.610752
G1 X48.229 Y32.527 E.00789
;WIDTH:0.561504
G1 X48.184 Y32.482 E.00324
G1 X48.122 Y32.499 E.00327
G1 X48.106 Y32.56 E.00321
G1 X48.151 Y32.605 E.00324
G1 X48.212 Y32.589 E.00321
;WIDTH:0.659999
G1 X48.427 Y33.186 E.03853
G1 X51.236 Y30.377 E.2412
G1 X52.097 Y30.377 E.05228
G1 X48.427 Y34.047 E.31513
G1 X48.427 Y34.907 E.05222
G1 X52.957 Y30.377 E.38897
G1 X53.818 Y30.377 E.05228
G1 X48.427 Y35.768 E.4629
G1 X48.427 Y36.628 E.05222
G1 X54.678 Y30.377 E.53674
G1 X55.539 Y30.377 E.05228
G1 X48.427 Y37.489 E.61067
G1 X48.427 Y38.349 E.05222
G1 X56.399 Y30.377 E.68452
G1 X57.26 Y30.377 E.05228
G1 X48.427 Y39.21 E.75845
G1 X48.427 Y40.071 E.05228
G1 X58.121 Y30.377 E.83238
G1 X58.981 Y30.377 E.05222
G1 X48.427 Y40.931 E.90622
G1 X48.427 Y41.792 E.05228
G1 X59.842 Y30.377 E.98015
G1 X60.702 Y30.377 E.05222
G1 X48.427 Y42.652 E1.054
G1 X48.427 Y43.513 E.05228
G1 X61.563 Y30.377 E1.12793
G1 X62.423 Y30.377 E.05222
G1 X48.427 Y44.373 E1.20177
G1 X48.427 Y45.234 E.05228
G1 X63.284 Y30.377 E1.2757
G1 X64.144 Y30.377 E.05222
G1 X48.427 Y46.094 E1.34954
G1 X48.427 Y46.955 E.05228
G1 X65.005 Y30.377 E1.42347
G1 X65.865 Y30.377 E.05222
G1 X48.427 Y47.815 E1.49732
G1 X48.427 Y48.676 E.05228
G1 X66.726 Y30.377 E1.57125
G1 X67.587 Y30.377 E.05228
G1 X48.427 Y49.537 E1.64518
G1 X48.427 Y50.397 E.05222
G1 X68.447 Y30.377 E1.71902
G1 X69.308 Y30.377 E.05228
G1 X48.427 Y51.258 E1.79295
G1 X48.427 Y52.118 E.05222
G1 X70.168 Y30.377 E1.8668
G1 X71.029 Y30.377 E.05228
G1 X48.427 Y52.979 E1.94073
G1 X48.427 Y53.839 E.05222
G1 X71.889 Y30.377 E2.01457
G1 X72.75 Y30.377 E.05228
G1 X48.427 Y54.7 E2.0885
G1 X48.427 Y55.56 E.05222
G1 X73.61 Y30.377 E2.16234
G1 X74.471 Y30.377 E.05228
G1 X48.427 Y56.421 E2.23627
G1 X48.427 Y57.281 E.05222
G1 X75.331 Y30.377 E2.31012
G1 X76.192 Y30.377 E.05228
G1 X48.427 Y58.142 E2.38405
G1 X48.427 Y59.002 E.05222
G1 X77.053 Y30.377 E2.45793
G1 X77.913 Y30.377 E.05222
G1 X48.427 Y59.863 E2.53182
G1 X48.427 Y60.724 E.05228
G1 X78.774 Y30.377 E2.60575
G1 X79.634 Y30.377 E.05222
G1 X48.427 Y61.584 E2.6796
G1 X48.427 Y62.445 E.05228
G1 X80.495 Y30.377 E2.75353
G1 X81.355 Y30.377 E.05222
G1 X48.427 Y63.305 E2.82737
G1 X48.427 Y64.166 E.05228
G1 X82.216 Y30.377 E2.9013
G1 X83.076 Y30.377 E.05222
G1 X48.427 Y65.026 E2.97514
G1 X48.427 Y65.887 E.05228
G1 X83.937 Y30.377 E3.04907
G1 X84.797 Y30.377 E.05222
G1 X48.427 Y66.747 E3.12292
G1 X48.427 Y67.608 E.05228
G1 X85.658 Y30.377 E3.19685
G1 X86.518 Y30.377 E.05222
G1 X48.427 Y68.468 E3.27069
G1 X48.427 Y69.329 E.05228
G1 X87.379 Y30.377 E3.34462
G1 X88.24 Y30.377 E.05228
G1 X48.427 Y70.19 E3.41855
G1 X48.427 Y71.05 E.05222
G1 X89.1 Y30.377 E3.4924
G1 X89.961 Y30.377 E.05228
G1 X48.427 Y71.911 E3.56633
G1 X48.427 Y72.771 E.05222
G1 X90.821 Y30.377 E3.64017
G1 X91.682 Y30.377 E.05228
G1 X48.427 Y73.632 E3.7141
G1 X48.427 Y74.492 E.05222
G1 X92.542 Y30.377 E3.78794
G1 X93.403 Y30.377 E.05228
G1 X48.427 Y75.353 E3.86187
G1 X48.427 Y76.213 E.05222
G1 X94.263 Y30.377 E3.93572
G1 X95.124 Y30.377 E.05228
G1 X48.427 Y77.074 E4.00965
G1 X48.427 Y77.934 E.05222
G1 X95.984 Y30.377 E4.08349
G1 X96.845 Y30.377 E.05228
G1 X48.427 Y78.795 E4.15742
G1 X48.427 Y79.655 E.05222
G1 X97.706 Y30.377 E4.23131
G1 X98.566 Y30.377 E.05222
G1 X48.427 Y80.516 E4.3052
G1 X48.427 Y81.377 E.05228
G1 X99.427 Y30.377 E4.37913
G1 X100.287 Y30.377 E.05222
G1 X48.427 Y82.237 E4.45297
G1 X48.427 Y83.098 E.05228
G1 X101.148 Y30.377 E4.5269
G1 X102.008 Y30.377 E.05222
G1 X48.427 Y83.958 E4.60074
G1 X48.427 Y84.819 E.05228
G1 X102.869 Y30.377 E4.67467
G1 X103.729 Y30.377 E.05222
G1 X48.427 Y85.679 E4.74852
G1 X48.427 Y86.54 E.05228
G1 X104.59 Y30.377 E4.82245
G1 X105.45 Y30.377 E.05222
G1 X48.427 Y87.4 E4.89629
G1 X48.427 Y88.261 E.05228
G1 X106.311 Y30.377 E4.97022
G1 X107.171 Y30.377 E.05222
G1 X48.427 Y89.121 E5.04407
G1 X48.427 Y89.982 E.05228
G1 X108.032 Y30.377 E5.118
G1 X108.893 Y30.377 E.05228
G1 X48.427 Y90.843 E5.19193
G1 X48.427 Y91.703 E.05222
G1 X109.753 Y30.377 E5.26577
G1 X110.614 Y30.377 E.05228
G1 X48.427 Y92.564 E5.3397
G1 X48.427 Y93.424 E.05222
G1 X111.474 Y30.377 E5.41354
G1 X112.335 Y30.377 E.05228
G1 X48.427 Y94.285 E5.48747
G1 X48.427 Y95.145 E.05222
G1 X113.195 Y30.377 E5.56132
G1 X114.056 Y30.377 E.05228
G1 X48.427 Y96.006 E5.63525
G1 X48.427 Y96.866 E.05222
G1 X114.916 Y30.377 E5.70909
G1 X115.777 Y30.377 E.05228
G1 X48.427 Y97.727 E5.78302
G1 X48.427 Y98.587 E.05222
G1 X116.637 Y30.377 E5.85687
G1 X117.498 Y30.377 E.05228
G1 X48.427 Y99.448 E5.9308
G1 X48.427 Y100.308 E.05222
G1 X118.359 Y30.377 E6.00468
G1 X119.219 Y30.377 E.05222
G1 X48.427 Y101.169 E6.07857
G1 X48.427 Y102.03 E.05228
G1 X120.08 Y30.377 E6.1525
G1 X120.94 Y30.377 E.05222
G1 X48.427 Y102.89 E6.22634
G1 X48.427 Y103.751 E.05228
G1 X121.801 Y30.377 E6.30027
G1 X122.661 Y30.377 E.05222
G1 X48.427 Y104.611 E6.37412
G1 X48.427 Y105.472 E.05228
G1 X123.522 Y30.377 E6.44805
G1 X124.382 Y30.377 E.05222
G1 X48.427 Y106.332 E6.52189
G1 X48.427 Y107.193 E.05228
G1 X125.243 Y30.377 E6.59582
G1 X126.103 Y30.377 E.05222
G1 X48.427 Y108.053 E6.66967
G1 X48.427 Y108.914 E.05228
G1 X126.964 Y30.377 E6.7436
G1 X127.824 Y30.377 E.05222
G1 X48.427 Y109.774 E6.81744
G1 X48.427 Y110.635 E.05228
G1 X128.685 Y30.377 E6.89137
G1 X129.546 Y30.377 E.05228
G1 X48.427 Y111.496 E6.9653
G1 X48.427 Y112.356 E.05222
G1 X130.406 Y30.377 E7.03914
G1 X131.267 Y30.377 E.05228
G1 X48.427 Y113.217 E7.11307
G1 X48.427 Y114.077 E.05222
G1 X132.127 Y30.377 E7.18692
G1 X132.988 Y30.377 E.05228
G1 X48.427 Y114.938 E7.26085
G1 X48.427 Y115.798 E.05222
G1 X133.848 Y30.377 E7.33469
G1 X134.709 Y30.377 E.05228
G1 X48.427 Y116.659 E7.40862
G1 X48.427 Y117.519 E.05222
G1 X135.569 Y30.377 E7.48247
G1 X136.43 Y30.377 E.05228
G1 X48.427 Y118.38 E7.5564
G1 X48.427 Y119.24 E.05222
G1 X137.29 Y30.377 E7.63024
G1 X138.151 Y30.377 E.05228
G1 X48.427 Y120.101 E7.70417
G1 X48.427 Y120.961 E.05222
G1 X139.012 Y30.377 E7.77806
G1 X139.872 Y30.377 E.05222
G1 X48.427 Y121.822 E7.85194
G1 X48.427 Y122.683 E.05228
G1 X140.733 Y30.377 E7.92587
G1 X141.593 Y30.377 E.05222
G1 X48.427 Y123.543 E7.99972
G1 X48.427 Y124.404 E.05228
G1 X142.454 Y30.377 E8.07365
G1 X143.314 Y30.377 E.05222
G1 X48.427 Y125.264 E8.14749
G1 X48.427 Y126.125 E.05228
G1 X144.175 Y30.377 E8.22142
G1 X145.035 Y30.377 E.05222
G1 X48.427 Y126.985 E8.29527
G1 X48.427 Y127.846 E.05228
G1 X145.896 Y30.377 E8.3692
G1 X146.756 Y30.377 E.05222
G1 X48.427 Y128.706 E8.44304
G1 X48.427 Y129.567 E.05228
G1 X147.617 Y30.377 E8.51697
G1 X148.477 Y30.377 E.05222
G1 X48.427 Y130.427 E8.59082
G1 X48.427 Y131.288 E.05228
G1 X149.338 Y30.377 E8.66475
G1 X150.199 Y30.377 E.05228
G1 X48.427 Y132.149 E8.73867
G1 X48.427 Y133.009 E.05222
G1 X151.059 Y30.377 E8.81252
G1 X151.92 Y30.377 E.05228
G1 X48.427 Y133.87 E8.88645
G1 X48.427 Y134.73 E.05222
G1 X152.78 Y30.377 E8.96029
G1 X153.641 Y30.377 E.05228
G1 X48.427 Y135.591 E9.03422
G1 X48.427 Y136.451 E.05222
G1 X154.501 Y30.377 E9.10807
G1 X155.362 Y30.377 E.05228
G1 X48.427 Y137.312 E9.182
G1 X48.427 Y138.172 E.05222
G1 X156.222 Y30.377 E9.25584
G1 X157.083 Y30.377 E.05228
G1 X48.427 Y139.033 E9.32977
G1 X48.427 Y139.893 E.05222
G1 X157.943 Y30.377 E9.40362
G1 X158.804 Y30.377 E.05228
G1 X48.427 Y140.754 E9.47755
G1 X48.427 Y141.614 E.05222
G1 X159.665 Y30.377 E9.55143
G1 X160.525 Y30.377 E.05222
G1 X48.427 Y142.475 E9.62532
G1 X48.427 Y143.336 E.05228
G1 X161.386 Y30.377 E9.69925
G1 X162.246 Y30.377 E.05222
G1 X48.427 Y144.196 E9.77309
G1 X48.427 Y145.057 E.05228
G1 X163.107 Y30.377 E9.84702
G1 X163.967 Y30.377 E.05222
G1 X48.427 Y145.917 E9.92087
G1 X48.427 Y146.778 E.05228
G1 X164.828 Y30.377 E9.9948
G1 X165.688 Y30.377 E.05222
G1 X48.427 Y147.638 E10.06864
G1 X48.427 Y148.499 E.05228
G1 X166.549 Y30.377 E10.14257
G1 X167.409 Y30.377 E.05222
G1 X48.427 Y149.359 E10.21642
G1 X48.427 Y150.22 E.05228
G1 X168.27 Y30.377 E10.29035
G1 X169.13 Y30.377 E.05222
G1 X48.427 Y151.08 E10.36419
G1 X48.427 Y151.941 E.05228
G1 X169.991 Y30.377 E10.43812
G1 X170.852 Y30.377 E.05228
G1 X48.427 Y152.802 E10.51205
G1 X48.427 Y153.662 E.05222
G1 X171.712 Y30.377 E10.58589
G1 X172.573 Y30.377 E.05228
G1 X48.427 Y154.523 E10.65982
G1 X48.427 Y155.383 E.05222
G1 X173.433 Y30.377 E10.73367
G1 X174.294 Y30.377 E.05228
G1 X48.427 Y156.244 E10.8076
G1 X48.427 Y157.104 E.05222
G1 X175.154 Y30.377 E10.88144
G1 X176.015 Y30.377 E.05228
G1 X48.427 Y157.965 E10.95537
G1 X48.427 Y158.825 E.05222
G1 X176.875 Y30.377 E11.02922
G1 X177.736 Y30.377 E.05228
G1 X48.427 Y159.686 E11.10315
G1 X48.427 Y160.546 E.05222
G1 X178.596 Y30.377 E11.17699
G1 X179.457 Y30.377 E.05228
G1 X48.427 Y161.407 E11.25092
G1 X48.427 Y162.267 E.05222
G1 X180.318 Y30.377 E11.32481
G1 X181.178 Y30.377 E.05222
G1 X48.427 Y163.128 E11.39869
G1 X48.427 Y163.989 E.05228
G1 X182.039 Y30.377 E11.47262
G1 X182.899 Y30.377 E.05222
G1 X48.427 Y164.849 E11.54647
G1 X48.427 Y165.71 E.05228
G1 X183.76 Y30.377 E11.6204
G1 X184.62 Y30.377 E.05222
G1 X48.427 Y166.57 E11.69424
G1 X48.427 Y167.431 E.05228
G1 X185.481 Y30.377 E11.76817
G1 X186.341 Y30.377 E.05222
G1 X48.427 Y168.291 E11.84202
G1 X48.427 Y169.152 E.05228
G1 X187.202 Y30.377 E11.91595
G1 X188.062 Y30.377 E.05222
G1 X48.427 Y170.012 E11.98979
G1 X48.427 Y170.873 E.05228
G1 X188.923 Y30.377 E12.06372
G1 X189.784 Y30.377 E.05228
G1 X48.427 Y171.733 E12.13761
G1 X48.427 Y172.594 E.05228
G1 X190.644 Y30.377 E12.21149
G1 X191.505 Y30.377 E.05228
G1 X48.427 Y173.455 E12.28542
G1 X48.427 Y174.315 E.05222
G1 X192.365 Y30.377 E12.35927
G1 X193.226 Y30.377 E.05228
G1 X48.427 Y175.176 E12.4332
G1 X48.427 Y176.036 E.05222
G1 X194.086 Y30.377 E12.50704
G1 X194.947 Y30.377 E.05228
G1 X48.427 Y176.897 E12.58097
G1 X48.427 Y177.757 E.05222
G1 X195.807 Y30.377 E12.65482
G1 X196.668 Y30.377 E.05228
G1 X48.427 Y178.618 E12.72875
G1 X48.427 Y179.478 E.05222
G1 X197.528 Y30.377 E12.80259
G1 X198.389 Y30.377 E.05228
G1 X48.427 Y180.339 E12.87652
G1 X48.427 Y181.199 E.05222
G1 X199.249 Y30.377 E12.95036
G1 X200.11 Y30.377 E.05228
G1 X48.427 Y182.06 E13.02429
G1 X48.427 Y182.921 E.05228
G1 X200.971 Y30.377 E13.09822
G1 X201.831 Y30.377 E.05222
G1 X48.427 Y183.781 E13.17207
G1 X48.427 Y184.642 E.05228
G1 X202.692 Y30.377 E13.246
G1 X203.552 Y30.377 E.05222
G1 X48.427 Y185.502 E13.31984
G1 X48.427 Y186.363 E.05228
G1 X204.413 Y30.377 E13.39377
G1 X205.273 Y30.377 E.05222
G1 X48.427 Y187.223 E13.46762
G1 X48.427 Y188.084 E.05228
G1 X206.134 Y30.377 E13.54155
G1 X206.994 Y30.377 E.05222
G1 X48.427 Y188.944 E13.61539
G1 X48.427 Y189.805 E.05228
G1 X207.855 Y30.377 E13.68932
G1 X208.715 Y30.377 E.05222
G1 X48.427 Y190.665 E13.76316
G1 X48.427 Y191.526 E.05228
G1 X209.576 Y30.377 E13.83709
G1 X210.437 Y30.377 E.05228
G1 X48.427 Y192.386 E13.91098
G1 X48.427 Y193.247 E.05228
G1 X211.297 Y30.377 E13.98487
G1 X212.158 Y30.377 E.05228
G1 X48.427 Y194.108 E14.0588
G1 X48.427 Y194.968 E.05222
G1 X213.018 Y30.377 E14.13264
G1 X213.879 Y30.377 E.05228
G1 X48.427 Y195.829 E14.20657
G1 X48.427 Y196.689 E.05222
G1 X214.739 Y30.377 E14.28042
G1 X215.6 Y30.377 E.05228
G1 X48.427 Y197.55 E14.35435
G1 X48.427 Y198.41 E.05222
G1 X216.46 Y30.377 E14.42819
G1 X217.321 Y30.377 E.05228
G1 X48.427 Y199.271 E14.50212
G1 X48.427 Y200.131 E.05222
G1 X218.181 Y30.377 E14.57596
G1 X219.042 Y30.377 E.05228
G1 X48.427 Y200.992 E14.64989
G1 X48.427 Y201.852 E.05222
G1 X219.902 Y30.377 E14.72374
G1 X220.763 Y30.377 E.05228
G1 X48.427 Y202.713 E14.79767
G1 X48.427 Y203.574 E.05228
G1 X221.624 Y30.377 E14.8716
G1 X222.484 Y30.377 E.05222
G1 X48.427 Y204.434 E14.94544
G1 X48.427 Y205.295 E.05228
G1 X223.345 Y30.377 E15.01937
G1 X224.205 Y30.377 E.05222
G1 X48.427 Y206.155 E15.09322
G1 X48.427 Y207.016 E.05228
G1 X225.066 Y30.377 E15.16715
G1 X225.926 Y30.377 E.05222
G1 X48.427 Y207.876 E15.24099
G1 X48.427 Y208.737 E.05228
G1 X226.787 Y30.377 E15.31492
G1 X227.647 Y30.377 E.05222
G1 X48.427 Y209.597 E15.38876
G1 X48.427 Y210.458 E.05228
G1 X228.508 Y30.377 E15.46269
G1 X229.368 Y30.377 E.05222
G1 X48.427 Y211.318 E15.53654
G1 X48.427 Y212.179 E.05228
G1 X230.229 Y30.377 E15.61047
G1 X231.09 Y30.377 E.05228
G1 X48.427 Y213.039 E15.68436
G1 X48.427 Y213.9 E.05228
G1 X231.95 Y30.377 E15.75824
G1 X232.811 Y30.377 E.05228
G1 X48.427 Y214.761 E15.83217
G1 X48.427 Y215.621 E.05222
G1 X233.671 Y30.377 E15.90602
G1 X234.532 Y30.377 E.05228
G1 X48.427 Y216.482 E15.97995
G1 X48.427 Y217.342 E.05222
G1 X235.392 Y30.377 E16.05379
G1 X236.253 Y30.377 E.05228
G1 X48.427 Y218.203 E16.12772
G1 X48.427 Y219.063 E.05222
G1 X237.113 Y30.377 E16.20156
G1 X237.974 Y30.377 E.05228
G1 X48.427 Y219.924 E16.27549
G1 X48.427 Y220.784 E.05222
G1 X238.834 Y30.377 E16.34934
G1 X239.695 Y30.377 E.05228
G1 X48.427 Y221.645 E16.42327
G1 X48.427 Y222.505 E.05222
G1 X240.555 Y30.377 E16.49711
G1 X241.416 Y30.377 E.05228
G1 X48.427 Y223.366 E16.57104
G1 X48.427 Y224.227 E.05228
G1 X242.277 Y30.377 E16.64497
G1 X243.137 Y30.377 E.05222
G1 X48.427 Y225.087 E16.71882
G1 X48.427 Y225.948 E.05228
G1 X243.998 Y30.377 E16.79275
G1 X244.858 Y30.377 E.05222
G1 X48.427 Y226.808 E16.86659
G1 X48.427 Y227.669 E.05228
G1 X245.719 Y30.377 E16.94052
G1 X246.579 Y30.377 E.05222
G1 X48.427 Y228.529 E17.01436
G1 X48.427 Y229.39 E.05228
G1 X247.44 Y30.377 E17.08829
G1 X248.3 Y30.377 E.05222
G1 X48.427 Y230.25 E17.16214
G1 X48.427 Y231.111 E.05228
G1 X249.161 Y30.377 E17.23607
G1 X250.021 Y30.377 E.05222
G1 X48.427 Y231.971 E17.30991
G1 X48.427 Y232.832 E.05228
G1 X250.882 Y30.377 E17.38384
G1 X251.743 Y30.377 E.05228
G1 X48.427 Y233.692 E17.45773
G1 X48.427 Y234.553 E.05228
G1 X252.603 Y30.377 E17.53162
G1 X253.464 Y30.377 E.05228
G1 X48.427 Y235.414 E17.60555
G1 X48.427 Y236.274 E.05222
G1 X254.324 Y30.377 E17.67939
G1 X255.185 Y30.377 E.05228
G1 X48.427 Y237.135 E17.75332
G1 X48.427 Y237.995 E.05222
G1 X256.045 Y30.377 E17.82716
G1 X256.906 Y30.377 E.05228
G1 X48.427 Y238.856 E17.90109
G1 X48.427 Y239.716 E.05222
G1 X257.766 Y30.377 E17.97494
G1 X258.627 Y30.377 E.05228
G1 X48.427 Y240.577 E18.04887
G1 X48.427 Y241.437 E.05222
G1 X259.487 Y30.377 E18.12271
G1 X260.348 Y30.377 E.05228
G1 X48.427 Y242.298 E18.19664
G1 X48.427 Y243.158 E.05222
G1 X261.208 Y30.377 E18.27049
G1 X262.069 Y30.377 E.05228
G1 X48.427 Y244.019 E18.34442
G1 X48.427 Y244.88 E.05228
G1 X262.93 Y30.377 E18.41835
G1 X263.79 Y30.377 E.05222
G1 X48.427 Y245.74 E18.49219
G1 X48.427 Y246.601 E.05228
G1 X264.651 Y30.377 E18.56612
G1 X265.511 Y30.377 E.05222
G1 X48.427 Y247.461 E18.63996
G1 X48.427 Y248.322 E.05228
G1 X266.372 Y30.377 E18.71389
G1 X267.232 Y30.377 E.05222
G1 X48.427 Y249.182 E18.78774
G1 X48.427 Y250.043 E.05228
G1 X268.093 Y30.377 E18.86167
G1 X268.953 Y30.377 E.05222
G1 X48.427 Y250.903 E18.93551
G1 X48.427 Y251.764 E.05228
G1 X269.814 Y30.377 E19.00944
G1 X270.674 Y30.377 E.05222
G1 X48.427 Y252.624 E19.08329
G1 X48.427 Y253.485 E.05228
G1 X271.535 Y30.377 E19.15722
G1 X272.396 Y30.377 E.05228
G1 X48.427 Y254.345 E19.2311
G1 X48.427 Y255.206 E.05228
G1 X273.256 Y30.377 E19.30499
G1 X274.117 Y30.377 E.05228
G1 X48.427 Y256.067 E19.37892
G1 X48.427 Y256.927 E.05222
G1 X274.977 Y30.377 E19.45277
G1 X275.838 Y30.377 E.05228
G1 X48.427 Y257.788 E19.5267
G1 X48.427 Y258.648 E.05222
G1 X276.698 Y30.377 E19.60054
G1 X277.559 Y30.377 E.05228
G1 X48.427 Y259.509 E19.67447
G1 X48.427 Y260.369 E.05222
G1 X278.419 Y30.377 E19.74831
G1 X279.28 Y30.377 E.05228
G1 X48.427 Y261.23 E19.82224
G1 X48.427 Y262.09 E.05222
G1 X280.14 Y30.377 E19.89609
G1 X281.001 Y30.377 E.05228
G1 X48.427 Y262.951 E19.97002
G1 X48.427 Y263.811 E.05222
G1 X281.862 Y30.377 E20.0439
G1 X282.722 Y30.377 E.05222
G1 X48.427 Y264.672 E20.11779
G1 X48.427 Y265.533 E.05228
G1 X283.583 Y30.377 E20.19172
G1 X284.443 Y30.377 E.05222
G1 X48.427 Y266.393 E20.26557
G1 X48.427 Y267.254 E.05228
G1 X285.304 Y30.377 E20.3395
G1 X286.164 Y30.377 E.05222
G1 X48.427 Y268.114 E20.41334
G1 X48.427 Y268.975 E.05228
G1 X287.025 Y30.377 E20.48727
G1 X287.885 Y30.377 E.05222
G1 X48.427 Y269.835 E20.56111
G1 X48.427 Y270.696 E.05228
G1 X288.746 Y30.377 E20.63504
G1 X289.606 Y30.377 E.05222
G1 X48.427 Y271.556 E20.70889
G1 X48.427 Y272.417 E.05228
G1 X290.467 Y30.377 E20.78282
G1 X291.327 Y30.377 E.05222
G1 X48.427 Y273.277 E20.85666
G1 X48.427 Y274.138 E.05228
G1 X292.188 Y30.377 E20.93059
G1 X293.049 Y30.377 E.05228
G1 X48.427 Y274.998 E21.00448
G1 X48.427 Y275.859 E.05228
G1 X293.909 Y30.377 E21.07837
G1 X294.77 Y30.377 E.05228
G1 X48.427 Y276.72 E21.1523
G1 X48.427 Y277.58 E.05222
G1 X295.63 Y30.377 E21.22614
G1 X296.491 Y30.377 E.05228
G1 X48.427 Y278.441 E21.30007
G1 X48.427 Y279.301 E.05222
G1 X297.351 Y30.377 E21.37391
G1 X298.212 Y30.377 E.05228
G1 X48.427 Y280.162 E21.44784
G1 X48.427 Y281.022 E.05222
G1 X299.072 Y30.377 E21.52169
G1 X299.933 Y30.377 E.05228
G1 X48.427 Y281.883 E21.59562
G1 X48.427 Y282.743 E.05222
G1 X300.793 Y30.377 E21.66946
G1 X301.654 Y30.377 E.05228
G1 X48.427 Y283.604 E21.74339
G1 X48.427 Y284.464 E.05222
G1 X302.515 Y30.377 E21.81728
G1 X303.375 Y30.377 E.05222
G1 X48.427 Y285.325 E21.89117
G1 X48.427 Y286.186 E.05228
G1 X304.236 Y30.377 E21.9651
G1 X305.096 Y30.377 E.05222
G1 X48.427 Y287.046 E22.03894
G1 X48.427 Y287.907 E.05228
G1 X305.957 Y30.377 E22.11287
G1 X306.817 Y30.377 E.05222
G1 X48.427 Y288.767 E22.18671
G1 X48.427 Y289.628 E.05228
G1 X307.678 Y30.377 E22.26064
G1 X308.538 Y30.377 E.05222
G1 X48.427 Y290.488 E22.33449
G1 X48.427 Y291.349 E.05228
G1 X309.399 Y30.377 E22.40842
G1 X310.259 Y30.377 E.05222
G1 X48.427 Y292.209 E22.48226
G1 X48.427 Y293.07 E.05228
G1 X311.12 Y30.377 E22.55619
G1 X311.98 Y30.377 E.05222
G1 X48.427 Y293.93 E22.63004
G1 X48.427 Y294.791 E.05228
G1 X312.841 Y30.377 E22.70397
G1 X313.702 Y30.377 E.05228
G1 X48.427 Y295.651 E22.77785
G1 X48.427 Y296.512 E.05228
G1 X314.562 Y30.377 E22.85174
G1 X315.423 Y30.377 E.05228
G1 X48.427 Y297.373 E22.92567
G1 X48.427 Y298.233 E.05222
G1 X316.283 Y30.377 E22.99951
G1 X317.144 Y30.377 E.05228
G1 X48.427 Y299.094 E23.07344
G1 X48.427 Y299.954 E.05222
G1 X318.004 Y30.377 E23.14729
G1 X318.865 Y30.377 E.05228
G1 X48.427 Y300.815 E23.22122
G1 X48.427 Y301.675 E.05222
G1 X319.725 Y30.377 E23.29506
G1 X320.586 Y30.377 E.05228
G1 X48.427 Y302.536 E23.36899
G1 X48.427 Y303.396 E.05222
G1 X321.446 Y30.377 E23.44284
G1 X322.307 Y30.377 E.05228
G1 X48.427 Y304.257 E23.51677
G1 X48.427 Y305.117 E.05222
G1 X323.168 Y30.377 E23.59065
G1 X324.028 Y30.377 E.05222
G1 X48.427 Y305.978 E23.66454
G1 X48.427 Y306.839 E.05228
G1 X324.889 Y30.377 E23.73847
G1 X325.749 Y30.377 E.05222
G1 X48.427 Y307.699 E23.81231
G1 X48.427 Y308.56 E.05228
G1 X326.61 Y30.377 E23.88624
G1 X327.47 Y30.377 E.05222
G1 X48.427 Y309.42 E23.96009
G1 X48.427 Y310.281 E.05228
G1 X328.331 Y30.377 E24.03402
G1 X329.191 Y30.377 E.05222
G1 X48.427 Y311.141 E24.10786
G1 X48.427 Y312.002 E.05228
G1 X330.052 Y30.377 E24.18179
G1 X330.912 Y30.377 E.05222
G1 X48.427 Y312.862 E24.25564
G1 X48.427 Y313.723 E.05228
G1 X331.773 Y30.377 E24.32957
G1 X332.633 Y30.377 E.05222
G1 X48.427 Y314.583 E24.40341
G1 X48.427 Y315.444 E.05228
G1 X333.494 Y30.377 E24.47734
G1 X334.355 Y30.377 E.05228
G1 X48.427 Y316.304 E24.55123
G1 X48.427 Y317.165 E.05228
G1 X335.215 Y30.377 E24.62511
G1 X336.076 Y30.377 E.05228
G1 X48.427 Y318.026 E24.69904
G1 X48.427 Y318.886 E.05222
G1 X336.936 Y30.377 E24.77289
G1 X337.797 Y30.377 E.05228
G1 X48.427 Y319.747 E24.84682
G1 X48.427 Y320.607 E.05222
G1 X338.657 Y30.377 E24.92066
G1 X339.518 Y30.377 E.05228
G1 X48.427 Y321.468 E24.99459
G1 X48.427 Y322.328 E.05222
G1 X340.378 Y30.377 E25.06844
G1 X341.239 Y30.377 E.05228
G1 X48.427 Y323.189 E25.14237
G1 X48.427 Y324.049 E.05222
G1 X342.099 Y30.377 E25.21621
G1 X342.96 Y30.377 E.05228
G1 X48.427 Y324.91 E25.29014
G1 X48.427 Y325.77 E.05222
G1 X343.821 Y30.377 E25.36403
G1 X344.681 Y30.377 E.05222
G1 X48.427 Y326.631 E25.43791
G1 X48.427 Y327.492 E.05228
G1 X345.542 Y30.377 E25.51184
G1 X346.402 Y30.377 E.05222
G1 X48.427 Y328.352 E25.58569
G1 X48.427 Y329.213 E.05228
G1 X347.263 Y30.377 E25.65962
G1 X348.123 Y30.377 E.05222
G1 X48.427 Y330.073 E25.73346
G1 X48.427 Y330.934 E.05228
G1 X348.984 Y30.377 E25.80739
G1 X349.844 Y30.377 E.05222
G1 X48.427 Y331.794 E25.88124
G1 X48.427 Y332.655 E.05228
G1 X350.705 Y30.377 E25.95517
G1 X351.557 Y30.386 E.05173
G1 X48.427 Y333.515 E26.02828
G1 X48.427 Y334.376 E.05228
G1 X352.295 Y30.507 E26.09173
G1 X351.839 Y31.644 F9000
;WIDTH:0.561504
G1 F2400
G1 X351.794 Y31.599 E.00324
G1 X351.732 Y31.615 E.00326
G1 X351.716 Y31.677 E.00326
G1 X351.761 Y31.722 E.00324
G1 X351.823 Y31.705 E.00327
;WIDTH:0.610752
G1 X351.698 Y31.898 E.01283
;WIDTH:0.659999
G1 X351.573 Y32.091 E.01396
G1 X48.427 Y335.236 E26.02965
G1 X48.427 Y336.097 E.05228
G1 X351.573 Y32.951 E26.0297
G1 X351.573 Y33.812 E.05228
G1 X48.427 Y336.957 E26.02965
G1 X48.427 Y337.818 E.05228
G1 X351.573 Y34.672 E26.0297
G1 X351.573 Y35.533 E.05228
G1 X48.427 Y338.679 E26.0297
G1 X48.427 Y339.539 E.05222
G1 X351.573 Y36.393 E26.0297
G1 X351.573 Y37.254 E.05228
G1 X48.427 Y340.4 E26.0297
G1 X48.427 Y341.26 E.05222
G1 X351.573 Y38.114 E26.0297
G1 X351.573 Y38.975 E.05228
G1 X48.427 Y342.121 E26.0297
G1 X48.427 Y342.981 E.05222
G1 X351.573 Y39.835 E26.0297
G1 X351.573 Y40.696 E.05228
G1 X48.427 Y343.842 E26.0297
G1 X48.427 Y344.702 E.05222
G1 X351.573 Y41.557 E26.02965
G1 X351.573 Y42.417 E.05222
G1 X48.427 Y345.563 E26.0297
G1 X48.427 Y346.423 E.05222
G1 X351.573 Y43.278 E26.02965
G1 X351.573 Y44.138 E.05222
G1 X48.427 Y347.284 E26.0297
G1 X48.427 Y348.145 E.05228
G1 X351.573 Y44.999 E26.0297
G1 X351.573 Y45.859 E.05222
G1 X48.427 Y349.005 E26.0297
G1 X48.427 Y349.866 E.05228
G1 X351.573 Y46.72 E26.0297
G1 X351.573 Y47.58 E.05222
G1 X48.427 Y350.726 E26.0297
G1 X48.427 Y351.587 E.05228
G1 X351.573 Y48.441 E26.0297
G1 X351.573 Y49.301 E.05222
G1 X48.427 Y352.447 E26.0297
G1 X48.427 Y353.308 E.05228
G1 X351.573 Y50.162 E26.0297
G1 X351.573 Y51.022 E.05222
G1 X48.427 Y354.168 E26.0297
G1 X48.427 Y355.029 E.05228
G1 X351.573 Y51.883 E26.0297
G1 X351.573 Y52.744 E.05228
G1 X48.427 Y355.889 E26.02965
G1 X48.427 Y356.75 E.05228
G1 X351.573 Y53.604 E26.0297
G1 X351.573 Y54.465 E.05228
G1 X48.427 Y357.61 E26.02965
G1 X48.427 Y358.471 E.05228
G1 X351.573 Y55.325 E26.0297
G1 X351.573 Y56.186 E.05228
G1 X48.427 Y359.332 E26.0297
G1 X48.427 Y360.192 E.05222
G1 X351.573 Y57.046 E26.0297
G1 X351.573 Y57.907 E.05228
G1 X48.427 Y361.053 E26.0297
G1 X48.427 Y361.913 E.05222
G1 X351.573 Y58.767 E26.0297
G1 X351.573 Y59.628 E.05228
G1 X48.427 Y362.774 E26.0297
G1 X48.427 Y363.634 E.05222
G1 X351.573 Y60.488 E26.0297
G1 X351.573 Y61.349 E.05228
G1 X48.427 Y364.495 E26.0297
G1 X48.427 Y365.355 E.05222
G1 X351.573 Y62.21 E26.02965
G1 X351.573 Y63.07 E.05222
G1 X48.427 Y366.216 E26.0297
G1 X48.346 Y367.694 F9000
;WIDTH:0.561504
G1 F2400
G1 X48.284 Y367.711 E.00327
G1 X48.239 Y367.666 E.00324
G1 X48.256 Y367.604 E.00327
G1 X48.317 Y367.588 E.00321
G1 X48.362 Y367.633 E.00324
;WIDTH:0.610752
G1 X48.395 Y367.355 E.01562
;WIDTH:0.659999
G1 X48.427 Y367.076 E.01705
G1 X351.573 Y63.931 E26.02965
G1 X351.573 Y64.791 E.05222
G1 X48.841 Y367.523 E25.99415
G1 X49.702 Y367.523 E.05228
G1 X351.573 Y65.652 E25.92022
G1 X351.573 Y66.512 E.05222
G1 X50.562 Y367.523 E25.84638
G1 X51.423 Y367.523 E.05228
G1 X351.573 Y67.373 E25.77245
G1 X351.573 Y68.233 E.05222
G1 X52.283 Y367.523 E25.6986
G1 X53.144 Y367.523 E.05228
G1 X351.573 Y69.094 E25.62467
G1 X351.573 Y69.954 E.05222
G1 X54.004 Y367.523 E25.55083
G1 X54.865 Y367.523 E.05228
G1 X351.573 Y70.815 E25.4769
G1 X351.573 Y71.675 E.05222
G1 X55.725 Y367.523 E25.40305
G1 X56.586 Y367.523 E.05228
G1 X351.573 Y72.536 E25.32912
G1 X351.573 Y73.397 E.05228
G1 X57.403 Y367.566 E25.25893
G1 X57.967 Y367.863 E.0387
G1 X351.573 Y74.257 E25.21054
G1 X351.573 Y75.118 E.05228
G1 X58.322 Y368.368 E25.18002
G1 X58.427 Y369.124 E.04634
G1 X351.573 Y75.978 E25.17105
G1 X351.573 Y76.839 E.05228
G1 X58.789 Y369.623 E25.13996
G1 X58.574 Y369.68 E.0135
;WIDTH:0.610752
G1 X58.358 Y369.737 E.01247
;WIDTH:0.561504
G1 X58.313 Y369.692 E.00324
G1 X58.252 Y369.708 E.00321
G1 X58.235 Y369.77 E.00327
G1 X58.28 Y369.815 E.00324
G1 X58.342 Y369.798 E.00327
G1 X59.649 Y369.623 F9000
;WIDTH:0.659999
G1 F2400
G1 X351.573 Y77.699 E25.06612
G1 X351.573 Y78.56 E.05228
G1 X60.51 Y369.623 E24.99219
G1 X61.37 Y369.623 E.05222
G1 X351.573 Y79.42 E24.91834
G1 X351.573 Y80.281 E.05228
G1 X62.231 Y369.623 E24.84441
G1 X63.091 Y369.623 E.05222
G1 X351.573 Y81.141 E24.77057
G1 X351.573 Y82.002 E.05228
G1 X63.952 Y369.623 E24.69664
G1 X64.812 Y369.623 E.05222
G1 X351.573 Y82.863 E24.62275
G1 X351.573 Y83.723 E.05222
G1 X65.673 Y369.623 E24.54887
G1 X66.534 Y369.623 E.05228
G1 X351.573 Y84.584 E24.47494
G1 X351.573 Y85.444 E.05222
G1 X67.394 Y369.623 E24.40109
G1 X68.255 Y369.623 E.05228
G1 X351.573 Y86.305 E24.32716
G1 X351.573 Y87.165 E.05222
G1 X69.115 Y369.623 E24.25332
G1 X69.976 Y369.623 E.05228
G1 X351.573 Y88.026 E24.17939
G1 X351.573 Y88.886 E.05222
G1 X70.836 Y369.623 E24.10554
G1 X71.697 Y369.623 E.05228
G1 X351.573 Y89.747 E24.03161
G1 X351.573 Y90.607 E.05222
G1 X72.557 Y369.623 E23.95777
G1 X73.418 Y369.623 E.05228
G1 X351.573 Y91.468 E23.88384
G1 X351.573 Y92.328 E.05222
G1 X74.278 Y369.623 E23.81
G1 X75.139 Y369.623 E.05228
G1 X351.573 Y93.189 E23.73607
G1 X351.573 Y94.05 E.05228
G1 X75.999 Y369.623 E23.66218
G1 X76.86 Y369.623 E.05228
G1 X351.573 Y94.91 E23.58829
G1 X351.573 Y95.771 E.05228
G1 X77.721 Y369.623 E23.51436
G1 X78.581 Y369.623 E.05222
G1 X351.573 Y96.631 E23.44052
G1 X351.573 Y97.492 E.05228
G1 X79.442 Y369.623 E23.36659
G1 X80.302 Y369.623 E.05222
G1 X351.573 Y98.352 E23.29274
G1 X351.573 Y99.213 E.05228
G1 X81.163 Y369.623 E23.21881
G1 X82.023 Y369.623 E.05222
G1 X351.573 Y100.073 E23.14497
G1 X351.573 Y100.934 E.05228
G1 X82.884 Y369.623 E23.07104
G1 X83.744 Y369.623 E.05222
G1 X351.573 Y101.794 E22.9972
G1 X351.573 Y102.655 E.05228
G1 X84.605 Y369.623 E22.92327
G1 X85.465 Y369.623 E.05222
G1 X351.573 Y103.516 E22.84938
G1 X351.573 Y104.376 E.05222
G1 X86.326 Y369.623 E22.77549
G1 X87.187 Y369.623 E.05228
G1 X351.573 Y105.237 E22.70156
G1 X351.573 Y106.097 E.05222
G1 X88.047 Y369.623 E22.62772
G1 X88.908 Y369.623 E.05228
G1 X351.573 Y106.958 E22.55379
G1 X351.573 Y107.818 E.05222
G1 X89.768 Y369.623 E22.47994
G1 X90.629 Y369.623 E.05228
G1 X351.573 Y108.679 E22.40601
G1 X351.573 Y109.539 E.05222
G1 X91.489 Y369.623 E22.33217
G1 X92.35 Y369.623 E.05228
G1 X351.573 Y110.4 E22.25824
G1 X351.573 Y111.26 E.05222
G1 X93.21 Y369.623 E22.1844
G1 X94.071 Y369.623 E.05228
G1 X351.573 Y112.121 E22.11047
G1 X351.573 Y112.981 E.05222
G1 X94.931 Y369.623 E22.03662
G1 X95.792 Y369.623 E.05228
G1 X351.573 Y113.842 E21.96269
G1 X351.573 Y114.703 E.05228
G1 X96.652 Y369.623 E21.8888
G1 X97.513 Y369.623 E.05228
G1 X351.573 Y115.563 E21.81492
G1 X351.573 Y116.424 E.05228
G1 X98.374 Y369.623 E21.74099
G1 X99.234 Y369.623 E.05222
G1 X351.573 Y117.284 E21.66714
G1 X351.573 Y118.145 E.05228
G1 X100.095 Y369.623 E21.59321
G1 X100.955 Y369.623 E.05222
G1 X351.573 Y119.005 E21.51937
G1 X351.573 Y119.866 E.05228
G1 X101.816 Y369.623 E21.44544
G1 X102.676 Y369.623 E.05222
G1 X351.573 Y120.726 E21.3716
G1 X351.573 Y121.587 E.05228
G1 X103.537 Y369.623 E21.29767
G1 X104.397 Y369.623 E.05222
G1 X351.573 Y122.447 E21.22382
G1 X351.573 Y123.308 E.05228
G1 X105.258 Y369.623 E21.14989
G1 X106.118 Y369.623 E.05222
G1 X351.573 Y124.169 E21.076
G1 X351.573 Y125.029 E.05222
G1 X106.979 Y369.623 E21.00212
G1 X107.84 Y369.623 E.05228
G1 X351.573 Y125.89 E20.92819
G1 X351.573 Y126.75 E.05222
G1 X108.7 Y369.623 E20.85434
G1 X109.561 Y369.623 E.05228
G1 X351.573 Y127.611 E20.78041
G1 X351.573 Y128.471 E.05222
G1 X110.421 Y369.623 E20.70657
G1 X111.282 Y369.623 E.05228
G1 X351.573 Y129.332 E20.63264
G1 X351.573 Y130.192 E.05222
G1 X112.142 Y369.623 E20.55879
G1 X113.003 Y369.623 E.05228
G1 X351.573 Y131.053 E20.48487
G1 X351.573 Y131.913 E.05222
G1 X113.863 Y369.623 E20.41102
G1 X114.724 Y369.623 E.05228
G1 X351.573 Y132.774 E20.33709
G1 X351.573 Y133.634 E.05222
G1 X115.584 Y369.623 E20.26325
G1 X116.445 Y369.623 E.05228
G1 X351.573 Y134.495 E20.18932
G1 X351.573 Y135.356 E.05228
G1 X117.305 Y369.623 E20.11543
G1 X118.166 Y369.623 E.05228
G1 X351.573 Y136.216 E20.04154
G1 X351.573 Y137.077 E.05228
G1 X119.027 Y369.623 E19.96761
G1 X119.887 Y369.623 E.05222
G1 X351.573 Y137.937 E19.89377
G1 X351.573 Y138.798 E.05228
G1 X120.748 Y369.623 E19.81984
G1 X121.608 Y369.623 E.05222
G1 X351.573 Y139.658 E19.74599
G1 X351.573 Y140.519 E.05228
G1 X122.469 Y369.623 E19.67206
G1 X123.329 Y369.623 E.05222
G1 X351.573 Y141.379 E19.59822
G1 X351.573 Y142.24 E.05228
G1 X124.19 Y369.623 E19.52429
G1 X125.05 Y369.623 E.05222
G1 X351.573 Y143.1 E19.45045
G1 X351.573 Y143.961 E.05228
G1 X125.911 Y369.623 E19.37652
G1 X126.771 Y369.623 E.05222
G1 X351.573 Y144.822 E19.30263
G1 X351.573 Y145.682 E.05222
G1 X127.632 Y369.623 E19.22874
G1 X128.493 Y369.623 E.05228
G1 X351.573 Y146.543 E19.15481
G1 X351.573 Y147.403 E.05222
G1 X129.353 Y369.623 E19.08097
G1 X130.214 Y369.623 E.05228
G1 X351.573 Y148.264 E19.00704
G1 X351.573 Y149.124 E.05222
G1 X131.074 Y369.623 E18.93319
G1 X131.935 Y369.623 E.05228
G1 X351.573 Y149.985 E18.85926
G1 X351.573 Y150.845 E.05222
G1 X132.795 Y369.623 E18.78542
G1 X133.656 Y369.623 E.05228
G1 X351.573 Y151.706 E18.71149
G1 X351.573 Y152.566 E.05222
G1 X134.516 Y369.623 E18.63765
G1 X135.377 Y369.623 E.05228
G1 X351.573 Y153.427 E18.56372
G1 X351.573 Y154.287 E.05222
G1 X136.237 Y369.623 E18.48987
G1 X137.098 Y369.623 E.05228
G1 X351.573 Y155.148 E18.41594
G1 X351.573 Y156.009 E.05228
G1 X137.959 Y369.623 E18.34201
G1 X138.819 Y369.623 E.05222
G1 X351.573 Y156.869 E18.26817
G1 X351.573 Y157.73 E.05228
G1 X139.68 Y369.623 E18.19424
G1 X140.54 Y369.623 E.05222
G1 X351.573 Y158.59 E18.12039
G1 X351.573 Y159.451 E.05228
G1 X141.401 Y369.623 E18.04646
G1 X142.261 Y369.623 E.05222
G1 X351.573 Y160.311 E17.97262
G1 X351.573 Y161.172 E.05228
G1 X143.122 Y369.623 E17.89869
G1 X143.982 Y369.623 E.05222
G1 X351.573 Y162.032 E17.82485
G1 X351.573 Y162.893 E.05228
G1 X144.843 Y369.623 E17.75092
G1 X145.703 Y369.623 E.05222
G1 X351.573 Y163.753 E17.67707
G1 X351.573 Y164.614 E.05228
G1 X146.564 Y369.623 E17.60314
G1 X147.424 Y369.623 E.05222
G1 X351.573 Y165.475 E17.52926
G1 X351.573 Y166.335 E.05222
G1 X148.285 Y369.623 E17.45537
G1 X149.146 Y369.623 E.05228
G1 X351.573 Y167.196 E17.38144
G1 X351.573 Y168.056 E.05222
G1 X150.006 Y369.623 E17.30759
G1 X150.867 Y369.623 E.05228
G1 X351.573 Y168.917 E17.23366
G1 X351.573 Y169.777 E.05222
G1 X151.727 Y369.623 E17.15982
G1 X152.588 Y369.623 E.05228
G1 X351.573 Y170.638 E17.08589
G1 X351.573 Y171.498 E.05222
G1 X153.448 Y369.623 E17.01205
G1 X154.309 Y369.623 E.05228
G1 X351.573 Y172.359 E16.93812
G1 X351.573 Y173.219 E.05222
G1 X155.169 Y369.623 E16.86427
G1 X156.03 Y369.623 E.05228
G1 X351.573 Y174.08 E16.79034
G1 X351.573 Y174.94 E.05222
G1 X156.89 Y369.623 E16.7165
G1 X157.751 Y369.623 E.05228
G1 X351.573 Y175.801 E16.64257
G1 X351.573 Y176.662 E.05228
G1 X158.612 Y369.623 E16.56864
G1 X159.472 Y369.623 E.05222
G1 X351.573 Y177.522 E16.49479
G1 X351.573 Y178.383 E.05228
G1 X160.333 Y369.623 E16.42086
G1 X161.193 Y369.623 E.05222
G1 X351.573 Y179.243 E16.34702
G1 X351.573 Y180.104 E.05228
G1 X162.054 Y369.623 E16.27309
G1 X162.914 Y369.623 E.05222
G1 X351.573 Y180.964 E16.19925
G1 X351.573 Y181.825 E.05228
G1 X163.775 Y369.623 E16.12532
G1 X164.635 Y369.623 E.05222
G1 X351.573 Y182.685 E16.05147
G1 X351.573 Y183.546 E.05228
G1 X165.496 Y369.623 E15.97754
G1 X166.356 Y369.623 E.05222
G1 X351.573 Y184.406 E15.9037
G1 X351.573 Y185.267 E.05228
G1 X167.217 Y369.623 E15.82977
G1 X168.077 Y369.623 E.05222
G1 X351.573 Y186.128 E15.75588
G1 X351.573 Y186.988 E.05222
G1 X168.938 Y369.623 E15.68199
G1 X169.799 Y369.623 E.05228
G1 X351.573 Y187.849 E15.60806
G1 X351.573 Y188.709 E.05222
G1 X170.659 Y369.623 E15.53422
G1 X171.52 Y369.623 E.05228
G1 X351.573 Y189.57 E15.46029
G1 X351.573 Y190.43 E.05222
G1 X172.38 Y369.623 E15.38645
G1 X173.241 Y369.623 E.05228
G1 X351.573 Y191.291 E15.31252
G1 X351.573 Y192.151 E.05222
G1 X174.101 Y369.623 E15.23867
G1 X174.962 Y369.623 E.05228
G1 X351.573 Y193.012 E15.16474
G1 X351.573 Y193.872 E.05222
G1 X175.822 Y369.623 E15.0909
G1 X176.683 Y369.623 E.05228
G1 X351.573 Y194.733 E15.01697
G1 X351.573 Y195.593 E.05222
G1 X177.543 Y369.623 E14.94312
G1 X178.404 Y369.623 E.05228
G1 X351.573 Y196.454 E14.86919
G1 X351.573 Y197.315 E.05228
G1 X179.265 Y369.623 E14.79526
G1 X180.125 Y369.623 E.05222
G1 X351.573 Y198.175 E14.72142
G1 X351.573 Y199.036 E.05228
G1 X180.986 Y369.623 E14.64749
G1 X181.846 Y369.623 E.05222
G1 X351.573 Y199.896 E14.57365
G1 X351.573 Y200.757 E.05228
G1 X182.707 Y369.623 E14.49972
G1 X183.567 Y369.623 E.05222
G1 X351.573 Y201.617 E14.42587
G1 X351.573 Y202.478 E.05228
G1 X184.428 Y369.623 E14.35194
G1 X185.288 Y369.623 E.05222
G1 X351.573 Y203.338 E14.2781
G1 X351.573 Y204.199 E.05228
G1 X186.149 Y369.623 E14.20417
G1 X187.009 Y369.623 E.05222
G1 X351.573 Y205.059 E14.13032
G1 X351.573 Y205.92 E.05228
G1 X187.87 Y369.623 E14.05639
G1 X188.73 Y369.623 E.05222
G1 X351.573 Y206.781 E13.98251
G1 X351.573 Y207.641 E.05222
G1 X189.591 Y369.623 E13.90862
G1 X190.452 Y369.623 E.05228
G1 X351.573 Y208.502 E13.83469
G1 X351.573 Y209.362 E.05222
G1 X191.312 Y369.623 E13.76085
G1 X192.173 Y369.623 E.05228
G1 X351.573 Y210.223 E13.68692
G1 X351.573 Y211.083 E.05222
G1 X195.133 Y367.523 E13.43275
G1 X194.949 Y367.621 E.01266
;WIDTH:0.610752
G1 X194.764 Y367.72 E.01171
;WIDTH:0.561504
G1 X194.719 Y367.675 E.00324
G1 X194.658 Y367.691 E.00321
G1 X194.641 Y367.753 E.00327
G1 X194.686 Y367.798 E.00324
G1 X194.748 Y367.781 E.00327
G1 X195.994 Y367.523 F9000
;WIDTH:0.659999
G1 F2400
G1 X351.573 Y211.944 E13.35882
G1 X351.573 Y212.804 E.05222
G1 X196.854 Y367.523 E13.28498
G1 X197.715 Y367.523 E.05228
G1 X351.573 Y213.665 E13.21105
G1 X351.573 Y214.525 E.05222
G1 X198.575 Y367.523 E13.13721
G1 X199.436 Y367.523 E.05228
G1 X351.573 Y215.386 E13.06328
G1 X351.573 Y216.246 E.05222
G1 X200.296 Y367.523 E12.98943
G1 X201.157 Y367.523 E.05228
G1 X351.573 Y217.107 E12.9155
G1 X351.573 Y217.968 E.05228
G1 X202.018 Y367.523 E12.84157
G1 X202.878 Y367.523 E.05222
G1 X351.573 Y218.828 E12.76773
G1 X351.573 Y219.689 E.05228
G1 X203.739 Y367.523 E12.6938
G1 X204.599 Y367.523 E.05222
G1 X351.573 Y220.549 E12.61995
G1 X351.573 Y221.41 E.05228
G1 X205.416 Y367.567 E12.5498
G1 X205.975 Y367.869 E.03858
G1 X351.573 Y222.27 E12.50185
G1 X351.573 Y223.131 E.05228
G1 X206.326 Y368.377 E12.47162
G1 X206.343 Y369.797 F9000
;WIDTH:0.561504
G1 F2400
G1 X206.282 Y369.813 E.00321
G1 X206.237 Y369.768 E.00324
G1 X206.253 Y369.707 E.00321
G1 X206.315 Y369.69 E.00327
G1 X206.36 Y369.735 E.00324
;WIDTH:0.610752
G1 X206.393 Y369.436 E.01679
;WIDTH:0.659999
G1 X206.427 Y369.137 E.01827
G1 X351.573 Y223.991 E12.46299
G1 X351.573 Y224.852 E.05228
G1 X206.802 Y369.623 E12.43079
G1 X207.662 Y369.623 E.05222
G1 X351.573 Y225.712 E12.35695
G1 X351.573 Y226.573 E.05228
G1 X208.523 Y369.623 E12.28302
G1 X209.383 Y369.623 E.05222
G1 X351.573 Y227.434 E12.20913
G1 X351.573 Y228.294 E.05222
G1 X210.244 Y369.623 E12.13525
G1 X211.105 Y369.623 E.05228
G1 X351.573 Y229.155 E12.06132
G1 X351.573 Y230.015 E.05222
G1 X211.965 Y369.623 E11.98747
G1 X212.826 Y369.623 E.05228
G1 X351.573 Y230.876 E11.91354
G1 X351.573 Y231.736 E.05222
G1 X213.686 Y369.623 E11.8397
G1 X214.547 Y369.623 E.05228
G1 X351.573 Y232.597 E11.76577
G1 X351.573 Y233.457 E.05222
G1 X215.407 Y369.623 E11.69192
G1 X216.268 Y369.623 E.05228
G1 X351.573 Y234.318 E11.61799
G1 X351.573 Y235.178 E.05222
G1 X217.128 Y369.623 E11.54415
G1 X217.989 Y369.623 E.05228
G1 X351.573 Y236.039 E11.47022
G1 X351.573 Y236.899 E.05222
G1 X218.849 Y369.623 E11.39638
G1 X219.71 Y369.623 E.05228
G1 X351.573 Y237.76 E11.32245
G1 X351.573 Y238.621 E.05228
G1 X220.571 Y369.623 E11.24852
G1 X221.431 Y369.623 E.05222
G1 X351.573 Y239.481 E11.17467
G1 X351.573 Y240.342 E.05228
G1 X222.292 Y369.623 E11.10074
G1 X223.152 Y369.623 E.05222
G1 X351.573 Y241.202 E11.0269
G1 X351.573 Y242.063 E.05228
G1 X224.013 Y369.623 E10.95297
G1 X224.873 Y369.623 E.05222
G1 X351.573 Y242.923 E10.87912
G1 X351.573 Y243.784 E.05228
G1 X225.734 Y369.623 E10.80519
G1 X226.594 Y369.623 E.05222
G1 X351.573 Y244.644 E10.73135
G1 X351.573 Y245.505 E.05228
G1 X227.455 Y369.623 E10.65742
G1 X228.315 Y369.623 E.05222
G1 X351.573 Y246.365 E10.58358
G1 X351.573 Y247.226 E.05228
G1 X229.176 Y369.623 E10.50965
G1 X230.036 Y369.623 E.05222
G1 X351.573 Y248.087 E10.43576
G1 X351.573 Y248.947 E.05222
G1 X230.897 Y369.623 E10.36187
G1 X231.758 Y369.623 E.05228
G1 X351.573 Y249.808 E10.28794
G1 X351.573 Y250.668 E.05222
G1 X232.618 Y369.623 E10.2141
G1 X233.479 Y369.623 E.05228
G1 X351.573 Y251.529 E10.14017
G1 X351.573 Y252.389 E.05222
G1 X234.339 Y369.623 E10.06632
G1 X235.2 Y369.623 E.05228
G1 X351.573 Y253.25 E9.99239
G1 X351.573 Y254.11 E.05222
G1 X236.06 Y369.623 E9.91855
G1 X236.921 Y369.623 E.05228
G1 X351.573 Y254.971 E9.84462
G1 X351.573 Y255.831 E.05222
G1 X237.781 Y369.623 E9.77077
G1 X238.642 Y369.623 E.05228
G1 X351.573 Y256.692 E9.69684
G1 X351.573 Y257.552 E.05222
G1 X239.502 Y369.623 E9.623
G1 X240.363 Y369.623 E.05228
G1 X351.573 Y258.413 E9.54907
G1 X351.573 Y259.274 E.05228
G1 X241.224 Y369.623 E9.47514
G1 X242.084 Y369.623 E.05222
G1 X351.573 Y260.134 E9.4013
G1 X351.573 Y260.995 E.05228
G1 X242.945 Y369.623 E9.32737
G1 X243.805 Y369.623 E.05222
G1 X351.573 Y261.855 E9.25352
G1 X351.573 Y262.716 E.05228
G1 X244.666 Y369.623 E9.17959
G1 X245.526 Y369.623 E.05222
G1 X351.573 Y263.576 E9.10575
G1 X351.573 Y264.437 E.05228
G1 X246.387 Y369.623 E9.03182
G1 X247.247 Y369.623 E.05222
G1 X351.573 Y265.297 E8.95797
G1 X351.573 Y266.158 E.05228
G1 X248.108 Y369.623 E8.88404
G1 X248.968 Y369.623 E.05222
G1 X351.573 Y267.018 E8.8102
G1 X351.573 Y267.879 E.05228
G1 X249.829 Y369.623 E8.73627
G1 X250.69 Y369.623 E.05228
G1 X351.573 Y268.74 E8.66234
G1 X351.573 Y269.6 E.05222
G1 X251.55 Y369.623 E8.5885
G1 X252.411 Y369.623 E.05228
G1 X351.573 Y270.461 E8.51457
G1 X351.573 Y271.321 E.05222
G1 X253.271 Y369.623 E8.44072
G1 X254.132 Y369.623 E.05228
G1 X351.573 Y272.182 E8.36679
G1 X351.573 Y273.042 E.05222
G1 X254.992 Y369.623 E8.29295
G1 X255.853 Y369.623 E.05228
G1 X351.573 Y273.903 E8.21902
G1 X351.573 Y274.763 E.05222
G1 X256.713 Y369.623 E8.14517
G1 X257.574 Y369.623 E.05228
G1 X351.573 Y275.624 E8.07124
G1 X351.573 Y276.484 E.05222
G1 X258.434 Y369.623 E7.9974
G1 X259.295 Y369.623 E.05228
G1 X351.573 Y277.345 E7.92347
G1 X351.573 Y278.206 E.05228
G1 X260.155 Y369.623 E7.84958
G1 X261.016 Y369.623 E.05228
G1 X351.573 Y279.066 E7.7757
G1 X351.573 Y279.927 E.05228
G1 X261.877 Y369.623 E7.70177
G1 X262.737 Y369.623 E.05222
G1 X351.573 Y280.787 E7.62792
G1 X351.573 Y281.648 E.05228
G1 X263.598 Y369.623 E7.55399
G1 X264.458 Y369.623 E.05222
G1 X351.573 Y282.508 E7.48015
G1 X351.573 Y283.369 E.05228
G1 X265.319 Y369.623 E7.40622
G1 X266.179 Y369.623 E.05222
G1 X351.573 Y284.229 E7.33237
G1 X351.573 Y285.09 E.05228
G1 X267.04 Y369.623 E7.25844
G1 X267.9 Y369.623 E.05222
G1 X351.573 Y285.95 E7.1846
G1 X351.573 Y286.811 E.05228
G1 X268.761 Y369.623 E7.11067
G1 X269.621 Y369.623 E.05222
G1 X351.573 Y287.671 E7.03683
G1 X351.573 Y288.532 E.05228
G1 X270.482 Y369.623 E6.9629
G1 X271.343 Y369.623 E.05228
G1 X351.573 Y289.393 E6.88897
G1 X351.573 Y290.253 E.05222
G1 X272.203 Y369.623 E6.81512
G1 X273.064 Y369.623 E.05228
G1 X351.573 Y291.114 E6.74119
G1 X351.573 Y291.974 E.05222
G1 X273.924 Y369.623 E6.66735
G1 X274.785 Y369.623 E.05228
G1 X351.573 Y292.835 E6.59342
G1 X351.573 Y293.695 E.05222
G1 X275.645 Y369.623 E6.51957
G1 X276.506 Y369.623 E.05228
G1 X351.573 Y294.556 E6.44564
G1 X351.573 Y295.416 E.05222
G1 X277.366 Y369.623 E6.3718
G1 X278.227 Y369.623 E.05228
G1 X351.573 Y296.277 E6.29787
G1 X351.573 Y297.137 E.05222
G1 X279.087 Y369.623 E6.22403
G1 X279.948 Y369.623 E.05228
G1 X351.573 Y297.998 E6.1501
G1 X351.573 Y298.859 E.05228
G1 X280.808 Y369.623 E6.07621
G1 X281.669 Y369.623 E.05228
G1 X351.573 Y299.719 E6.00232
G1 X351.573 Y300.58 E.05228
G1 X282.53 Y369.623 E5.92839
G1 X283.39 Y369.623 E.05222
G1 X351.573 Y301.44 E5.85455
G1 X351.573 Y302.301 E.05228
G1 X284.251 Y369.623 E5.78062
G1 X285.111 Y369.623 E.05222
G1 X351.573 Y303.161 E5.70677
G1 X351.573 Y304.022 E.05228
G1 X285.972 Y369.623 E5.63284
G1 X286.832 Y369.623 E.05222
G1 X351.573 Y304.882 E5.559
G1 X351.573 Y305.743 E.05228
G1 X287.693 Y369.623 E5.48507
G1 X288.553 Y369.623 E.05222
G1 X351.573 Y306.603 E5.41123
G1 X351.573 Y307.464 E.05228
G1 X289.414 Y369.623 E5.3373
G1 X290.274 Y369.623 E.05222
G1 X351.573 Y308.324 E5.26345
G1 X351.573 Y309.185 E.05228
G1 X291.135 Y369.623 E5.18952
G1 X291.996 Y369.623 E.05228
G1 X351.573 Y310.046 E5.11559
G1 X351.573 Y310.906 E.05222
G1 X292.856 Y369.623 E5.04175
G1 X293.717 Y369.623 E.05228
G1 X351.573 Y311.767 E4.96782
G1 X351.573 Y312.627 E.05222
G1 X294.577 Y369.623 E4.89397
G1 X295.438 Y369.623 E.05228
G1 X351.573 Y313.488 E4.82004
G1 X351.573 Y314.348 E.05222
G1 X296.298 Y369.623 E4.7462
G1 X297.159 Y369.623 E.05228
G1 X351.573 Y315.209 E4.67227
G1 X351.573 Y316.069 E.05222
G1 X298.019 Y369.623 E4.59843
G1 X298.88 Y369.623 E.05228
G1 X351.573 Y316.93 E4.5245
G1 X351.573 Y317.79 E.05222
G1 X299.74 Y369.623 E4.45065
G1 X300.601 Y369.623 E.05228
G1 X351.573 Y318.651 E4.37672
G1 X351.573 Y319.512 E.05228
G1 X301.461 Y369.623 E4.30283
G1 X302.322 Y369.623 E.05228
G1 X351.573 Y320.372 E4.22895
G1 X351.573 Y321.233 E.05228
G1 X303.183 Y369.623 E4.15502
G1 X304.043 Y369.623 E.05222
G1 X351.573 Y322.093 E4.08117
G1 X351.573 Y322.954 E.05228
G1 X304.904 Y369.623 E4.00724
G1 X305.764 Y369.623 E.05222
G1 X351.573 Y323.814 E3.9334
G1 X351.573 Y324.675 E.05228
G1 X306.625 Y369.623 E3.85947
G1 X307.485 Y369.623 E.05222
G1 X351.573 Y325.535 E3.78563
G1 X351.573 Y326.396 E.05228
G1 X308.346 Y369.623 E3.7117
G1 X309.206 Y369.623 E.05222
G1 X351.573 Y327.256 E3.63785
G1 X351.573 Y328.117 E.05228
G1 X310.067 Y369.623 E3.56392
G1 X310.927 Y369.623 E.05222
G1 X351.573 Y328.977 E3.49008
G1 X351.573 Y329.838 E.05228
G1 X311.788 Y369.623 E3.41615
G1 X312.649 Y369.623 E.05228
G1 X351.573 Y330.699 E3.34222
G1 X351.573 Y331.559 E.05222
G1 X313.509 Y369.623 E3.26837
G1 X314.37 Y369.623 E.05228
G1 X351.573 Y332.42 E3.19444
G1 X351.573 Y333.28 E.05222
G1 X315.23 Y369.623 E3.1206
G1 X316.091 Y369.623 E.05228
G1 X351.573 Y334.141 E3.04667
G1 X351.573 Y335.001 E.05222
G1 X316.951 Y369.623 E2.97283
G1 X317.812 Y369.623 E.05228
G1 X351.573 Y335.862 E2.8989
G1 X351.573 Y336.722 E.05222
G1 X318.672 Y369.623 E2.82505
G1 X319.533 Y369.623 E.05228
G1 X351.573 Y337.583 E2.75112
G1 X351.573 Y338.443 E.05222
G1 X320.393 Y369.623 E2.67728
G1 X321.254 Y369.623 E.05228
G1 X351.573 Y339.304 E2.60335
G1 X351.573 Y340.165 E.05228
G1 X322.114 Y369.623 E2.52946
G1 X322.975 Y369.623 E.05228
G1 X351.573 Y341.025 E2.45557
G1 X351.573 Y341.886 E.05228
G1 X323.836 Y369.623 E2.38164
G1 X324.696 Y369.623 E.05222
G1 X351.573 Y342.746 E2.3078
G1 X351.573 Y343.607 E.05228
G1 X325.557 Y369.623 E2.23387
G1 X326.417 Y369.623 E.05222
G1 X351.573 Y344.467 E2.16003
G1 X351.573 Y345.328 E.05228
G1 X327.278 Y369.623 E2.0861
G1 X328.138 Y369.623 E.05222
G1 X351.573 Y346.188 E2.01225
G1 X351.573 Y347.049 E.05228
G1 X328.999 Y369.623 E1.93832
G1 X329.859 Y369.623 E.05222
G1 X351.573 Y347.909 E1.86448
G1 X351.573 Y348.77 E.05228
G1 X330.72 Y369.623 E1.79055
G1 X331.58 Y369.623 E.05222
G1 X351.573 Y349.63 E1.7167
G1 X351.573 Y350.491 E.05228
G1 X332.441 Y369.623 E1.64277
G1 X333.302 Y369.623 E.05228
G1 X351.573 Y351.352 E1.56884
G1 X351.573 Y352.212 E.05222
G1 X334.162 Y369.623 E1.495
G1 X335.023 Y369.623 E.05228
G1 X351.573 Y353.073 E1.42107
G1 X351.573 Y353.933 E.05222
G1 X335.883 Y369.623 E1.34723
G1 X336.744 Y369.623 E.05228
G1 X351.573 Y354.794 E1.2733
G1 X351.573 Y355.654 E.05222
G1 X337.604 Y369.623 E1.19945
G1 X338.465 Y369.623 E.05228
G1 X351.573 Y356.515 E1.12552
G1 X351.573 Y357.375 E.05222
G1 X339.325 Y369.623 E1.05168
G1 X339.997 Y369.928 E.04481
;WIDTH:0.561504
G1 X339.936 Y369.944 E.00321
G1 X339.891 Y369.899 E.00324
G1 X339.907 Y369.838 E.00321
G1 X339.969 Y369.821 E.00327
G1 X340.014 Y369.866 E.00324
;WIDTH:0.610752
G1 X340.1 Y369.745 E.00828
;WIDTH:0.659999
G1 X340.186 Y369.623 E.00906
G1 X351.573 Y358.236 E.97775
G1 X351.573 Y359.096 E.05222
G1 X343.146 Y367.523 E.72359
G1 X342.962 Y367.61 E.01236
;WIDTH:0.610752
G1 X342.778 Y367.698 E.01138
;WIDTH:0.561504
G1 X342.733 Y367.653 E.00324
G1 X342.671 Y367.669 E.00326
G1 X342.655 Y367.731 E.00326
G1 X342.7 Y367.776 E.00324
G1 X342.761 Y367.759 E.00322
G1 X344.007 Y367.523 F9000
;WIDTH:0.659999
G1 F2400
G1 X351.573 Y359.957 E.64966
G1 X351.573 Y360.818 E.05228
G1 X344.868 Y367.523 E.57573
G1 X345.728 Y367.523 E.05222
G1 X351.573 Y361.678 E.50188
G1 X351.573 Y362.539 E.05228
G1 X346.589 Y367.523 E.42795
G1 X347.449 Y367.523 E.05222
G1 X351.573 Y363.399 E.35411
G1 X351.573 Y364.26 E.05228
G1 X348.31 Y367.523 E.28018
G1 X349.17 Y367.523 E.05222
G1 X351.573 Y365.12 E.20633
G1 X351.573 Y365.981 E.05228
G1 X350.031 Y367.523 E.1324
G1 X351.41 Y366.93 F9000
;WIDTH:0.555403
G1 F2400
G1 X350.765 Y367.575 E.04586
G1 X351.625 Y367.575 E.04324
G1 X351.625 Y366.715 E.04324
G1 E-4.2 F3600
;WIPE_START
G1 F7200
G1 X351.625 Y367.575 E-.4085
G1 X350.765 Y367.575 E-.4085
G1 X351.41 Y366.93 E-.43328
;WIPE_END
G1 E-.54972 F3600
G1 X341.529 Y369.439 F9000
G1 E6 F2400
;WIDTH:0.968434
G1 X341.448 Y369.358 E.01048
G1 X341.338 Y369.388 E.01043
G1 X341.308 Y369.498 E.01043
G1 X341.389 Y369.579 E.01048
G1 X341.5 Y369.55 E.0105
G1 E-4.2 F3600
;WIPE_START
G1 F7200
G1 X341.389 Y369.579 E-.05449
G1 X341.308 Y369.498 E-.05441
G1 X341.338 Y369.388 E-.05416
G1 X341.448 Y369.358 E-.05416
G1 X341.529 Y369.439 E-.05441
;WIPE_END
G1 E-1.52837 F3600
G1 X193.732 Y368.846 F9000
G1 E6 F2400
;WIDTH:0.543134
G1 X193.731 Y369.681 E.04096
G1 X192.892 Y369.681 E.04116
G1 X193.515 Y369.06 E.04315
;LAYER_CHANGE
;Z:5.1
;HEIGHT:0.24
;BEFORE_LAYER_CHANGE
G92 E0
;5.1


G1 E-4.2 F3600
;WIPE_START
G1 F7200
G1 X192.892 Y369.681 E-.41783
G1 X193.731 Y369.681 E-.39852
G1 X193.732 Y368.846 E-.39663
;WIPE_END
G1 E-.58702 F3600
G1 Z5.1 F9000
;AFTER_LAYER_CHANGE
;5.1
G1 X194.409 Y368.258
G1 E6 F2400
;TYPE:Perimeter
;WIDTH:0.659999
G1 X194.347 Y368.308 E.00484
G1 X194.185 Y368.6 E.02027
G1 X194.142 Y368.874 E.01684
G1 X194.142 Y370.092 E.07395
G1 X57.958 Y370.092 E8.26853
G1 X57.958 Y368.874 E.07395
G1 X57.914 Y368.596 E.01709
G1 X57.832 Y368.418 E.0119
G1 X57.677 Y368.228 E.01489
G1 X57.408 Y368.057 E.01935
G1 X57.076 Y367.992 E.02054
G1 X47.958 Y367.992 E.55361
G1 X47.958 Y31.974 E20.40163
G1 X47.923 Y31.727 E.01515
G1 X47.782 Y31.445 E.01914
G1 X47.491 Y31.195 E.02329
;WIDTH:0.707876
G1 X47.422 Y31.154 E.00526
;WIDTH:0.755752
G1 X47.353 Y31.113 E.00564
;WIDTH:0.803628
G1 X47.283 Y31.072 E.00609
;WIDTH:0.851505
G1 X47.214 Y31.03 E.00645
;WIDTH:0.899381
G1 X47.145 Y30.989 E.00679
;WIDTH:0.947257
G1 X47.076 Y30.948 E.00717
G1 X45.202 Y30.948 E.1675
G1 X45.202 Y30.052 E.08008
G1 X47.076 Y30.052 E.1675
G1 X47.199 Y30.028 E.0112
;WIDTH:0.899381
G1 X47.321 Y30.004 E.01052
;WIDTH:0.851505
G1 X47.444 Y29.98 E.01
;WIDTH:0.803628
G1 X47.567 Y29.956 E.0094
;WIDTH:0.755752
G1 X47.69 Y29.932 E.00881
;WIDTH:0.707876
G1 X47.813 Y29.908 E.00821
;WIDTH:0.659999
G1 X351.45 Y29.908 E18.43559
;WIDTH:0.68804
G1 X351.819 Y29.923 E.02346
;WIDTH:0.716081
G1 X352.187 Y29.937 E.02442
;WIDTH:0.764551
G1 X352.283 Y29.961 E.00704
;WIDTH:0.81302
G1 X352.379 Y29.985 E.00752
;WIDTH:0.861489
G1 X352.475 Y30.009 E.008
;WIDTH:0.909958
G1 X352.572 Y30.033 E.00856
;WIDTH:0.958427
G1 X352.668 Y30.058 E.00898
G1 X352.924 Y30.052 E.02317
;WIDTH:0.947257
G1 X354.798 Y30.052 E.1675
G1 X354.798 Y30.948 E.08008
G1 X352.757 Y30.948 E.18242
G1 X352.667 Y31.031 E.01094
;WIDTH:0.899381
G1 X352.577 Y31.113 E.0103
;WIDTH:0.851505
G1 X352.487 Y31.196 E.00977
;WIDTH:0.803628
G1 X352.398 Y31.279 E.00913
;WIDTH:0.755752
G1 X352.308 Y31.362 E.0086
;WIDTH:0.707876
G1 X352.218 Y31.445 E.00802
;WIDTH:0.659999
G1 X352.077 Y31.727 E.01914
G1 X352.042 Y31.974 E.01515
G1 X352.042 Y367.992 E20.40163
G1 X342.865 Y367.992 E.55719
G1 X342.517 Y368.091 E.02197
G1 X342.251 Y368.304 E.02069
G1 X342.086 Y368.596 E.02036
G1 X342.042 Y368.874 E.01709
G1 X342.042 Y370.092 E.07395
G1 X205.958 Y370.092 E8.26246
G1 X205.958 Y368.874 E.07395
G1 X205.915 Y368.6 E.01684
G1 X205.834 Y368.423 E.01182
G1 X205.681 Y368.232 E.01486
G1 X205.429 Y368.065 E.01836
G1 X205.081 Y367.992 E.02159
G1 X200 Y367.992 E.3085
G1 X194.968 Y367.992 E.30552
G1 X194.612 Y368.094 E.02248
G1 X194.479 Y368.201 E.01036
G1 X194.829 Y368.674 F9000
;TYPE:External perimeter
;WIDTH:0.629999
G1 F1500
G1 X194.802 Y368.689 E.00178
G1 X194.735 Y368.874 E.01136
G1 X194.735 Y370.685 E.10454
G1 X57.365 Y370.685 E7.92933
G1 X57.365 Y368.804 E.10858
G1 X57.253 Y368.645 E.01123
G1 X57.076 Y368.585 E.01079
G1 X47.365 Y368.585 E.56054
G1 X47.365 Y31.907 E19.43388
G1 X47.212 Y31.719 E.01399
G1 X47.076 Y31.685 E.00809
G1 X44.465 Y31.685 E.15071
G1 X44.465 Y29.315 E.1368
G1 X355.535 Y29.315 E17.95573
G1 X355.535 Y31.685 E.1368
G1 X352.881 Y31.685 E.1532
G1 X352.693 Y31.801 E.01275
G1 X352.635 Y31.974 E.01053
G1 X352.635 Y368.585 E19.43002
G1 X342.887 Y368.585 E.56268
G1 X342.704 Y368.687 E.01209
G1 X342.635 Y368.874 E.01151
G1 X342.635 Y370.685 E.10454
G1 X205.365 Y370.685 E7.92356
G1 X205.365 Y368.805 E.10852
G1 X205.254 Y368.647 E.01115
G1 X205.079 Y368.585 E.01072
G1 X194.986 Y368.585 E.58259
G1 X194.907 Y368.63 E.00525
G1 E-4.2 F3600
;WIPE_START
G1 F7200
G1 X194.829 Y368.674 E-.04254
G1 X194.802 Y368.689 E-.01467
G1 X194.735 Y368.874 E-.09346
G1 X194.735 Y370.685 E-.86022
G1 X193.074 Y370.685 E-.78911
;WIPE_END
G1 X48.476 Y367.358 F9000
G1 E6 F2400
;TYPE:Solid infill
;WIDTH:0.807638
G1 X48.41 Y367.425 E.0071
G1 X48.434 Y367.516 E.0071
G1 X48.525 Y367.54 E.0071
G1 X48.592 Y367.474 E.0071
G1 X48.568 Y367.382 E.00717
;WIDTH:0.659999
G1 X49.54 Y367.523 E.05963
G1 X48.427 Y366.41 E.09557
G1 X48.427 Y365.55 E.05222
G1 X50.4 Y367.523 E.16941
G1 X51.261 Y367.523 E.05228
G1 X48.427 Y364.689 E.24334
G1 X48.427 Y363.829 E.05222
G1 X52.121 Y367.523 E.31719
G1 X52.982 Y367.523 E.05228
G1 X48.427 Y362.968 E.39112
G1 X48.427 Y362.108 E.05222
G1 X53.842 Y367.523 E.46496
G1 X54.703 Y367.523 E.05228
G1 X48.427 Y361.247 E.53889
G1 X48.427 Y360.387 E.05222
G1 X55.563 Y367.523 E.61273
G1 X56.424 Y367.523 E.05228
G1 X48.427 Y359.526 E.68666
G1 E-4.2 F3600
;WIPE_START
G1 F7200
G1 X51.107 Y362.206 E-1.8
;WIPE_END
G1 X58.434 Y369.514 F9000
G1 E6 F2400
;WIDTH:0.716768
G1 X58.375 Y369.573 E.00554
G1 X58.397 Y369.653 E.00551
G1 X58.477 Y369.675 E.00551
G1 X58.536 Y369.616 E.00554
G1 X58.514 Y369.536 E.00551
;WIDTH:0.659999
G1 X59.385 Y369.623 E.05315
G1 X58.389 Y368.628 E.08548
G1 X58.112 Y368.198 E.03106
;WIDTH:0.561504
G1 X57.739 Y367.83 E.02666
;WIDTH:0.610752
G1 X57.524 Y367.688 E.01438
;WIDTH:0.659999
G1 X57.309 Y367.547 E.01561
G1 X48.427 Y358.665 E.76265
G1 X48.427 Y357.805 E.05222
G1 X60.245 Y369.623 E1.01476
G1 X61.106 Y369.623 E.05228
G1 X48.427 Y356.944 E1.08869
G1 X48.427 Y356.084 E.05222
G1 X61.966 Y369.623 E1.16253
G1 X62.827 Y369.623 E.05228
G1 X48.427 Y355.223 E1.23646
G1 X48.427 Y354.363 E.05222
G1 X63.687 Y369.623 E1.3103
G1 X64.548 Y369.623 E.05228
G1 X48.427 Y353.502 E1.38423
G1 X48.427 Y352.642 E.05222
G1 X65.408 Y369.623 E1.45808
G1 X66.269 Y369.623 E.05228
G1 X48.427 Y351.781 E1.53201
G1 X48.427 Y350.921 E.05222
G1 X67.129 Y369.623 E1.60585
G1 X67.99 Y369.623 E.05228
G1 X48.427 Y350.06 E1.67978
G1 X48.427 Y349.2 E.05222
G1 X68.85 Y369.623 E1.75363
G1 X69.711 Y369.623 E.05228
G1 X48.427 Y348.339 E1.82756
G1 X48.427 Y347.478 E.05228
G1 X70.572 Y369.623 E1.90149
G1 X71.432 Y369.623 E.05222
G1 X48.427 Y346.618 E1.97533
G1 X48.427 Y345.757 E.05228
G1 X72.293 Y369.623 E2.04926
G1 X73.153 Y369.623 E.05222
G1 X48.427 Y344.897 E2.1231
G1 X48.427 Y344.036 E.05228
G1 X74.014 Y369.623 E2.19703
G1 X74.874 Y369.623 E.05222
G1 X48.427 Y343.176 E2.27088
G1 X48.427 Y342.315 E.05228
G1 X75.735 Y369.623 E2.34481
G1 X76.595 Y369.623 E.05222
G1 X48.427 Y341.455 E2.41865
G1 X48.427 Y340.594 E.05228
G1 X77.456 Y369.623 E2.49258
G1 X78.316 Y369.623 E.05222
G1 X48.427 Y339.734 E2.56643
G1 X48.427 Y338.873 E.05228
G1 X79.177 Y369.623 E2.64036
G1 X80.038 Y369.623 E.05228
G1 X48.427 Y338.012 E2.71429
G1 X48.427 Y337.152 E.05222
G1 X80.898 Y369.623 E2.78813
G1 X81.759 Y369.623 E.05228
G1 X48.427 Y336.291 E2.86206
G1 X48.427 Y335.431 E.05222
G1 X82.619 Y369.623 E2.9359
G1 X83.48 Y369.623 E.05228
G1 X48.427 Y334.57 E3.00983
G1 X48.427 Y333.71 E.05222
G1 X84.34 Y369.623 E3.08368
G1 X85.201 Y369.623 E.05228
G1 X48.427 Y332.849 E3.15761
G1 X48.427 Y331.989 E.05222
G1 X86.061 Y369.623 E3.23145
G1 X86.922 Y369.623 E.05228
G1 X48.427 Y331.128 E3.30538
G1 X48.427 Y330.268 E.05222
G1 X87.782 Y369.623 E3.37923
G1 X88.643 Y369.623 E.05228
G1 X48.427 Y329.407 E3.45316
G1 X48.427 Y328.547 E.05222
G1 X89.503 Y369.623 E3.527
G1 X90.364 Y369.623 E.05228
G1 X48.427 Y327.686 E3.60093
G1 X48.427 Y326.825 E.05228
G1 X91.225 Y369.623 E3.67486
G1 X92.085 Y369.623 E.05222
G1 X48.427 Y325.965 E3.7487
G1 X48.427 Y325.104 E.05228
G1 X92.946 Y369.623 E3.82263
G1 X93.806 Y369.623 E.05222
G1 X48.427 Y324.244 E3.89648
G1 X48.427 Y323.383 E.05228
G1 X94.667 Y369.623 E3.97041
G1 X95.527 Y369.623 E.05222
G1 X48.427 Y322.523 E4.04425
G1 X48.427 Y321.662 E.05228
G1 X96.388 Y369.623 E4.11818
G1 X97.248 Y369.623 E.05222
G1 X48.427 Y320.802 E4.19203
G1 X48.427 Y319.941 E.05228
G1 X98.109 Y369.623 E4.26596
G1 X98.969 Y369.623 E.05222
G1 X48.427 Y319.081 E4.3398
G1 X48.427 Y318.22 E.05228
G1 X99.83 Y369.623 E4.41373
G1 X100.691 Y369.623 E.05228
G1 X48.427 Y317.359 E4.48766
G1 X48.427 Y316.499 E.05222
G1 X101.551 Y369.623 E4.5615
G1 X102.412 Y369.623 E.05228
G1 X48.427 Y315.638 E4.63543
G1 X48.427 Y314.778 E.05222
G1 X103.272 Y369.623 E4.70928
G1 X104.133 Y369.623 E.05228
G1 X48.427 Y313.917 E4.78321
G1 X48.427 Y313.057 E.05222
G1 X104.993 Y369.623 E4.85705
G1 X105.854 Y369.623 E.05228
G1 X48.427 Y312.196 E4.93098
G1 X48.427 Y311.336 E.05222
G1 X106.714 Y369.623 E5.00483
G1 X107.575 Y369.623 E.05228
G1 X48.427 Y310.475 E5.07876
G1 X48.427 Y309.615 E.05222
G1 X108.435 Y369.623 E5.1526
G1 X109.296 Y369.623 E.05228
G1 X48.427 Y308.754 E5.22653
G1 X48.427 Y307.894 E.05222
G1 X110.156 Y369.623 E5.30037
G1 X111.017 Y369.623 E.05228
G1 X48.427 Y307.033 E5.3743
G1 X48.427 Y306.172 E.05228
G1 X111.878 Y369.623 E5.44823
G1 X112.738 Y369.623 E.05222
G1 X48.427 Y305.312 E5.52208
G1 X48.427 Y304.451 E.05228
G1 X113.599 Y369.623 E5.59601
G1 X114.459 Y369.623 E.05222
G1 X48.427 Y303.591 E5.66985
G1 X48.427 Y302.73 E.05228
G1 X115.32 Y369.623 E5.74378
G1 X116.18 Y369.623 E.05222
G1 X48.427 Y301.87 E5.81763
G1 X48.427 Y301.009 E.05228
G1 X117.041 Y369.623 E5.89156
G1 X117.901 Y369.623 E.05222
G1 X48.427 Y300.149 E5.9654
G1 X48.427 Y299.288 E.05228
G1 X118.762 Y369.623 E6.03933
G1 X119.622 Y369.623 E.05222
G1 X48.427 Y298.428 E6.11317
G1 X48.427 Y297.567 E.05228
G1 X120.483 Y369.623 E6.1871
G1 X121.344 Y369.623 E.05228
G1 X48.427 Y296.706 E6.26103
G1 X48.427 Y295.846 E.05222
G1 X122.204 Y369.623 E6.33488
G1 X123.065 Y369.623 E.05228
G1 X48.427 Y294.985 E6.40881
G1 X48.427 Y294.125 E.05222
G1 X123.925 Y369.623 E6.48265
G1 X124.786 Y369.623 E.05228
G1 X48.427 Y293.264 E6.55658
G1 X48.427 Y292.404 E.05222
G1 X125.646 Y369.623 E6.63043
G1 X126.507 Y369.623 E.05228
G1 X48.427 Y291.543 E6.70436
G1 X48.427 Y290.683 E.05222
G1 X127.367 Y369.623 E6.7782
G1 X128.228 Y369.623 E.05228
G1 X48.427 Y289.822 E6.85213
G1 X48.427 Y288.962 E.05222
G1 X129.088 Y369.623 E6.92597
G1 X129.949 Y369.623 E.05228
G1 X48.427 Y288.101 E6.9999
G1 X48.427 Y287.241 E.05222
G1 X130.809 Y369.623 E7.07375
G1 X131.67 Y369.623 E.05228
G1 X48.427 Y286.38 E7.14768
G1 X48.427 Y285.519 E.05228
G1 X132.531 Y369.623 E7.22161
G1 X133.391 Y369.623 E.05222
G1 X48.427 Y284.659 E7.29545
G1 X48.427 Y283.798 E.05228
G1 X134.252 Y369.623 E7.36938
G1 X135.112 Y369.623 E.05222
G1 X48.427 Y282.938 E7.44323
G1 X48.427 Y282.077 E.05228
G1 X135.973 Y369.623 E7.51716
G1 X136.833 Y369.623 E.05222
G1 X48.427 Y281.217 E7.591
G1 X48.427 Y280.356 E.05228
G1 X137.694 Y369.623 E7.66493
G1 X138.554 Y369.623 E.05222
G1 X48.427 Y279.496 E7.73877
G1 X48.427 Y278.635 E.05228
G1 X139.415 Y369.623 E7.8127
G1 X140.275 Y369.623 E.05222
G1 X48.427 Y277.775 E7.88655
G1 X48.427 Y276.914 E.05228
G1 X141.136 Y369.623 E7.96048
G1 X141.997 Y369.623 E.05228
G1 X48.427 Y276.053 E8.03441
G1 X48.427 Y275.193 E.05222
G1 X142.857 Y369.623 E8.10825
G1 X143.718 Y369.623 E.05228
G1 X48.427 Y274.332 E8.18218
G1 X48.427 Y273.472 E.05222
G1 X144.578 Y369.623 E8.25603
G1 X145.439 Y369.623 E.05228
G1 X48.427 Y272.611 E8.32996
G1 X48.427 Y271.751 E.05222
G1 X146.299 Y369.623 E8.4038
G1 X147.16 Y369.623 E.05228
G1 X48.427 Y270.89 E8.47773
G1 X48.427 Y270.03 E.05222
G1 X148.02 Y369.623 E8.55157
G1 X148.881 Y369.623 E.05228
G1 X48.427 Y269.169 E8.6255
G1 X48.427 Y268.309 E.05222
G1 X149.741 Y369.623 E8.69935
G1 X150.602 Y369.623 E.05228
G1 X48.427 Y267.448 E8.77328
G1 X48.427 Y266.588 E.05222
G1 X151.462 Y369.623 E8.84712
G1 X152.323 Y369.623 E.05228
G1 X48.427 Y265.727 E8.92105
G1 X48.427 Y264.866 E.05228
G1 X153.184 Y369.623 E8.99498
G1 X154.044 Y369.623 E.05222
G1 X48.427 Y264.006 E9.06883
G1 X48.427 Y263.145 E.05228
G1 X154.905 Y369.623 E9.14276
G1 X155.765 Y369.623 E.05222
G1 X48.427 Y262.285 E9.2166
G1 X48.427 Y261.424 E.05228
G1 X156.626 Y369.623 E9.29053
G1 X157.486 Y369.623 E.05222
G1 X48.427 Y260.564 E9.36437
G1 X48.427 Y259.703 E.05228
G1 X158.347 Y369.623 E9.4383
G1 X159.207 Y369.623 E.05222
G1 X48.427 Y258.843 E9.51215
G1 X48.427 Y257.982 E.05228
G1 X160.068 Y369.623 E9.58608
G1 X160.928 Y369.623 E.05222
G1 X48.427 Y257.122 E9.65992
G1 X48.427 Y256.261 E.05228
G1 X161.789 Y369.623 E9.73385
G1 X162.65 Y369.623 E.05228
G1 X48.427 Y255.4 E9.80778
G1 X48.427 Y254.54 E.05222
G1 X163.51 Y369.623 E9.88163
G1 X164.371 Y369.623 E.05228
G1 X48.427 Y253.679 E9.95556
G1 X48.427 Y252.819 E.05222
G1 X165.231 Y369.623 E10.0294
G1 X166.092 Y369.623 E.05228
G1 X48.427 Y251.958 E10.10333
G1 X48.427 Y251.098 E.05222
G1 X166.952 Y369.623 E10.17717
G1 X167.813 Y369.623 E.05228
G1 X48.427 Y250.237 E10.2511
G1 X48.427 Y249.377 E.05222
G1 X168.673 Y369.623 E10.32495
G1 X169.534 Y369.623 E.05228
G1 X48.427 Y248.516 E10.39888
G1 X48.427 Y247.656 E.05222
G1 X170.394 Y369.623 E10.47272
G1 X171.255 Y369.623 E.05228
G1 X48.427 Y246.795 E10.54665
G1 X48.427 Y245.935 E.05222
G1 X172.115 Y369.623 E10.6205
G1 X172.976 Y369.623 E.05228
G1 X48.427 Y245.074 E10.69443
G1 X48.427 Y244.213 E.05228
G1 X173.837 Y369.623 E10.76836
G1 X174.697 Y369.623 E.05222
G1 X48.427 Y243.353 E10.8422
G1 X48.427 Y242.492 E.05228
G1 X175.558 Y369.623 E10.91613
G1 X176.418 Y369.623 E.05222
G1 X48.427 Y241.632 E10.98998
G1 X48.427 Y240.771 E.05228
G1 X177.279 Y369.623 E11.06391
G1 X178.139 Y369.623 E.05222
G1 X48.427 Y239.911 E11.13775
G1 X48.427 Y239.05 E.05228
G1 X179 Y369.623 E11.21168
G1 X179.86 Y369.623 E.05222
G1 X48.427 Y238.19 E11.28552
G1 X48.427 Y237.329 E.05228
G1 X180.721 Y369.623 E11.35945
G1 X181.581 Y369.623 E.05222
G1 X48.427 Y236.469 E11.4333
G1 X48.427 Y235.608 E.05228
G1 X182.442 Y369.623 E11.50723
G1 X183.303 Y369.623 E.05228
G1 X48.427 Y234.747 E11.58116
G1 X48.427 Y233.887 E.05222
G1 X184.163 Y369.623 E11.655
G1 X185.024 Y369.623 E.05228
G1 X48.427 Y233.026 E11.72893
G1 X48.427 Y232.166 E.05222
G1 X185.884 Y369.623 E11.80278
G1 X186.745 Y369.623 E.05228
G1 X48.427 Y231.305 E11.87671
G1 X48.427 Y230.445 E.05222
G1 X187.605 Y369.623 E11.95055
G1 X188.466 Y369.623 E.05228
G1 X48.427 Y229.584 E12.02448
G1 X48.427 Y228.724 E.05222
G1 X189.326 Y369.623 E12.09832
G1 X190.187 Y369.623 E.05228
G1 X48.427 Y227.863 E12.17225
G1 X48.427 Y227.003 E.05222
G1 X191.047 Y369.623 E12.2461
G1 X191.908 Y369.623 E.05228
G1 X48.427 Y226.142 E12.32003
G1 X48.427 Y225.282 E.05222
G1 X192.768 Y369.623 E12.39387
G1 X193.629 Y369.623 E.05228
G1 X48.427 Y224.421 E12.4678
G1 X48.427 Y223.56 E.05228
G1 X193.681 Y368.814 E12.47227
G1 X193.883 Y368.156 E.04179
G1 X48.427 Y222.7 E12.48961
G1 X48.427 Y221.839 E.05228
G1 X194.316 Y367.728 E12.52679
G1 X194.975 Y367.527 E.04183
G1 X48.427 Y220.979 E12.58338
G1 X48.427 Y220.118 E.05228
G1 X195.832 Y367.523 E12.65696
G1 X196.692 Y367.523 E.05222
G1 X48.427 Y219.258 E12.73081
G1 X48.427 Y218.397 E.05228
G1 X197.553 Y367.523 E12.80474
G1 X198.413 Y367.523 E.05222
G1 X48.427 Y217.537 E12.87858
G1 X48.427 Y216.676 E.05228
G1 X199.274 Y367.523 E12.95251
G1 X200.134 Y367.523 E.05222
G1 X48.427 Y215.816 E13.02635
G1 X48.427 Y214.955 E.05228
G1 X200.995 Y367.523 E13.10028
G1 X201.856 Y367.523 E.05228
G1 X48.427 Y214.094 E13.17421
G1 X48.427 Y213.234 E.05222
G1 X202.716 Y367.523 E13.24806
G1 X203.577 Y367.523 E.05228
G1 X48.427 Y212.373 E13.32199
G1 X48.427 Y211.513 E.05222
G1 X204.437 Y367.523 E13.39583
G1 E-4.2 F3600
;WIPE_START
G1 F7200
G1 X201.757 Y364.843 E-1.8
;WIPE_END
G1 X206.438 Y369.51 F9000
G1 E6 F2400
;WIDTH:0.724418
G1 X206.378 Y369.569 E.00565
G1 X206.4 Y369.65 E.00564
G1 X206.481 Y369.672 E.00564
G1 X206.541 Y369.613 E.00565
G1 X206.519 Y369.531 E.0057
;WIDTH:0.659999
G1 X207.398 Y369.623 E.05366
G1 X206.387 Y368.613 E.08677
G1 X206.105 Y368.182 E.03127
;WIDTH:0.561504
G1 X205.761 Y367.838 E.02476
;WIDTH:0.610752
G1 X205.546 Y367.697 E.01435
;WIDTH:0.659999
G1 X205.33 Y367.556 E.01566
G1 X48.427 Y210.652 E13.47255
G1 X48.427 Y209.792 E.05222
G1 X208.258 Y369.623 E13.72392
G1 X209.119 Y369.623 E.05228
G1 X48.427 Y208.931 E13.79785
G1 X48.427 Y208.071 E.05222
G1 X209.979 Y369.623 E13.8717
G1 X210.84 Y369.623 E.05228
G1 X48.427 Y207.21 E13.94563
G1 X48.427 Y206.35 E.05222
G1 X211.7 Y369.623 E14.01947
G1 X212.561 Y369.623 E.05228
G1 X48.427 Y205.489 E14.0934
G1 X48.427 Y204.629 E.05222
G1 X213.421 Y369.623 E14.16725
G1 X214.282 Y369.623 E.05228
G1 X48.427 Y203.768 E14.24118
G1 X48.427 Y202.907 E.05228
G1 X215.143 Y369.623 E14.31511
G1 X216.003 Y369.623 E.05222
G1 X48.427 Y202.047 E14.38895
G1 X48.427 Y201.186 E.05228
G1 X216.864 Y369.623 E14.46288
G1 X217.724 Y369.623 E.05222
G1 X48.427 Y200.326 E14.53672
G1 X48.427 Y199.465 E.05228
G1 X218.585 Y369.623 E14.61065
G1 X219.445 Y369.623 E.05222
G1 X48.427 Y198.605 E14.6845
G1 X48.427 Y197.744 E.05228
G1 X220.306 Y369.623 E14.75843
G1 X221.166 Y369.623 E.05222
G1 X48.427 Y196.884 E14.83227
G1 X48.427 Y196.023 E.05228
G1 X222.027 Y369.623 E14.9062
G1 X222.887 Y369.623 E.05222
G1 X48.427 Y195.163 E14.98005
G1 X48.427 Y194.302 E.05228
G1 X223.748 Y369.623 E15.05398
G1 X224.609 Y369.623 E.05228
G1 X48.427 Y193.441 E15.12791
G1 X48.427 Y192.581 E.05222
G1 X225.469 Y369.623 E15.20175
G1 X226.33 Y369.623 E.05228
G1 X48.427 Y191.72 E15.27568
G1 X48.427 Y190.86 E.05222
G1 X227.19 Y369.623 E15.34952
G1 X228.051 Y369.623 E.05228
G1 X48.427 Y189.999 E15.42345
G1 X48.427 Y189.139 E.05222
G1 X228.911 Y369.623 E15.4973
G1 X229.772 Y369.623 E.05228
G1 X48.427 Y188.278 E15.57123
G1 X48.427 Y187.418 E.05222
G1 X230.632 Y369.623 E15.64507
G1 X231.493 Y369.623 E.05228
G1 X48.427 Y186.557 E15.719
G1 X48.427 Y185.697 E.05222
G1 X232.353 Y369.623 E15.79285
G1 X233.214 Y369.623 E.05228
G1 X48.427 Y184.836 E15.86678
G1 X48.427 Y183.975 E.05228
G1 X234.075 Y369.623 E15.94071
G1 X234.935 Y369.623 E.05222
G1 X48.427 Y183.115 E16.01455
G1 X48.427 Y182.254 E.05228
G1 X235.796 Y369.623 E16.08848
G1 X236.656 Y369.623 E.05222
G1 X48.427 Y181.394 E16.16232
G1 X48.427 Y180.533 E.05228
G1 X237.517 Y369.623 E16.23625
G1 X238.377 Y369.623 E.05222
G1 X48.427 Y179.673 E16.3101
G1 X48.427 Y178.812 E.05228
G1 X239.238 Y369.623 E16.38403
G1 X240.098 Y369.623 E.05222
G1 X48.427 Y177.952 E16.45787
G1 X48.427 Y177.091 E.05228
G1 X240.959 Y369.623 E16.5318
G1 X241.819 Y369.623 E.05222
G1 X48.427 Y176.231 E16.60565
G1 X48.427 Y175.37 E.05228
G1 X242.68 Y369.623 E16.67958
G1 X243.54 Y369.623 E.05222
G1 X48.427 Y174.51 E16.75342
G1 X48.427 Y173.649 E.05228
G1 X244.401 Y369.623 E16.82735
G1 X245.262 Y369.623 E.05228
G1 X48.427 Y172.788 E16.90128
G1 X48.427 Y171.928 E.05222
G1 X246.122 Y369.623 E16.97512
G1 X246.983 Y369.623 E.05228
G1 X48.427 Y171.067 E17.04905
G1 X48.427 Y170.207 E.05222
G1 X247.843 Y369.623 E17.1229
G1 X248.704 Y369.623 E.05228
G1 X48.427 Y169.346 E17.19683
G1 X48.427 Y168.486 E.05222
G1 X249.564 Y369.623 E17.27067
G1 X250.425 Y369.623 E.05228
G1 X48.427 Y167.625 E17.3446
G1 X48.427 Y166.765 E.05222
G1 X251.285 Y369.623 E17.41845
G1 X252.146 Y369.623 E.05228
G1 X48.427 Y165.904 E17.49238
G1 X48.427 Y165.044 E.05222
G1 X253.006 Y369.623 E17.56622
G1 X253.867 Y369.623 E.05228
G1 X48.427 Y164.183 E17.64015
G1 X48.427 Y163.322 E.05228
G1 X254.728 Y369.623 E17.71408
G1 X255.588 Y369.623 E.05222
G1 X48.427 Y162.462 E17.78792
G1 X48.427 Y161.601 E.05228
G1 X256.449 Y369.623 E17.86185
G1 X257.309 Y369.623 E.05222
G1 X48.427 Y160.741 E17.9357
G1 X48.427 Y159.88 E.05228
G1 X258.17 Y369.623 E18.00963
G1 X259.03 Y369.623 E.05222
G1 X48.427 Y159.02 E18.08347
G1 X48.427 Y158.159 E.05228
G1 X259.891 Y369.623 E18.1574
G1 X260.751 Y369.623 E.05222
G1 X48.427 Y157.299 E18.23125
G1 X48.427 Y156.438 E.05228
G1 X261.612 Y369.623 E18.30518
G1 X262.472 Y369.623 E.05222
G1 X48.427 Y155.578 E18.37902
G1 X48.427 Y154.717 E.05228
G1 X263.333 Y369.623 E18.45295
G1 X264.193 Y369.623 E.05222
G1 X48.427 Y153.857 E18.52679
G1 X48.427 Y152.996 E.05228
G1 X265.054 Y369.623 E18.60072
G1 X265.915 Y369.623 E.05228
G1 X48.427 Y152.135 E18.67465
G1 X48.427 Y151.275 E.05222
G1 X266.775 Y369.623 E18.7485
G1 X267.636 Y369.623 E.05228
G1 X48.427 Y150.414 E18.82243
G1 X48.427 Y149.554 E.05222
G1 X268.496 Y369.623 E18.89627
G1 X269.357 Y369.623 E.05228
G1 X48.427 Y148.693 E18.9702
G1 X48.427 Y147.833 E.05222
G1 X270.217 Y369.623 E19.04405
G1 X271.078 Y369.623 E.05228
G1 X48.427 Y146.972 E19.11798
G1 X48.427 Y146.112 E.05222
G1 X271.938 Y369.623 E19.19182
G1 X272.799 Y369.623 E.05228
G1 X48.427 Y145.251 E19.26575
G1 X48.427 Y144.391 E.05222
G1 X273.659 Y369.623 E19.33959
G1 X274.52 Y369.623 E.05228
G1 X48.427 Y143.53 E19.41352
G1 X48.427 Y142.669 E.05228
G1 X275.381 Y369.623 E19.48745
G1 X276.241 Y369.623 E.05222
G1 X48.427 Y141.809 E19.5613
G1 X48.427 Y140.948 E.05228
G1 X277.102 Y369.623 E19.63523
G1 X277.962 Y369.623 E.05222
G1 X48.427 Y140.088 E19.70907
G1 X48.427 Y139.227 E.05228
G1 X278.823 Y369.623 E19.783
G1 X279.683 Y369.623 E.05222
G1 X48.427 Y138.367 E19.85685
G1 X48.427 Y137.506 E.05228
G1 X280.544 Y369.623 E19.93078
G1 X281.404 Y369.623 E.05222
G1 X48.427 Y136.646 E20.00462
G1 X48.427 Y135.785 E.05228
G1 X282.265 Y369.623 E20.07855
G1 X283.125 Y369.623 E.05222
G1 X48.427 Y134.925 E20.15239
G1 X48.427 Y134.064 E.05228
G1 X283.986 Y369.623 E20.22632
G1 X284.846 Y369.623 E.05222
G1 X48.427 Y133.204 E20.30017
G1 X48.427 Y132.343 E.05228
G1 X285.707 Y369.623 E20.3741
G1 X286.568 Y369.623 E.05228
G1 X48.427 Y131.482 E20.44803
G1 X48.427 Y130.622 E.05222
G1 X287.428 Y369.623 E20.52187
G1 X288.289 Y369.623 E.05228
G1 X48.427 Y129.761 E20.5958
G1 X48.427 Y128.901 E.05222
G1 X289.149 Y369.623 E20.66965
G1 X290.01 Y369.623 E.05228
G1 X48.427 Y128.04 E20.74358
G1 X48.427 Y127.18 E.05222
G1 X290.87 Y369.623 E20.81742
G1 X291.731 Y369.623 E.05228
G1 X48.427 Y126.319 E20.89135
G1 X48.427 Y125.459 E.05222
G1 X292.591 Y369.623 E20.9652
G1 X293.452 Y369.623 E.05228
G1 X48.427 Y124.598 E21.03913
G1 X48.427 Y123.738 E.05222
G1 X294.312 Y369.623 E21.11297
G1 X295.173 Y369.623 E.05228
G1 X48.427 Y122.877 E21.1869
G1 X48.427 Y122.016 E.05228
G1 X296.034 Y369.623 E21.26083
G1 X296.894 Y369.623 E.05222
G1 X48.427 Y121.156 E21.33467
G1 X48.427 Y120.295 E.05228
G1 X297.755 Y369.623 E21.4086
G1 X298.615 Y369.623 E.05222
G1 X48.427 Y119.435 E21.48245
G1 X48.427 Y118.574 E.05228
G1 X299.476 Y369.623 E21.55638
G1 X300.336 Y369.623 E.05222
G1 X48.427 Y117.714 E21.63022
G1 X48.427 Y116.853 E.05228
G1 X301.197 Y369.623 E21.70415
G1 X302.057 Y369.623 E.05222
G1 X48.427 Y115.993 E21.778
G1 X48.427 Y115.132 E.05228
G1 X302.918 Y369.623 E21.85193
G1 X303.778 Y369.623 E.05222
G1 X48.427 Y114.272 E21.92577
G1 X48.427 Y113.411 E.05228
G1 X304.639 Y369.623 E21.9997
G1 X305.499 Y369.623 E.05222
G1 X48.427 Y112.551 E22.07354
G1 X48.427 Y111.69 E.05228
G1 X306.36 Y369.623 E22.14747
G1 X307.221 Y369.623 E.05228
G1 X48.427 Y110.829 E22.2214
G1 X48.427 Y109.969 E.05222
G1 X308.081 Y369.623 E22.29525
G1 X308.942 Y369.623 E.05228
G1 X48.427 Y109.108 E22.36918
G1 X48.427 Y108.248 E.05222
G1 X309.802 Y369.623 E22.44302
G1 X310.663 Y369.623 E.05228
G1 X48.427 Y107.387 E22.51695
G1 X48.427 Y106.527 E.05222
G1 X311.523 Y369.623 E22.5908
G1 X312.384 Y369.623 E.05228
G1 X48.427 Y105.666 E22.66473
G1 X48.427 Y104.806 E.05222
G1 X313.244 Y369.623 E22.73857
G1 X314.105 Y369.623 E.05228
G1 X48.427 Y103.945 E22.8125
G1 X48.427 Y103.085 E.05222
G1 X314.965 Y369.623 E22.88634
G1 X315.826 Y369.623 E.05228
G1 X48.427 Y102.224 E22.96027
G1 X48.427 Y101.363 E.05228
G1 X316.687 Y369.623 E23.0342
G1 X317.547 Y369.623 E.05222
G1 X48.427 Y100.503 E23.10805
G1 X48.427 Y99.642 E.05228
G1 X318.408 Y369.623 E23.18198
G1 X319.268 Y369.623 E.05222
G1 X48.427 Y98.782 E23.25582
G1 X48.427 Y97.921 E.05228
G1 X320.129 Y369.623 E23.32975
G1 X320.989 Y369.623 E.05222
G1 X48.427 Y97.061 E23.4036
G1 X48.427 Y96.2 E.05228
G1 X321.85 Y369.623 E23.47753
G1 X322.71 Y369.623 E.05222
G1 X48.427 Y95.34 E23.55137
G1 X48.427 Y94.479 E.05228
G1 X323.571 Y369.623 E23.6253
G1 X324.431 Y369.623 E.05222
G1 X48.427 Y93.619 E23.69914
G1 X48.427 Y92.758 E.05228
G1 X325.292 Y369.623 E23.77307
G1 X326.152 Y369.623 E.05222
G1 X48.427 Y91.898 E23.84692
G1 X48.427 Y91.037 E.05228
G1 X327.013 Y369.623 E23.92085
G1 X327.874 Y369.623 E.05228
G1 X48.427 Y90.176 E23.99478
G1 X48.427 Y89.316 E.05222
G1 X328.734 Y369.623 E24.06862
G1 X329.595 Y369.623 E.05228
G1 X48.427 Y88.455 E24.14255
G1 X48.427 Y87.595 E.05222
G1 X330.455 Y369.623 E24.2164
G1 X331.316 Y369.623 E.05228
G1 X48.427 Y86.734 E24.29033
G1 X48.427 Y85.874 E.05222
G1 X332.176 Y369.623 E24.36417
G1 X333.037 Y369.623 E.05228
G1 X48.427 Y85.013 E24.4381
G1 X48.427 Y84.153 E.05222
G1 X333.897 Y369.623 E24.51194
G1 X334.758 Y369.623 E.05228
G1 X48.427 Y83.292 E24.58587
G1 X48.427 Y82.432 E.05222
G1 X335.618 Y369.623 E24.65972
G1 X336.479 Y369.623 E.05228
G1 X48.427 Y81.571 E24.73365
G1 X48.427 Y80.71 E.05228
G1 X337.34 Y369.623 E24.80758
G1 X338.2 Y369.623 E.05222
G1 X48.427 Y79.85 E24.88142
G1 X48.427 Y78.989 E.05228
G1 X339.061 Y369.623 E24.95535
G1 X339.921 Y369.623 E.05222
G1 X48.427 Y78.129 E25.0292
G1 X48.427 Y77.268 E.05228
G1 X340.782 Y369.623 E25.10313
G1 X341.573 Y369.554 E.04821
G1 X48.427 Y76.408 E25.17105
G1 X48.427 Y75.547 E.05228
G1 X341.596 Y368.717 E25.17306
G1 X341.833 Y368.093 E.04053
G1 X48.427 Y74.687 E25.19337
G1 X48.427 Y73.826 E.05228
G1 X342.285 Y367.684 E25.23218
G1 X342.984 Y367.523 E.04355
G1 X48.427 Y72.966 E25.2922
G1 X48.427 Y72.105 E.05228
G1 X343.845 Y367.523 E25.36613
G1 X344.705 Y367.523 E.05222
G1 X48.427 Y71.245 E25.43998
G1 X48.427 Y70.384 E.05228
G1 X345.566 Y367.523 E25.5139
G1 X346.427 Y367.523 E.05228
G1 X48.427 Y69.523 E25.58783
G1 X48.427 Y68.663 E.05222
G1 X347.287 Y367.523 E25.66168
G1 X348.148 Y367.523 E.05228
G1 X48.427 Y67.802 E25.73561
G1 X48.427 Y66.942 E.05222
G1 X349.008 Y367.523 E25.80945
G1 X349.869 Y367.523 E.05228
G1 X48.427 Y66.081 E25.88338
G1 X48.427 Y65.221 E.05222
G1 X350.729 Y367.523 E25.95723
G1 X351.573 Y367.506 E.05125
G1 X48.427 Y64.36 E26.0297
G1 X48.427 Y63.5 E.05222
G1 X351.573 Y366.646 E26.0297
G1 X351.573 Y365.785 E.05228
G1 X48.427 Y62.639 E26.0297
G1 X48.427 Y61.779 E.05222
G1 X351.573 Y364.924 E26.02965
G1 X351.573 Y364.064 E.05222
G1 X48.427 Y60.918 E26.0297
G1 X48.427 Y60.057 E.05228
G1 X351.573 Y363.203 E26.0297
G1 X351.573 Y362.343 E.05222
G1 X48.427 Y59.197 E26.0297
G1 X48.427 Y58.336 E.05228
G1 X351.573 Y361.482 E26.0297
G1 X351.573 Y360.622 E.05222
G1 X48.427 Y57.476 E26.0297
G1 X48.427 Y56.615 E.05228
G1 X351.573 Y359.761 E26.0297
G1 X351.573 Y358.901 E.05222
G1 X48.427 Y55.755 E26.0297
G1 X48.427 Y54.894 E.05228
G1 X351.573 Y358.04 E26.0297
G1 X351.573 Y357.18 E.05222
G1 X48.427 Y54.034 E26.0297
G1 X48.427 Y53.173 E.05228
G1 X351.573 Y356.319 E26.0297
G1 X351.573 Y355.459 E.05222
G1 X48.427 Y52.313 E26.0297
G1 X48.427 Y51.452 E.05228
G1 X351.573 Y354.598 E26.0297
G1 X351.573 Y353.737 E.05228
G1 X48.427 Y50.592 E26.02965
G1 X48.427 Y49.731 E.05228
G1 X351.573 Y352.877 E26.0297
G1 X351.573 Y352.016 E.05228
G1 X48.427 Y48.87 E26.0297
G1 X48.427 Y48.01 E.05222
G1 X351.573 Y351.156 E26.0297
G1 X351.573 Y350.295 E.05228
G1 X48.427 Y47.149 E26.0297
G1 X48.427 Y46.289 E.05222
G1 X351.573 Y349.435 E26.0297
G1 X351.573 Y348.574 E.05228
G1 X48.427 Y45.428 E26.0297
G1 X48.427 Y44.568 E.05222
G1 X351.573 Y347.714 E26.0297
G1 X351.573 Y346.853 E.05228
G1 X48.427 Y43.707 E26.0297
G1 X48.427 Y42.847 E.05222
G1 X351.573 Y345.993 E26.0297
G1 X351.573 Y345.132 E.05228
G1 X48.427 Y41.986 E26.0297
G1 X48.427 Y41.126 E.05222
G1 X351.573 Y344.271 E26.02965
G1 X351.573 Y343.411 E.05222
G1 X48.427 Y40.265 E26.0297
G1 X48.427 Y39.404 E.05228
G1 X351.573 Y342.55 E26.0297
G1 X351.573 Y341.69 E.05222
G1 X48.427 Y38.544 E26.0297
G1 X48.427 Y37.683 E.05228
G1 X351.573 Y340.829 E26.0297
G1 X351.573 Y339.969 E.05222
G1 X48.427 Y36.823 E26.0297
G1 X48.427 Y35.962 E.05228
G1 X351.573 Y339.108 E26.0297
G1 X351.573 Y338.248 E.05222
G1 X48.427 Y35.102 E26.0297
G1 X48.427 Y34.241 E.05228
G1 X351.573 Y337.387 E26.0297
G1 X351.573 Y336.527 E.05222
G1 X48.427 Y33.381 E26.0297
G1 X48.427 Y32.52 E.05228
G1 X351.573 Y335.666 E26.0297
G1 X351.573 Y334.806 E.05222
G1 X48.377 Y31.609 E26.03403
G1 X48.218 Y31.394 E.01624
;WIDTH:0.610752
G1 X48.059 Y31.179 E.01492
;WIDTH:0.603346
G1 X47.38 Y30.572 E.05015
;WIDTH:0.611112
G1 X47.35 Y30.543 E.00233
;WIDTH:0.659999
G1 X48.005 Y30.377 E.04103
G1 X351.573 Y333.945 E26.06593
G1 X351.573 Y333.084 E.05228
G1 X48.866 Y30.377 E25.992
G1 X49.726 Y30.377 E.05222
G1 X351.573 Y332.224 E25.91816
G1 X351.573 Y331.363 E.05228
G1 X50.587 Y30.377 E25.84423
G1 X51.447 Y30.377 E.05222
G1 X351.573 Y330.503 E25.77038
G1 X351.573 Y329.642 E.05228
G1 X52.308 Y30.377 E25.69645
G1 X53.168 Y30.377 E.05222
G1 X351.573 Y328.782 E25.62261
G1 X351.573 Y327.921 E.05228
G1 X54.029 Y30.377 E25.54868
G1 X54.889 Y30.377 E.05222
G1 X351.573 Y327.061 E25.47484
G1 X351.573 Y326.2 E.05228
G1 X55.75 Y30.377 E25.40091
G1 X56.61 Y30.377 E.05222
G1 X351.573 Y325.34 E25.32706
G1 X351.573 Y324.479 E.05228
G1 X57.471 Y30.377 E25.25313
G1 X58.332 Y30.377 E.05228
G1 X351.573 Y323.618 E25.1792
G1 X351.573 Y322.758 E.05222
G1 X59.192 Y30.377 E25.10536
G1 X60.053 Y30.377 E.05228
G1 X351.573 Y321.897 E25.03143
G1 X351.573 Y321.037 E.05222
G1 X60.913 Y30.377 E24.95758
G1 X61.774 Y30.377 E.05228
G1 X351.573 Y320.176 E24.88365
G1 X351.573 Y319.316 E.05222
G1 X62.634 Y30.377 E24.80981
G1 X63.495 Y30.377 E.05228
G1 X351.573 Y318.455 E24.73588
G1 X351.573 Y317.595 E.05222
G1 X64.355 Y30.377 E24.66204
G1 X65.216 Y30.377 E.05228
G1 X351.573 Y316.734 E24.58811
G1 X351.573 Y315.874 E.05222
G1 X66.076 Y30.377 E24.51426
G1 X66.937 Y30.377 E.05228
G1 X351.573 Y315.013 E24.44033
G1 X351.573 Y314.153 E.05222
G1 X67.797 Y30.377 E24.36649
G1 X68.658 Y30.377 E.05228
G1 X351.573 Y313.292 E24.29256
G1 X351.573 Y312.431 E.05228
G1 X69.519 Y30.377 E24.21863
G1 X70.379 Y30.377 E.05222
G1 X351.573 Y311.571 E24.14478
G1 X351.573 Y310.71 E.05228
G1 X71.24 Y30.377 E24.07085
G1 X72.1 Y30.377 E.05222
G1 X351.573 Y309.85 E23.99701
G1 X351.573 Y308.989 E.05228
G1 X72.961 Y30.377 E23.92308
G1 X73.821 Y30.377 E.05222
G1 X351.573 Y308.129 E23.84924
G1 X351.573 Y307.268 E.05228
G1 X74.682 Y30.377 E23.77531
G1 X75.542 Y30.377 E.05222
G1 X351.573 Y306.408 E23.70146
G1 X351.573 Y305.547 E.05228
G1 X76.403 Y30.377 E23.62753
G1 X77.263 Y30.377 E.05222
G1 X351.573 Y304.687 E23.55369
G1 X351.573 Y303.826 E.05228
G1 X78.124 Y30.377 E23.47976
G1 X78.985 Y30.377 E.05228
G1 X351.573 Y302.965 E23.40583
G1 X351.573 Y302.105 E.05222
G1 X79.845 Y30.377 E23.33198
G1 X80.706 Y30.377 E.05228
G1 X351.573 Y301.244 E23.25805
G1 X351.573 Y300.384 E.05222
G1 X81.566 Y30.377 E23.18421
G1 X82.427 Y30.377 E.05228
G1 X351.573 Y299.523 E23.11028
G1 X351.573 Y298.663 E.05222
G1 X83.287 Y30.377 E23.03644
G1 X84.148 Y30.377 E.05228
G1 X351.573 Y297.802 E22.96251
G1 X351.573 Y296.942 E.05222
G1 X85.008 Y30.377 E22.88866
G1 X85.869 Y30.377 E.05228
G1 X351.573 Y296.081 E22.81473
G1 X351.573 Y295.221 E.05222
G1 X86.729 Y30.377 E22.74089
G1 X87.59 Y30.377 E.05228
G1 X351.573 Y294.36 E22.66696
G1 X351.573 Y293.5 E.05222
G1 X88.451 Y30.377 E22.59307
G1 X89.311 Y30.377 E.05222
G1 X351.573 Y292.639 E22.51918
G1 X351.573 Y291.778 E.05228
G1 X90.172 Y30.377 E22.44525
G1 X91.032 Y30.377 E.05222
G1 X351.573 Y290.918 E22.37141
G1 X351.573 Y290.057 E.05228
G1 X91.893 Y30.377 E22.29748
G1 X92.753 Y30.377 E.05222
G1 X351.573 Y289.197 E22.22364
G1 X351.573 Y288.336 E.05228
G1 X93.614 Y30.377 E22.14971
G1 X94.474 Y30.377 E.05222
G1 X351.573 Y287.476 E22.07586
G1 X351.573 Y286.615 E.05228
G1 X95.335 Y30.377 E22.00193
G1 X96.195 Y30.377 E.05222
G1 X351.573 Y285.755 E21.92809
G1 X351.573 Y284.894 E.05228
G1 X97.056 Y30.377 E21.85416
G1 X97.916 Y30.377 E.05222
G1 X351.573 Y284.034 E21.78031
G1 X351.573 Y283.173 E.05228
G1 X98.777 Y30.377 E21.70638
G1 X99.638 Y30.377 E.05228
G1 X351.573 Y282.312 E21.63245
G1 X351.573 Y281.452 E.05222
G1 X100.498 Y30.377 E21.55861
G1 X101.359 Y30.377 E.05228
G1 X351.573 Y280.591 E21.48468
G1 X351.573 Y279.731 E.05222
G1 X102.219 Y30.377 E21.41084
G1 X103.08 Y30.377 E.05228
G1 X351.573 Y278.87 E21.33691
G1 X351.573 Y278.01 E.05222
G1 X103.94 Y30.377 E21.26306
G1 X104.801 Y30.377 E.05228
G1 X351.573 Y277.149 E21.18913
G1 X351.573 Y276.289 E.05222
G1 X105.661 Y30.377 E21.11529
G1 X106.522 Y30.377 E.05228
G1 X351.573 Y275.428 E21.04136
G1 X351.573 Y274.568 E.05222
G1 X107.382 Y30.377 E20.96751
G1 X108.243 Y30.377 E.05228
G1 X351.573 Y273.707 E20.89358
G1 X351.573 Y272.847 E.05222
G1 X109.104 Y30.377 E20.8197
G1 X109.964 Y30.377 E.05222
G1 X351.573 Y271.986 E20.74581
G1 X351.573 Y271.125 E.05228
G1 X110.825 Y30.377 E20.67188
G1 X111.685 Y30.377 E.05222
G1 X351.573 Y270.265 E20.59804
G1 X351.573 Y269.404 E.05228
G1 X112.546 Y30.377 E20.52411
G1 X113.406 Y30.377 E.05222
G1 X351.573 Y268.544 E20.45026
G1 X351.573 Y267.683 E.05228
G1 X114.267 Y30.377 E20.37633
G1 X115.127 Y30.377 E.05222
G1 X351.573 Y266.823 E20.30249
G1 X351.573 Y265.962 E.05228
G1 X115.988 Y30.377 E20.22856
G1 X116.848 Y30.377 E.05222
G1 X351.573 Y265.102 E20.15471
G1 X351.573 Y264.241 E.05228
G1 X117.709 Y30.377 E20.08078
G1 X118.569 Y30.377 E.05222
G1 X351.573 Y263.381 E20.00694
G1 X351.573 Y262.52 E.05228
G1 X119.43 Y30.377 E19.93301
G1 X120.291 Y30.377 E.05228
G1 X351.573 Y261.659 E19.85908
G1 X351.573 Y260.799 E.05222
G1 X121.151 Y30.377 E19.78524
G1 X122.012 Y30.377 E.05228
G1 X351.573 Y259.938 E19.71131
G1 X351.573 Y259.078 E.05222
G1 X122.872 Y30.377 E19.63746
G1 X123.733 Y30.377 E.05228
G1 X351.573 Y258.217 E19.56353
G1 X351.573 Y257.357 E.05222
G1 X124.593 Y30.377 E19.48969
G1 X125.454 Y30.377 E.05228
G1 X351.573 Y256.496 E19.41576
G1 X351.573 Y255.636 E.05222
G1 X126.314 Y30.377 E19.34191
G1 X127.175 Y30.377 E.05228
G1 X351.573 Y254.775 E19.26798
G1 X351.573 Y253.915 E.05222
G1 X128.035 Y30.377 E19.19414
G1 X128.896 Y30.377 E.05228
G1 X351.573 Y253.054 E19.12021
G1 X351.573 Y252.193 E.05228
G1 X129.757 Y30.377 E19.04628
G1 X130.617 Y30.377 E.05222
G1 X351.573 Y251.333 E18.97244
G1 X351.573 Y250.472 E.05228
G1 X131.478 Y30.377 E18.89851
G1 X132.338 Y30.377 E.05222
G1 X351.573 Y249.612 E18.82466
G1 X351.573 Y248.751 E.05228
G1 X133.199 Y30.377 E18.75073
G1 X134.059 Y30.377 E.05222
G1 X351.573 Y247.891 E18.67689
G1 X351.573 Y247.03 E.05228
G1 X134.92 Y30.377 E18.60296
G1 X135.78 Y30.377 E.05222
G1 X351.573 Y246.17 E18.52911
G1 X351.573 Y245.309 E.05228
G1 X136.641 Y30.377 E18.45518
G1 X137.501 Y30.377 E.05222
G1 X351.573 Y244.449 E18.38134
G1 X351.573 Y243.588 E.05228
G1 X138.362 Y30.377 E18.30741
G1 X139.222 Y30.377 E.05222
G1 X351.573 Y242.728 E18.23356
G1 X351.573 Y241.867 E.05228
G1 X140.083 Y30.377 E18.15963
G1 X140.944 Y30.377 E.05228
G1 X351.573 Y241.006 E18.0857
G1 X351.573 Y240.146 E.05222
G1 X141.804 Y30.377 E18.01186
G1 X142.665 Y30.377 E.05228
G1 X351.573 Y239.285 E17.93793
G1 X351.573 Y238.425 E.05222
G1 X143.525 Y30.377 E17.86409
G1 X144.386 Y30.377 E.05228
G1 X351.573 Y237.564 E17.79016
G1 X351.573 Y236.704 E.05222
G1 X145.246 Y30.377 E17.71631
G1 X146.107 Y30.377 E.05228
G1 X351.573 Y235.843 E17.64238
G1 X351.573 Y234.983 E.05222
G1 X146.967 Y30.377 E17.56854
G1 X147.828 Y30.377 E.05228
G1 X351.573 Y234.122 E17.49461
G1 X351.573 Y233.262 E.05222
G1 X148.688 Y30.377 E17.42076
G1 X149.549 Y30.377 E.05228
G1 X351.573 Y232.401 E17.34683
G1 X351.573 Y231.54 E.05228
G1 X150.41 Y30.377 E17.2729
G1 X151.27 Y30.377 E.05222
G1 X351.573 Y230.68 E17.19906
G1 X351.573 Y229.819 E.05228
G1 X152.131 Y30.377 E17.12513
G1 X152.991 Y30.377 E.05222
G1 X351.573 Y228.959 E17.05129
G1 X351.573 Y228.098 E.05228
G1 X153.852 Y30.377 E16.97736
G1 X154.712 Y30.377 E.05222
G1 X351.573 Y227.238 E16.90351
G1 X351.573 Y226.377 E.05228
G1 X155.573 Y30.377 E16.82958
G1 X156.433 Y30.377 E.05222
G1 X351.573 Y225.517 E16.75574
G1 X351.573 Y224.656 E.05228
G1 X157.294 Y30.377 E16.68181
G1 X158.154 Y30.377 E.05222
G1 X351.573 Y223.796 E16.60796
G1 X351.573 Y222.935 E.05228
G1 X159.015 Y30.377 E16.53403
G1 X159.875 Y30.377 E.05222
G1 X351.573 Y222.075 E16.46019
G1 X351.573 Y221.214 E.05228
G1 X160.736 Y30.377 E16.38626
G1 X161.597 Y30.377 E.05228
G1 X351.573 Y220.353 E16.31233
G1 X351.573 Y219.493 E.05222
G1 X162.457 Y30.377 E16.23849
G1 X163.318 Y30.377 E.05228
G1 X351.573 Y218.632 E16.16456
G1 X351.573 Y217.772 E.05222
G1 X164.178 Y30.377 E16.09071
G1 X165.039 Y30.377 E.05228
G1 X351.573 Y216.911 E16.01678
G1 X351.573 Y216.051 E.05222
G1 X165.899 Y30.377 E15.94294
G1 X166.76 Y30.377 E.05228
G1 X351.573 Y215.19 E15.86901
G1 X351.573 Y214.33 E.05222
G1 X167.62 Y30.377 E15.79516
G1 X168.481 Y30.377 E.05228
G1 X351.573 Y213.469 E15.72123
G1 X351.573 Y212.609 E.05222
G1 X169.341 Y30.377 E15.64739
G1 X170.202 Y30.377 E.05228
G1 X351.573 Y211.748 E15.57346
G1 X351.573 Y210.887 E.05228
G1 X171.063 Y30.377 E15.49953
G1 X171.923 Y30.377 E.05222
G1 X351.573 Y210.027 E15.42569
G1 X351.573 Y209.166 E.05228
G1 X172.784 Y30.377 E15.35176
G1 X173.644 Y30.377 E.05222
G1 X351.573 Y208.306 E15.27791
G1 X351.573 Y207.445 E.05228
G1 X174.505 Y30.377 E15.20398
G1 X175.365 Y30.377 E.05222
G1 X351.573 Y206.585 E15.13014
G1 X351.573 Y205.724 E.05228
G1 X176.226 Y30.377 E15.05621
G1 X177.086 Y30.377 E.05222
G1 X351.573 Y204.864 E14.98236
G1 X351.573 Y204.003 E.05228
G1 X177.947 Y30.377 E14.90843
G1 X178.807 Y30.377 E.05222
G1 X351.573 Y203.143 E14.83459
G1 X351.573 Y202.282 E.05228
G1 X179.668 Y30.377 E14.76066
G1 X180.528 Y30.377 E.05222
G1 X351.573 Y201.422 E14.68682
G1 X351.573 Y200.561 E.05228
G1 X181.389 Y30.377 E14.61289
G1 X182.25 Y30.377 E.05228
G1 X351.573 Y199.7 E14.53896
G1 X351.573 Y198.84 E.05222
G1 X183.11 Y30.377 E14.46511
G1 X183.971 Y30.377 E.05228
G1 X351.573 Y197.979 E14.39118
G1 X351.573 Y197.119 E.05222
G1 X184.831 Y30.377 E14.31734
G1 X185.692 Y30.377 E.05228
G1 X351.573 Y196.258 E14.24341
G1 X351.573 Y195.398 E.05222
G1 X186.552 Y30.377 E14.16956
G1 X187.413 Y30.377 E.05228
G1 X351.573 Y194.537 E14.09563
G1 X351.573 Y193.677 E.05222
G1 X188.273 Y30.377 E14.02179
G1 X189.134 Y30.377 E.05228
G1 X351.573 Y192.816 E13.94786
G1 X351.573 Y191.956 E.05222
G1 X189.994 Y30.377 E13.87402
G1 X190.855 Y30.377 E.05228
G1 X351.573 Y191.095 E13.80009
G1 X351.573 Y190.234 E.05228
G1 X191.716 Y30.377 E13.72616
G1 X192.576 Y30.377 E.05222
G1 X351.573 Y189.374 E13.65231
G1 X351.573 Y188.513 E.05228
G1 X193.437 Y30.377 E13.57838
G1 X194.297 Y30.377 E.05222
G1 X351.573 Y187.653 E13.50454
G1 X351.573 Y186.792 E.05228
G1 X195.158 Y30.377 E13.43061
G1 X196.018 Y30.377 E.05222
G1 X351.573 Y185.932 E13.35676
G1 X351.573 Y185.071 E.05228
G1 X196.879 Y30.377 E13.28283
G1 X197.739 Y30.377 E.05222
G1 X351.573 Y184.211 E13.20899
G1 X351.573 Y183.35 E.05228
G1 X198.6 Y30.377 E13.13506
G1 X199.46 Y30.377 E.05222
G1 X351.573 Y182.49 E13.06122
G1 X351.573 Y181.629 E.05228
G1 X200.321 Y30.377 E12.98729
G1 X201.181 Y30.377 E.05222
G1 X351.573 Y180.769 E12.91344
G1 X351.573 Y179.908 E.05228
G1 X202.042 Y30.377 E12.83951
G1 X202.903 Y30.377 E.05228
G1 X351.573 Y179.047 E12.76558
G1 X351.573 Y178.187 E.05222
G1 X203.763 Y30.377 E12.69174
G1 X204.624 Y30.377 E.05228
G1 X351.573 Y177.326 E12.61781
G1 X351.573 Y176.466 E.05222
G1 X205.484 Y30.377 E12.54396
G1 X206.345 Y30.377 E.05228
G1 X351.573 Y175.605 E12.47003
G1 X351.573 Y174.745 E.05222
G1 X207.205 Y30.377 E12.39619
G1 X208.066 Y30.377 E.05228
G1 X351.573 Y173.884 E12.32226
G1 X351.573 Y173.024 E.05222
G1 X208.926 Y30.377 E12.24842
G1 X209.787 Y30.377 E.05228
G1 X351.573 Y172.163 E12.17449
G1 X351.573 Y171.303 E.05222
G1 X210.647 Y30.377 E12.10064
G1 X211.508 Y30.377 E.05228
G1 X351.573 Y170.442 E12.02671
G1 X351.573 Y169.581 E.05228
G1 X212.369 Y30.377 E11.95278
G1 X213.229 Y30.377 E.05222
G1 X351.573 Y168.721 E11.87894
G1 X351.573 Y167.86 E.05228
G1 X214.09 Y30.377 E11.80501
G1 X214.95 Y30.377 E.05222
G1 X351.573 Y167 E11.73116
G1 X351.573 Y166.139 E.05228
G1 X215.811 Y30.377 E11.65723
G1 X216.671 Y30.377 E.05222
G1 X351.573 Y165.279 E11.58339
G1 X351.573 Y164.418 E.05228
G1 X217.532 Y30.377 E11.50946
G1 X218.392 Y30.377 E.05222
G1 X351.573 Y163.558 E11.43562
G1 X351.573 Y162.697 E.05228
G1 X219.253 Y30.377 E11.36169
G1 X220.113 Y30.377 E.05222
G1 X351.573 Y161.837 E11.28784
G1 X351.573 Y160.976 E.05228
G1 X220.974 Y30.377 E11.21391
G1 X221.834 Y30.377 E.05222
G1 X351.573 Y160.116 E11.14007
G1 X351.573 Y159.255 E.05228
G1 X222.695 Y30.377 E11.06614
G1 X223.556 Y30.377 E.05228
G1 X351.573 Y158.394 E10.99221
G1 X351.573 Y157.534 E.05222
G1 X224.416 Y30.377 E10.91836
G1 X225.277 Y30.377 E.05228
G1 X351.573 Y156.673 E10.84443
G1 X351.573 Y155.813 E.05222
G1 X226.137 Y30.377 E10.77059
G1 X226.998 Y30.377 E.05228
G1 X351.573 Y154.952 E10.69666
G1 X351.573 Y154.092 E.05222
G1 X227.858 Y30.377 E10.62282
G1 X228.719 Y30.377 E.05228
G1 X351.573 Y153.231 E10.54889
G1 X351.573 Y152.371 E.05222
G1 X229.579 Y30.377 E10.47504
G1 X230.44 Y30.377 E.05228
G1 X351.573 Y151.51 E10.40111
G1 X351.573 Y150.65 E.05222
G1 X231.3 Y30.377 E10.32727
G1 X232.161 Y30.377 E.05228
G1 X351.573 Y149.789 E10.25334
G1 X351.573 Y148.928 E.05228
G1 X233.022 Y30.377 E10.17941
G1 X233.882 Y30.377 E.05222
G1 X351.573 Y148.068 E10.10556
G1 X351.573 Y147.207 E.05228
G1 X234.743 Y30.377 E10.03163
G1 X235.603 Y30.377 E.05222
G1 X351.573 Y146.347 E9.95779
G1 X351.573 Y145.486 E.05228
G1 X236.464 Y30.377 E9.88386
G1 X237.324 Y30.377 E.05222
G1 X351.573 Y144.626 E9.81002
G1 X351.573 Y143.765 E.05228
G1 X238.185 Y30.377 E9.73609
G1 X239.045 Y30.377 E.05222
G1 X351.573 Y142.905 E9.66224
G1 X351.573 Y142.044 E.05228
G1 X239.906 Y30.377 E9.58831
G1 X240.766 Y30.377 E.05222
G1 X351.573 Y141.184 E9.51447
G1 X351.573 Y140.323 E.05228
G1 X241.627 Y30.377 E9.44054
G1 X242.487 Y30.377 E.05222
G1 X351.573 Y139.463 E9.36669
G1 X351.573 Y138.602 E.05228
G1 X243.348 Y30.377 E9.29276
G1 X244.209 Y30.377 E.05228
G1 X351.573 Y137.741 E9.21883
G1 X351.573 Y136.881 E.05222
G1 X245.069 Y30.377 E9.14499
G1 X245.93 Y30.377 E.05228
G1 X351.573 Y136.02 E9.07106
G1 X351.573 Y135.16 E.05222
G1 X246.79 Y30.377 E8.99722
G1 X247.651 Y30.377 E.05228
G1 X351.573 Y134.299 E8.92329
G1 X351.573 Y133.439 E.05222
G1 X248.511 Y30.377 E8.84944
G1 X249.372 Y30.377 E.05228
G1 X351.573 Y132.578 E8.77551
G1 X351.573 Y131.718 E.05222
G1 X250.232 Y30.377 E8.70167
G1 X251.093 Y30.377 E.05228
G1 X351.573 Y130.857 E8.62774
G1 X351.573 Y129.997 E.05222
G1 X251.953 Y30.377 E8.55389
G1 X252.814 Y30.377 E.05228
G1 X351.573 Y129.136 E8.47996
G1 X351.573 Y128.275 E.05228
G1 X253.675 Y30.377 E8.40603
G1 X254.535 Y30.377 E.05222
G1 X351.573 Y127.415 E8.33219
G1 X351.573 Y126.554 E.05228
G1 X255.396 Y30.377 E8.25826
G1 X256.256 Y30.377 E.05222
G1 X351.573 Y125.694 E8.18441
G1 X351.573 Y124.833 E.05228
G1 X257.117 Y30.377 E8.11049
G1 X257.977 Y30.377 E.05222
G1 X351.573 Y123.973 E8.03664
G1 X351.573 Y123.112 E.05228
G1 X258.838 Y30.377 E7.96271
G1 X259.698 Y30.377 E.05222
G1 X351.573 Y122.252 E7.88887
G1 X351.573 Y121.391 E.05228
G1 X260.559 Y30.377 E7.81494
G1 X261.419 Y30.377 E.05222
G1 X351.573 Y120.531 E7.74109
G1 X351.573 Y119.67 E.05228
G1 X262.28 Y30.377 E7.66716
G1 X263.141 Y30.377 E.05228
G1 X351.573 Y118.81 E7.59328
G1 X351.573 Y117.949 E.05228
G1 X264.001 Y30.377 E7.51939
G1 X264.862 Y30.377 E.05228
G1 X351.573 Y117.088 E7.44546
G1 X351.573 Y116.228 E.05222
G1 X265.722 Y30.377 E7.37161
G1 X266.583 Y30.377 E.05228
G1 X351.573 Y115.367 E7.29768
G1 X351.573 Y114.507 E.05222
G1 X267.443 Y30.377 E7.22384
G1 X268.304 Y30.377 E.05228
G1 X351.573 Y113.646 E7.14991
G1 X351.573 Y112.786 E.05222
G1 X269.164 Y30.377 E7.07607
G1 X270.025 Y30.377 E.05228
G1 X351.573 Y111.925 E7.00214
G1 X351.573 Y111.065 E.05222
G1 X270.885 Y30.377 E6.92829
G1 X271.746 Y30.377 E.05228
G1 X351.573 Y110.204 E6.85436
G1 X351.573 Y109.344 E.05222
G1 X272.606 Y30.377 E6.78052
G1 X273.467 Y30.377 E.05228
G1 X351.573 Y108.483 E6.70659
G1 X351.573 Y107.622 E.05228
G1 X274.328 Y30.377 E6.63266
G1 X275.188 Y30.377 E.05222
G1 X351.573 Y106.762 E6.55881
G1 X351.573 Y105.901 E.05228
G1 X276.049 Y30.377 E6.48488
G1 X276.909 Y30.377 E.05222
G1 X351.573 Y105.041 E6.41104
G1 X351.573 Y104.18 E.05228
G1 X277.77 Y30.377 E6.33711
G1 X278.63 Y30.377 E.05222
G1 X351.573 Y103.32 E6.26327
G1 X351.573 Y102.459 E.05228
G1 X279.491 Y30.377 E6.18934
G1 X280.351 Y30.377 E.05222
G1 X351.573 Y101.599 E6.11549
G1 X351.573 Y100.738 E.05228
G1 X281.212 Y30.377 E6.04156
G1 X282.072 Y30.377 E.05222
G1 X351.573 Y99.878 E5.96772
G1 X351.573 Y99.017 E.05228
G1 X282.933 Y30.377 E5.89379
G1 X283.794 Y30.377 E.05228
G1 X351.573 Y98.156 E5.81986
G1 X351.573 Y97.296 E.05222
G1 X284.654 Y30.377 E5.74601
G1 X285.515 Y30.377 E.05228
G1 X351.573 Y96.435 E5.67208
G1 X351.573 Y95.575 E.05222
G1 X286.375 Y30.377 E5.59824
G1 X287.236 Y30.377 E.05228
G1 X351.573 Y94.714 E5.52431
G1 X351.573 Y93.854 E.05222
G1 X288.096 Y30.377 E5.45047
G1 X288.957 Y30.377 E.05228
G1 X351.573 Y92.993 E5.37654
G1 X351.573 Y92.133 E.05222
G1 X289.817 Y30.377 E5.30269
G1 X290.678 Y30.377 E.05228
G1 X351.573 Y91.272 E5.22876
G1 X351.573 Y90.412 E.05222
G1 X291.538 Y30.377 E5.15492
G1 X292.399 Y30.377 E.05228
G1 X351.573 Y89.551 E5.08099
G1 X351.573 Y88.691 E.05222
G1 X293.259 Y30.377 E5.00714
G1 X294.12 Y30.377 E.05228
G1 X351.573 Y87.83 E4.93321
G1 X351.573 Y86.969 E.05228
G1 X294.981 Y30.377 E4.85928
G1 X295.841 Y30.377 E.05222
G1 X351.573 Y86.109 E4.78544
G1 X351.573 Y85.248 E.05228
G1 X296.702 Y30.377 E4.71151
G1 X297.562 Y30.377 E.05222
G1 X351.573 Y84.388 E4.63767
G1 X351.573 Y83.527 E.05228
G1 X298.423 Y30.377 E4.56374
G1 X299.283 Y30.377 E.05222
G1 X351.573 Y82.667 E4.48989
G1 X351.573 Y81.806 E.05228
G1 X300.144 Y30.377 E4.41596
G1 X301.004 Y30.377 E.05222
G1 X351.573 Y80.946 E4.34212
G1 X351.573 Y80.085 E.05228
G1 X301.865 Y30.377 E4.26819
G1 X302.725 Y30.377 E.05222
G1 X351.573 Y79.225 E4.19434
G1 X351.573 Y78.364 E.05228
G1 X303.586 Y30.377 E4.12041
G1 X304.447 Y30.377 E.05228
G1 X351.573 Y77.503 E4.04648
G1 X351.573 Y76.643 E.05222
G1 X305.307 Y30.377 E3.97264
G1 X306.168 Y30.377 E.05228
G1 X351.573 Y75.782 E3.89871
G1 X351.573 Y74.922 E.05222
G1 X307.028 Y30.377 E3.82487
G1 X307.889 Y30.377 E.05228
G1 X351.573 Y74.061 E3.75094
G1 X351.573 Y73.201 E.05222
G1 X308.749 Y30.377 E3.67709
G1 X309.61 Y30.377 E.05228
G1 X351.573 Y72.34 E3.60316
G1 X351.573 Y71.48 E.05222
G1 X310.47 Y30.377 E3.52932
G1 X311.331 Y30.377 E.05228
G1 X351.573 Y70.619 E3.45539
G1 X351.573 Y69.759 E.05222
G1 X312.191 Y30.377 E3.38154
G1 X313.052 Y30.377 E.05228
G1 X351.573 Y68.898 E3.30761
G1 X351.573 Y68.038 E.05222
G1 X313.912 Y30.377 E3.23377
G1 X314.773 Y30.377 E.05228
G1 X351.573 Y67.177 E3.15984
G1 X351.573 Y66.316 E.05228
G1 X315.634 Y30.377 E3.08591
G1 X316.494 Y30.377 E.05222
G1 X351.573 Y65.456 E3.01207
G1 X351.573 Y64.595 E.05228
G1 X317.355 Y30.377 E2.93814
G1 X318.215 Y30.377 E.05222
G1 X351.573 Y63.735 E2.86429
G1 X351.573 Y62.874 E.05228
G1 X319.076 Y30.377 E2.79036
G1 X319.936 Y30.377 E.05222
G1 X351.573 Y62.014 E2.71652
G1 X351.573 Y61.153 E.05228
G1 X320.797 Y30.377 E2.64259
G1 X321.657 Y30.377 E.05222
G1 X351.573 Y60.293 E2.56874
G1 X351.573 Y59.432 E.05228
G1 X322.518 Y30.377 E2.49481
G1 X323.378 Y30.377 E.05222
G1 X351.573 Y58.572 E2.42097
G1 X351.573 Y57.711 E.05228
G1 X324.239 Y30.377 E2.34704
G1 X325.1 Y30.377 E.05228
G1 X351.573 Y56.85 E2.27311
G1 X351.573 Y55.99 E.05222
G1 X325.96 Y30.377 E2.19927
G1 X326.821 Y30.377 E.05228
G1 X351.573 Y55.129 E2.12534
G1 X351.573 Y54.269 E.05222
G1 X327.681 Y30.377 E2.05149
G1 X328.542 Y30.377 E.05228
G1 X351.573 Y53.408 E1.97756
G1 X351.573 Y52.548 E.05222
G1 X329.402 Y30.377 E1.90372
G1 X330.263 Y30.377 E.05228
G1 X351.573 Y51.687 E1.82979
G1 X351.573 Y50.827 E.05222
G1 X331.123 Y30.377 E1.75594
G1 X331.984 Y30.377 E.05228
G1 X351.573 Y49.966 E1.68201
G1 X351.573 Y49.106 E.05222
G1 X332.844 Y30.377 E1.60817
G1 X333.705 Y30.377 E.05228
G1 X351.573 Y48.245 E1.53424
G1 X351.573 Y47.385 E.05222
G1 X334.565 Y30.377 E1.4604
G1 X335.426 Y30.377 E.05228
G1 X351.573 Y46.524 E1.38647
G1 X351.573 Y45.663 E.05228
G1 X336.287 Y30.377 E1.31254
G1 X337.147 Y30.377 E.05222
G1 X351.573 Y44.803 E1.23869
G1 X351.573 Y43.942 E.05228
G1 X338.008 Y30.377 E1.16476
G1 X338.868 Y30.377 E.05222
G1 X351.573 Y43.082 E1.09092
G1 X351.573 Y42.221 E.05228
G1 X339.729 Y30.377 E1.01699
G1 X340.589 Y30.377 E.05222
G1 X351.573 Y41.361 E.94314
G1 X351.573 Y40.5 E.05228
G1 X341.45 Y30.377 E.86921
G1 X342.31 Y30.377 E.05222
G1 X351.573 Y39.64 E.79537
G1 X351.573 Y38.779 E.05228
G1 X343.171 Y30.377 E.72144
G1 X344.031 Y30.377 E.05222
G1 X351.573 Y37.919 E.6476
G1 X351.573 Y37.058 E.05228
G1 X344.892 Y30.377 E.57367
G1 X345.753 Y30.377 E.05228
G1 X351.573 Y36.197 E.49974
G1 X351.573 Y35.337 E.05222
G1 X346.613 Y30.377 E.42589
G1 X347.474 Y30.377 E.05228
G1 X351.573 Y34.476 E.35196
G1 X351.573 Y33.616 E.05222
G1 X348.334 Y30.377 E.27812
G1 X349.195 Y30.377 E.05228
G1 X351.573 Y32.755 E.20419
G1 X351.581 Y31.903 E.05173
G1 X350.055 Y30.377 E.13103
G1 X350.96 Y30.396 E.05496
;WIDTH:0.697003
G1 X351.443 Y30.396 E.03111
G1 X352.103 Y30.446 E.04263
G1 X352.369 Y30.565 E.01877
G1 X351.789 Y31.224 E.05654
G1 X351.176 Y30.611 E.05584
;LAYER_CHANGE
;Z:5.34
;HEIGHT:0.24
;BEFORE_LAYER_CHANGE
G92 E0
;5.34


G1 E-4.2 F3600
;WIPE_START
G1 F7200
G1 X351.789 Y31.224 E-.41178
G1 X352.369 Y30.565 E-.417
G1 X352.103 Y30.446 E-.13842
G1 X351.443 Y30.396 E-.3144
G1 X350.96 Y30.396 E-.22943
G1 X350.352 Y30.383 E-.28897
;WIPE_END
G1 Z5.34 F9000
;AFTER_LAYER_CHANGE
;5.34
G1 X352.31 Y31.36
G1 E6 F2400
;TYPE:Perimeter
;WIDTH:0.755752
G1 X352.308 Y31.362 E.0002
;WIDTH:0.707876
G1 X352.218 Y31.445 E.00802
;WIDTH:0.659999
G1 X352.077 Y31.727 E.01914
G1 X352.042 Y31.974 E.01515
G1 X352.042 Y370.092 E20.52913
G1 X47.958 Y370.092 E18.46273
G1 X47.958 Y31.974 E20.52913
G1 X47.923 Y31.727 E.01515
G1 X47.782 Y31.445 E.01914
G1 X47.491 Y31.195 E.02329
;WIDTH:0.707876
G1 X47.422 Y31.154 E.00526
;WIDTH:0.755752
G1 X47.353 Y31.113 E.00564
;WIDTH:0.803628
G1 X47.283 Y31.072 E.00609
;WIDTH:0.851505
G1 X47.214 Y31.03 E.00645
;WIDTH:0.899381
G1 X47.145 Y30.989 E.00679
;WIDTH:0.947257
G1 X47.076 Y30.948 E.00717
G1 X45.202 Y30.948 E.1675
G1 X45.202 Y30.052 E.08008
G1 X47.076 Y30.052 E.1675
G1 X47.199 Y30.028 E.0112
;WIDTH:0.899381
G1 X47.321 Y30.004 E.01052
;WIDTH:0.851505
G1 X47.444 Y29.98 E.01
;WIDTH:0.803628
G1 X47.567 Y29.956 E.0094
;WIDTH:0.755752
G1 X47.69 Y29.932 E.00881
;WIDTH:0.707876
G1 X47.813 Y29.908 E.00821
;WIDTH:0.659999
G1 X351.45 Y29.908 E18.43559
;WIDTH:0.68804
G1 X351.819 Y29.923 E.02346
;WIDTH:0.716081
G1 X352.187 Y29.937 E.02442
;WIDTH:0.764551
G1 X352.283 Y29.961 E.00704
;WIDTH:0.81302
G1 X352.379 Y29.985 E.00752
;WIDTH:0.861489
G1 X352.475 Y30.009 E.008
;WIDTH:0.909958
G1 X352.572 Y30.033 E.00856
;WIDTH:0.958427
G1 X352.668 Y30.058 E.00898
G1 X352.924 Y30.052 E.02317
;WIDTH:0.947257
G1 X354.798 Y30.052 E.1675
G1 X354.798 Y30.948 E.08008
G1 X352.757 Y30.948 E.18242
G1 X352.667 Y31.031 E.01094
;WIDTH:0.899381
G1 X352.577 Y31.113 E.0103
;WIDTH:0.851505
G1 X352.487 Y31.196 E.00977
;WIDTH:0.803628
G1 X352.398 Y31.279 E.00913
;WIDTH:0.755752
G1 X352.376 Y31.299 E.00209
G1 X352.73 Y31.778 F9000
;TYPE:External perimeter
;WIDTH:0.629999
G1 F1500
G1 X352.693 Y31.801 E.00251
G1 X352.635 Y31.974 E.01053
G1 X352.635 Y370.685 E19.55123
G1 X47.365 Y370.685 E17.62094
G1 X47.365 Y31.907 E19.5551
G1 X47.212 Y31.719 E.01399
G1 X47.076 Y31.685 E.00809
G1 X44.465 Y31.685 E.15071
G1 X44.465 Y29.315 E.1368
G1 X355.535 Y29.315 E17.95573
G1 X355.535 Y31.685 E.1368
G1 X352.881 Y31.685 E.1532
G1 X352.807 Y31.731 E.00503
G1 E-4.2 F3600
;WIPE_START
G1 F7200
G1 X352.73 Y31.778 E-.04285
G1 X352.693 Y31.801 E-.02069
G1 X352.635 Y31.974 E-.08667
G1 X352.635 Y35.447 E-1.64979
;WIPE_END
G1 X340.858 Y369.546 F9000
G1 E6 F2400
M204 S250
;TYPE:Bridge infill
;WIDTH:0.711768
;HEIGHT:0.584808
G1 F1500
G1 X351.56 Y369.546 E1.77038
G1 X351.56 Y368.785 E.12589
G1 X341.15 Y368.785 E1.72207
G1 X341.227 Y368.417 E.06219
G1 X341.391 Y368.023 E.0706
G1 X351.56 Y368.023 E1.68221
G1 X351.56 Y367.261 E.12605
G1 X341.66 Y367.261 E1.63771
M204 S500
G1 E-4.2 F3600
;WIPE_START
G1 F7200
G1 X345.449 Y367.261 E-1.8
;WIPE_END
G1 X339.823 Y369.9 F9000
G1 E6 F2400
;TYPE:Top solid infill
;WIDTH:0.600581
;HEIGHT:0.24
G1 F1800
G1 X340.798 Y368.925 E.07554
G1 E-4.2 F3600
;WIPE_START
G1 F7200
G1 X339.823 Y369.9 E-.65496
;WIPE_END
G1 E-1.14504 F3600
G1 X350.74 Y366.748 F9000
G1 E6 F2400
G1 F1800
G1 X351.603 Y365.885 E.06687
G1 X351.603 Y365.109 E.04251
G1 X350.21 Y366.502 E.10793
G1 X349.434 Y366.502 E.04251
G1 X351.603 Y364.332 E.16809
G1 X351.603 Y363.556 E.04251
G1 X348.657 Y366.502 E.22826
G1 X347.881 Y366.502 E.04251
G1 X351.603 Y362.779 E.28842
G1 X351.603 Y362.003 E.04251
G1 X347.104 Y366.502 E.34859
G1 X346.328 Y366.502 E.04251
G1 X351.603 Y361.226 E.40875
G1 X351.603 Y360.45 E.04251
G1 X345.551 Y366.502 E.46891
G1 X344.775 Y366.502 E.04251
G1 X351.603 Y359.673 E.52908
G1 X351.603 Y358.897 E.04251
G1 X343.998 Y366.502 E.58924
G1 X343.221 Y366.502 E.04257
G1 X351.603 Y358.12 E.64944
G1 X351.603 Y357.344 E.04251
G1 X342.353 Y366.594 E.7167
G1 X341.893 Y366.772 E.02702
G1 X341.723 Y366.857 E.01041
G1 X341.474 Y367.018 E.01625
G1 X341.271 Y367.187 E.01447
G1 X341.096 Y367.386 E.01452
G1 X340.907 Y367.673 E.01883
G1 X340.822 Y367.843 E.01041
G1 X340.644 Y368.303 E.02702
G1 X339.294 Y369.653 E.1046
G1 X338.517 Y369.653 E.04257
G1 X351.603 Y356.567 E1.01391
G1 X351.603 Y355.791 E.04251
G1 X337.741 Y369.653 E1.07404
G1 X336.964 Y369.653 E.04257
G1 X351.603 Y355.014 E1.13424
G1 X351.603 Y354.238 E.04251
G1 X336.188 Y369.653 E1.19436
G1 X335.411 Y369.653 E.04257
G1 X351.603 Y353.461 E1.25457
G1 X351.603 Y352.685 E.04251
G1 X334.635 Y369.653 E1.31469
G1 X333.858 Y369.653 E.04257
G1 X351.603 Y351.908 E1.37489
G1 X351.603 Y351.132 E.04251
G1 X333.082 Y369.653 E1.43502
G1 X332.305 Y369.653 E.04257
G1 X351.603 Y350.355 E1.49522
G1 X351.603 Y349.579 E.04251
G1 X331.529 Y369.653 E1.55535
G1 X330.752 Y369.653 E.04257
G1 X351.603 Y348.802 E1.61555
G1 X351.603 Y348.025 E.04257
G1 X329.975 Y369.653 E1.67575
G1 X329.199 Y369.653 E.04251
G1 X351.603 Y347.249 E1.73588
G1 X351.603 Y346.472 E.04257
G1 X328.422 Y369.653 E1.79608
G1 X327.646 Y369.653 E.04251
G1 X351.603 Y345.696 E1.8562
G1 X351.603 Y344.919 E.04257
G1 X326.869 Y369.653 E1.91641
G1 X326.093 Y369.653 E.04251
G1 X351.603 Y344.143 E1.97653
G1 X351.603 Y343.366 E.04257
G1 X325.316 Y369.653 E2.03673
G1 X324.54 Y369.653 E.04251
G1 X351.603 Y342.59 E2.09686
G1 X351.603 Y341.813 E.04257
G1 X323.763 Y369.653 E2.15706
G1 X322.987 Y369.653 E.04251
G1 X351.603 Y341.037 E2.21719
G1 X351.603 Y340.26 E.04257
G1 X322.21 Y369.653 E2.27739
G1 X321.434 Y369.653 E.04251
G1 X351.603 Y339.484 E2.33751
G1 X351.603 Y338.707 E.04257
G1 X320.657 Y369.653 E2.39772
G1 X319.881 Y369.653 E.04251
G1 X351.603 Y337.931 E2.45784
G1 X351.603 Y337.154 E.04257
G1 X319.104 Y369.653 E2.51804
G1 X318.328 Y369.653 E.04251
G1 X351.603 Y336.378 E2.57817
G1 X351.603 Y335.601 E.04257
G1 X317.551 Y369.653 E2.63837
G1 X316.775 Y369.653 E.04251
G1 X351.603 Y334.825 E2.6985
G1 X351.603 Y334.048 E.04257
G1 X315.998 Y369.653 E2.7587
G1 X315.222 Y369.653 E.04251
G1 X351.603 Y333.272 E2.81882
G1 X351.603 Y332.495 E.04257
G1 X314.445 Y369.653 E2.87903
G1 X313.669 Y369.653 E.04251
G1 X351.603 Y331.719 E2.93915
G1 X351.603 Y330.942 E.04257
G1 X312.892 Y369.653 E2.99935
G1 X312.116 Y369.653 E.04251
G1 X351.603 Y330.166 E3.05948
G1 X351.603 Y329.389 E.04257
G1 X311.339 Y369.653 E3.11968
G1 X310.563 Y369.653 E.04251
G1 X351.603 Y328.613 E3.17981
G1 X351.603 Y327.836 E.04257
G1 X309.786 Y369.653 E3.24001
G1 X309.01 Y369.653 E.04251
G1 X351.603 Y327.06 E3.30013
G1 X351.603 Y326.283 E.04257
G1 X308.233 Y369.653 E3.36034
G1 X307.457 Y369.653 E.04251
G1 X351.603 Y325.507 E3.42046
G1 X351.603 Y324.73 E.04257
G1 X306.68 Y369.653 E3.48066
G1 X305.904 Y369.653 E.04251
G1 X351.603 Y323.954 E3.54079
G1 X351.603 Y323.177 E.04257
G1 X305.127 Y369.653 E3.60099
G1 X304.351 Y369.653 E.04251
G1 X351.603 Y322.401 E3.66112
G1 X351.603 Y321.624 E.04257
G1 X303.574 Y369.653 E3.72132
G1 X302.798 Y369.653 E.04251
G1 X351.603 Y320.848 E3.78144
G1 X351.603 Y320.071 E.04257
G1 X302.021 Y369.653 E3.84165
G1 X301.245 Y369.653 E.04251
G1 X351.603 Y319.295 E3.90177
G1 X351.603 Y318.518 E.04257
G1 X300.468 Y369.653 E3.96197
G1 X299.692 Y369.653 E.04251
G1 X351.603 Y317.742 E4.0221
G1 X351.603 Y316.965 E.04257
G1 X298.915 Y369.653 E4.0823
G1 X298.138 Y369.653 E.04257
G1 X351.603 Y316.189 E4.14247
G1 X351.603 Y315.412 E.04257
G1 X297.362 Y369.653 E4.20263
G1 X296.585 Y369.653 E.04257
G1 X351.603 Y314.635 E4.26283
G1 X351.603 Y313.859 E.04251
G1 X295.809 Y369.653 E4.32296
G1 X295.032 Y369.653 E.04257
G1 X351.603 Y313.082 E4.38316
G1 X351.603 Y312.306 E.04251
G1 X294.256 Y369.653 E4.44328
G1 X293.479 Y369.653 E.04257
G1 X351.603 Y311.529 E4.50349
G1 X351.603 Y310.753 E.04251
G1 X292.703 Y369.653 E4.56361
G1 X291.926 Y369.653 E.04257
G1 X351.603 Y309.976 E4.62381
G1 X351.603 Y309.2 E.04251
G1 X291.15 Y369.653 E4.68394
G1 X290.373 Y369.653 E.04257
G1 X351.603 Y308.423 E4.74414
G1 X351.603 Y307.647 E.04251
G1 X289.597 Y369.653 E4.80427
G1 X288.82 Y369.653 E.04257
G1 X351.603 Y306.87 E4.86447
G1 X351.603 Y306.094 E.04251
G1 X288.044 Y369.653 E4.92459
G1 X287.267 Y369.653 E.04257
G1 X351.603 Y305.317 E4.9848
G1 X351.603 Y304.541 E.04251
G1 X286.491 Y369.653 E5.04492
G1 X285.714 Y369.653 E.04257
G1 X351.603 Y303.764 E5.10512
G1 X351.603 Y302.988 E.04251
G1 X284.938 Y369.653 E5.16525
G1 X284.161 Y369.653 E.04257
G1 X351.603 Y302.211 E5.22545
G1 X351.603 Y301.435 E.04251
G1 X283.385 Y369.653 E5.28558
G1 X282.608 Y369.653 E.04257
G1 X351.603 Y300.658 E5.34578
G1 X351.603 Y299.882 E.04251
G1 X281.832 Y369.653 E5.4059
G1 X281.055 Y369.653 E.04257
G1 X351.603 Y299.105 E5.46611
G1 X351.603 Y298.329 E.04251
G1 X280.279 Y369.653 E5.52623
G1 X279.502 Y369.653 E.04257
G1 X351.603 Y297.552 E5.58643
G1 X351.603 Y296.776 E.04251
G1 X278.726 Y369.653 E5.64656
G1 X277.949 Y369.653 E.04257
G1 X351.603 Y295.999 E5.70676
G1 X351.603 Y295.223 E.04251
G1 X277.173 Y369.653 E5.76689
G1 X276.396 Y369.653 E.04257
G1 X351.603 Y294.446 E5.82709
G1 X351.603 Y293.67 E.04251
G1 X275.62 Y369.653 E5.88721
G1 X274.843 Y369.653 E.04257
G1 X351.603 Y292.893 E5.94742
G1 X351.603 Y292.117 E.04251
G1 X274.067 Y369.653 E6.00754
G1 X273.29 Y369.653 E.04257
G1 X351.603 Y291.34 E6.06774
G1 X351.603 Y290.564 E.04251
G1 X272.514 Y369.653 E6.12787
G1 X271.737 Y369.653 E.04257
G1 X351.603 Y289.787 E6.18807
G1 X351.603 Y289.011 E.04251
G1 X270.961 Y369.653 E6.2482
G1 X270.184 Y369.653 E.04257
G1 X351.603 Y288.234 E6.3084
G1 X351.603 Y287.458 E.04251
G1 X269.408 Y369.653 E6.36853
G1 X268.631 Y369.653 E.04257
G1 X351.603 Y286.681 E6.42873
G1 X351.603 Y285.905 E.04251
G1 X267.855 Y369.653 E6.48885
G1 X267.078 Y369.653 E.04257
G1 X351.603 Y285.128 E6.54906
G1 X351.603 Y284.352 E.04251
G1 X266.301 Y369.653 E6.60922
G1 X265.525 Y369.653 E.04251
G1 X351.603 Y283.575 E6.66938
G1 X351.603 Y282.798 E.04257
G1 X264.748 Y369.653 E6.72959
G1 X263.972 Y369.653 E.04251
G1 X351.603 Y282.022 E6.78971
G1 X351.603 Y281.245 E.04257
G1 X263.195 Y369.653 E6.84991
G1 X262.419 Y369.653 E.04251
G1 X351.603 Y280.469 E6.91004
G1 X351.603 Y279.692 E.04257
G1 X261.642 Y369.653 E6.97024
G1 X260.866 Y369.653 E.04251
G1 X351.603 Y278.916 E7.03037
G1 X351.603 Y278.139 E.04257
G1 X260.089 Y369.653 E7.09057
G1 X259.313 Y369.653 E.04251
G1 X351.603 Y277.363 E7.15069
G1 X351.603 Y276.586 E.04257
G1 X258.536 Y369.653 E7.2109
G1 X257.76 Y369.653 E.04251
G1 X351.603 Y275.81 E7.27102
G1 X351.603 Y275.033 E.04257
G1 X256.983 Y369.653 E7.33122
G1 X256.207 Y369.653 E.04251
G1 X351.603 Y274.257 E7.39135
G1 X351.603 Y273.48 E.04257
G1 X255.43 Y369.653 E7.45155
G1 X254.654 Y369.653 E.04251
G1 X351.603 Y272.704 E7.51168
G1 X351.603 Y271.927 E.04257
G1 X253.877 Y369.653 E7.57188
G1 X253.101 Y369.653 E.04251
G1 X351.603 Y271.151 E7.632
G1 X351.603 Y270.374 E.04257
G1 X252.324 Y369.653 E7.69221
G1 X251.548 Y369.653 E.04251
G1 X351.603 Y269.598 E7.75233
G1 X351.603 Y268.821 E.04257
G1 X250.771 Y369.653 E7.81253
G1 X249.995 Y369.653 E.04251
G1 X351.603 Y268.045 E7.87266
G1 X351.603 Y267.268 E.04257
G1 X249.218 Y369.653 E7.93286
G1 X248.442 Y369.653 E.04251
G1 X351.603 Y266.492 E7.99299
G1 X351.603 Y265.715 E.04257
G1 X247.665 Y369.653 E8.05319
G1 X246.889 Y369.653 E.04251
G1 X351.603 Y264.939 E8.11331
G1 X351.603 Y264.162 E.04257
G1 X246.112 Y369.653 E8.17352
G1 X245.336 Y369.653 E.04251
G1 X351.603 Y263.386 E8.23364
G1 X351.603 Y262.609 E.04257
G1 X244.559 Y369.653 E8.29384
G1 X243.783 Y369.653 E.04251
G1 X351.603 Y261.833 E8.35397
G1 X351.603 Y261.056 E.04257
G1 X243.006 Y369.653 E8.41417
G1 X242.23 Y369.653 E.04251
G1 X351.603 Y260.28 E8.4743
G1 X351.603 Y259.503 E.04257
G1 X241.453 Y369.653 E8.5345
G1 X240.677 Y369.653 E.04251
G1 X351.603 Y258.727 E8.59462
G1 X351.603 Y257.95 E.04257
G1 X239.9 Y369.653 E8.65483
G1 X239.124 Y369.653 E.04251
G1 X351.603 Y257.174 E8.71495
G1 X351.603 Y256.397 E.04257
G1 X238.347 Y369.653 E8.77515
G1 X237.571 Y369.653 E.04251
G1 X351.603 Y255.621 E8.83528
G1 X351.603 Y254.844 E.04257
G1 X236.794 Y369.653 E8.89548
G1 X236.018 Y369.653 E.04251
G1 X351.603 Y254.068 E8.95561
G1 X351.603 Y253.291 E.04257
G1 X235.241 Y369.653 E9.01581
G1 X234.464 Y369.653 E.04257
G1 X351.603 Y252.515 E9.07597
G1 X351.603 Y251.738 E.04257
G1 X233.688 Y369.653 E9.13614
G1 X232.911 Y369.653 E.04257
G1 X351.603 Y250.961 E9.19634
G1 X351.603 Y250.185 E.04251
G1 X232.135 Y369.653 E9.25646
G1 X231.358 Y369.653 E.04257
G1 X351.603 Y249.408 E9.31667
G1 X351.603 Y248.632 E.04251
G1 X230.582 Y369.653 E9.37679
G1 X229.805 Y369.653 E.04257
G1 X351.603 Y247.855 E9.43699
G1 X351.603 Y247.079 E.04251
G1 X229.029 Y369.653 E9.49712
G1 X228.252 Y369.653 E.04257
G1 X351.603 Y246.302 E9.55732
G1 X351.603 Y245.526 E.04251
G1 X227.476 Y369.653 E9.61745
G1 X226.699 Y369.653 E.04257
G1 X351.603 Y244.749 E9.67765
G1 X351.603 Y243.973 E.04251
G1 X225.923 Y369.653 E9.73777
G1 X225.146 Y369.653 E.04257
G1 X351.603 Y243.196 E9.79798
G1 X351.603 Y242.42 E.04251
G1 X224.37 Y369.653 E9.8581
G1 X223.593 Y369.653 E.04257
G1 X351.603 Y241.643 E9.9183
G1 X351.603 Y240.867 E.04251
G1 X222.817 Y369.653 E9.97843
G1 X222.04 Y369.653 E.04257
G1 X351.603 Y240.09 E10.03863
G1 X351.603 Y239.314 E.04251
G1 X221.264 Y369.653 E10.09876
G1 X220.487 Y369.653 E.04257
G1 X351.603 Y238.537 E10.15896
G1 X351.603 Y237.761 E.04251
G1 X219.711 Y369.653 E10.21908
G1 X218.934 Y369.653 E.04257
G1 X351.603 Y236.984 E10.27929
G1 X351.603 Y236.208 E.04251
G1 X218.158 Y369.653 E10.33941
G1 X217.381 Y369.653 E.04257
G1 X351.603 Y235.431 E10.39961
G1 X351.603 Y234.655 E.04251
G1 X216.605 Y369.653 E10.45974
G1 X215.828 Y369.653 E.04257
G1 X351.603 Y233.878 E10.51994
G1 X351.603 Y233.102 E.04251
G1 X215.052 Y369.653 E10.58007
G1 X214.275 Y369.653 E.04257
G1 X351.603 Y232.325 E10.64027
G1 X351.603 Y231.549 E.04251
G1 X213.499 Y369.653 E10.70039
G1 X212.722 Y369.653 E.04257
G1 X351.603 Y230.772 E10.7606
G1 X351.603 Y229.996 E.04251
G1 X211.946 Y369.653 E10.82072
G1 X211.169 Y369.653 E.04257
G1 X351.603 Y229.219 E10.88092
G1 X351.603 Y228.443 E.04251
G1 X210.393 Y369.653 E10.94105
G1 X209.616 Y369.653 E.04257
G1 X351.603 Y227.666 E11.00125
G1 X351.603 Y226.89 E.04251
G1 X208.84 Y369.653 E11.06138
G1 X208.063 Y369.653 E.04257
G1 X351.603 Y226.113 E11.12158
G1 X351.603 Y225.337 E.04251
G1 X207.448 Y369.491 E11.16919
G1 X207.438 Y368.725 E.04197
G1 X351.603 Y224.56 E11.17
G1 X351.603 Y223.784 E.04251
G1 X207.285 Y368.101 E11.18182
G1 X207.147 Y367.775 E.01939
G1 X207.034 Y367.576 E.01254
G1 X351.603 Y223.007 E11.20131
G1 X351.603 Y222.231 E.04251
G1 X206.686 Y367.147 E11.22823
G1 X206.504 Y367.002 E.01275
G1 X206.227 Y366.83 E.01786
G1 X351.603 Y221.454 E11.26383
G1 X351.603 Y220.678 E.04251
G1 X205.678 Y366.603 E11.30637
G1 X205.337 Y366.526 E.01915
G1 X205.002 Y366.502 E.0184
G1 X351.603 Y219.901 E11.35875
G1 X351.603 Y219.125 E.04251
G1 X204.226 Y366.502 E11.41887
G1 X203.449 Y366.502 E.04257
G1 X351.603 Y218.348 E11.47907
G1 X351.603 Y217.571 E.04257
G1 X202.673 Y366.502 E11.53924
G1 X201.896 Y366.502 E.04257
G1 X351.603 Y216.795 E11.5994
G1 X351.603 Y216.018 E.04257
G1 X201.12 Y366.502 E11.65956
G1 X200.343 Y366.502 E.04257
G1 X351.603 Y215.242 E11.71973
G1 X351.603 Y214.465 E.04257
G1 X199.567 Y366.502 E11.77989
G1 X198.79 Y366.502 E.04257
G1 X351.603 Y213.689 E11.84006
G1 X351.603 Y212.912 E.04257
G1 X198.014 Y366.502 E11.90022
G1 X197.237 Y366.502 E.04257
G1 X351.603 Y212.136 E11.96038
G1 X351.603 Y211.359 E.04257
G1 X196.461 Y366.502 E12.02055
G1 X195.684 Y366.502 E.04257
G1 X351.603 Y210.583 E12.08071
G1 X351.603 Y209.806 E.04257
G1 X194.6 Y366.81 E12.16474
G1 E-4.2 F3600
;WIPE_START
G1 F7200
G1 X197.28 Y364.13 E-1.8
;WIPE_END
G1 X192.898 Y369.287 F9000
G1 E6 F2400
G1 F1800
G1 X192.533 Y369.653 E.02832
G1 X191.756 Y369.653 E.04257
G1 X192.96 Y368.45 E.09325
G1 E-4.2 F3600
;WIPE_START
G1 F7200
G1 X191.756 Y369.653 E-.80845
G1 X192.533 Y369.653 E-.36908
G1 X192.898 Y369.287 E-.24553
;WIPE_END
G1 E-.37694 F3600
G1 X190.733 Y369.9 F9000
G1 E6 F2400
G1 F1800
G1 X351.603 Y209.03 E12.46432
G1 X351.603 Y208.253 E.04257
G1 X190.203 Y369.653 E12.50538
G1 X189.427 Y369.653 E.04251
G1 X351.603 Y207.477 E12.56551
G1 X351.603 Y206.7 E.04257
G1 X188.65 Y369.653 E12.62571
G1 X187.874 Y369.653 E.04251
G1 X351.603 Y205.924 E12.68584
G1 X351.603 Y205.147 E.04257
G1 X187.097 Y369.653 E12.74604
G1 X186.321 Y369.653 E.04251
G1 X351.603 Y204.371 E12.80616
G1 X351.603 Y203.594 E.04257
G1 X185.544 Y369.653 E12.86637
G1 X184.768 Y369.653 E.04251
G1 X351.603 Y202.818 E12.92649
G1 X351.603 Y202.041 E.04257
G1 X183.991 Y369.653 E12.98669
G1 X183.215 Y369.653 E.04251
G1 X351.603 Y201.265 E13.04682
G1 X351.603 Y200.488 E.04257
G1 X182.438 Y369.653 E13.10702
G1 X181.662 Y369.653 E.04251
G1 X351.603 Y199.712 E13.16715
G1 X351.603 Y198.935 E.04257
G1 X180.885 Y369.653 E13.22735
G1 X180.109 Y369.653 E.04251
G1 X351.603 Y198.159 E13.28747
G1 X351.603 Y197.382 E.04257
G1 X179.332 Y369.653 E13.34768
G1 X178.556 Y369.653 E.04251
G1 X351.603 Y196.606 E13.4078
G1 X351.603 Y195.829 E.04257
G1 X177.779 Y369.653 E13.468
G1 X177.003 Y369.653 E.04251
G1 X351.603 Y195.053 E13.52813
G1 X351.603 Y194.276 E.04257
G1 X176.226 Y369.653 E13.58833
G1 X175.45 Y369.653 E.04251
G1 X351.603 Y193.5 E13.64846
G1 X351.603 Y192.723 E.04257
G1 X174.673 Y369.653 E13.70866
G1 X173.897 Y369.653 E.04251
G1 X351.603 Y191.947 E13.76878
G1 X351.603 Y191.17 E.04257
G1 X173.12 Y369.653 E13.82899
G1 X172.344 Y369.653 E.04251
G1 X351.603 Y190.394 E13.88911
G1 X351.603 Y189.617 E.04257
G1 X171.567 Y369.653 E13.94931
G1 X170.79 Y369.653 E.04257
G1 X351.603 Y188.841 E14.00948
G1 X351.603 Y188.064 E.04257
G1 X170.014 Y369.653 E14.06964
G1 X169.237 Y369.653 E.04257
G1 X351.603 Y187.288 E14.1298
G1 X351.603 Y186.511 E.04257
G1 X168.461 Y369.653 E14.18997
G1 X167.684 Y369.653 E.04257
G1 X351.603 Y185.734 E14.25017
G1 X351.603 Y184.958 E.04251
G1 X166.908 Y369.653 E14.3103
G1 X166.131 Y369.653 E.04257
G1 X351.603 Y184.181 E14.3705
G1 X351.603 Y183.405 E.04251
G1 X165.355 Y369.653 E14.43062
G1 X164.578 Y369.653 E.04257
G1 X351.603 Y182.628 E14.49083
G1 X351.603 Y181.852 E.04251
G1 X163.802 Y369.653 E14.55095
G1 X163.025 Y369.653 E.04257
G1 X351.603 Y181.075 E14.61115
G1 X351.603 Y180.299 E.04251
G1 X162.249 Y369.653 E14.67128
G1 X161.472 Y369.653 E.04257
G1 X351.603 Y179.522 E14.73148
G1 X351.603 Y178.746 E.04251
G1 X160.696 Y369.653 E14.79161
G1 X159.919 Y369.653 E.04257
G1 X351.603 Y177.969 E14.85181
G1 X351.603 Y177.193 E.04251
G1 X159.143 Y369.653 E14.91193
G1 X158.366 Y369.653 E.04257
G1 X351.603 Y176.416 E14.97214
G1 X351.603 Y175.64 E.04251
G1 X157.59 Y369.653 E15.03226
G1 X156.813 Y369.653 E.04257
G1 X351.603 Y174.863 E15.09246
G1 X351.603 Y174.087 E.04251
G1 X156.037 Y369.653 E15.15259
G1 X155.26 Y369.653 E.04257
G1 X351.603 Y173.31 E15.21279
G1 X351.603 Y172.534 E.04251
G1 X154.484 Y369.653 E15.27292
G1 X153.707 Y369.653 E.04257
G1 X351.603 Y171.757 E15.33312
G1 X351.603 Y170.981 E.04251
G1 X152.931 Y369.653 E15.39324
G1 X152.154 Y369.653 E.04257
G1 X351.603 Y170.204 E15.45345
G1 X351.603 Y169.428 E.04251
G1 X151.378 Y369.653 E15.51357
G1 X150.601 Y369.653 E.04257
G1 X351.603 Y168.651 E15.57377
G1 X351.603 Y167.875 E.04251
G1 X149.825 Y369.653 E15.6339
G1 X149.048 Y369.653 E.04257
G1 X351.603 Y167.098 E15.6941
G1 X351.603 Y166.322 E.04251
G1 X148.272 Y369.653 E15.75423
G1 X147.495 Y369.653 E.04257
G1 X351.603 Y165.545 E15.81443
G1 X351.603 Y164.769 E.04251
G1 X146.719 Y369.653 E15.87455
G1 X145.942 Y369.653 E.04257
G1 X351.603 Y163.992 E15.93476
G1 X351.603 Y163.216 E.04251
G1 X145.166 Y369.653 E15.99488
G1 X144.389 Y369.653 E.04257
G1 X351.603 Y162.439 E16.05508
G1 X351.603 Y161.663 E.04251
G1 X143.613 Y369.653 E16.11521
G1 X142.836 Y369.653 E.04257
G1 X351.603 Y160.886 E16.17541
G1 X351.603 Y160.11 E.04251
G1 X142.06 Y369.653 E16.23554
G1 X141.283 Y369.653 E.04257
G1 X351.603 Y159.333 E16.29574
G1 X351.603 Y158.557 E.04251
G1 X140.506 Y369.653 E16.3559
G1 X139.73 Y369.653 E.04251
G1 X351.603 Y157.78 E16.41607
G1 X351.603 Y157.004 E.04251
G1 X138.953 Y369.653 E16.47623
G1 X138.177 Y369.653 E.04251
G1 X351.603 Y156.227 E16.53639
G1 X351.603 Y155.451 E.04251
G1 X137.4 Y369.653 E16.59656
G1 X136.624 Y369.653 E.04251
G1 X351.603 Y154.674 E16.65672
G1 X351.603 Y153.897 E.04257
G1 X135.847 Y369.653 E16.71692
G1 X135.071 Y369.653 E.04251
G1 X351.603 Y153.121 E16.77705
G1 X351.603 Y152.344 E.04257
G1 X134.294 Y369.653 E16.83725
G1 X133.518 Y369.653 E.04251
G1 X351.603 Y151.568 E16.89738
G1 X351.603 Y150.791 E.04257
G1 X132.741 Y369.653 E16.95758
G1 X131.965 Y369.653 E.04251
G1 X351.603 Y150.015 E17.0177
G1 X351.603 Y149.238 E.04257
G1 X131.188 Y369.653 E17.07791
G1 X130.412 Y369.653 E.04251
G1 X351.603 Y148.462 E17.13803
G1 X351.603 Y147.685 E.04257
G1 X129.635 Y369.653 E17.19823
G1 X128.859 Y369.653 E.04251
G1 X351.603 Y146.909 E17.25836
G1 X351.603 Y146.132 E.04257
G1 X128.082 Y369.653 E17.31856
G1 X127.306 Y369.653 E.04251
G1 X351.603 Y145.356 E17.37869
G1 X351.603 Y144.579 E.04257
G1 X126.529 Y369.653 E17.43889
G1 X125.753 Y369.653 E.04251
G1 X351.603 Y143.803 E17.49901
G1 X351.603 Y143.026 E.04257
G1 X124.976 Y369.653 E17.55922
G1 X124.2 Y369.653 E.04251
G1 X351.603 Y142.25 E17.61934
G1 X351.603 Y141.473 E.04257
G1 X123.423 Y369.653 E17.67954
G1 X122.647 Y369.653 E.04251
G1 X351.603 Y140.697 E17.73967
G1 X351.603 Y139.92 E.04257
G1 X121.87 Y369.653 E17.79987
G1 X121.094 Y369.653 E.04251
G1 X351.603 Y139.144 E17.86
G1 X351.603 Y138.367 E.04257
G1 X120.317 Y369.653 E17.9202
G1 X119.541 Y369.653 E.04251
G1 X351.603 Y137.591 E17.98032
G1 X351.603 Y136.814 E.04257
G1 X118.764 Y369.653 E18.04053
G1 X117.988 Y369.653 E.04251
G1 X351.603 Y136.038 E18.10065
G1 X351.603 Y135.261 E.04257
G1 X117.211 Y369.653 E18.16085
G1 X116.435 Y369.653 E.04251
G1 X351.603 Y134.485 E18.22098
G1 X351.603 Y133.708 E.04257
G1 X115.658 Y369.653 E18.28118
G1 X114.882 Y369.653 E.04251
G1 X351.603 Y132.932 E18.34131
G1 X351.603 Y132.155 E.04257
G1 X114.105 Y369.653 E18.40151
G1 X113.329 Y369.653 E.04251
G1 X351.603 Y131.379 E18.46163
G1 X351.603 Y130.602 E.04257
G1 X112.552 Y369.653 E18.52184
G1 X111.776 Y369.653 E.04251
G1 X351.603 Y129.826 E18.58196
G1 X351.603 Y129.049 E.04257
G1 X110.999 Y369.653 E18.64216
G1 X110.223 Y369.653 E.04251
G1 X351.603 Y128.273 E18.70229
G1 X351.603 Y127.496 E.04257
G1 X109.446 Y369.653 E18.76249
G1 X108.669 Y369.653 E.04257
G1 X351.603 Y126.72 E18.82265
G1 X351.603 Y125.943 E.04257
G1 X107.893 Y369.653 E18.88282
G1 X107.116 Y369.653 E.04257
G1 X351.603 Y125.167 E18.94298
G1 X351.603 Y124.39 E.04257
G1 X106.34 Y369.653 E19.00315
G1 X105.563 Y369.653 E.04257
G1 X351.603 Y123.614 E19.06331
G1 X351.603 Y122.837 E.04257
G1 X104.787 Y369.653 E19.12347
G1 X104.01 Y369.653 E.04257
G1 X351.603 Y122.061 E19.18364
G1 X351.603 Y121.284 E.04257
G1 X103.234 Y369.653 E19.2438
G1 X102.457 Y369.653 E.04257
G1 X351.603 Y120.507 E19.304
G1 X351.603 Y119.731 E.04251
G1 X101.681 Y369.653 E19.36413
G1 X100.904 Y369.653 E.04257
G1 X351.603 Y118.954 E19.42433
G1 X351.603 Y118.178 E.04251
G1 X100.128 Y369.653 E19.48446
G1 X99.351 Y369.653 E.04257
G1 X351.603 Y117.401 E19.54466
G1 X351.603 Y116.625 E.04251
G1 X98.575 Y369.653 E19.60478
G1 X97.798 Y369.653 E.04257
G1 X351.603 Y115.848 E19.66499
G1 X351.603 Y115.072 E.04251
G1 X97.022 Y369.653 E19.72511
G1 X96.245 Y369.653 E.04257
G1 X351.603 Y114.295 E19.78531
G1 X351.603 Y113.519 E.04251
G1 X95.469 Y369.653 E19.84544
G1 X94.692 Y369.653 E.04257
G1 X351.603 Y112.742 E19.90564
G1 X351.603 Y111.966 E.04251
G1 X93.916 Y369.653 E19.96577
G1 X93.139 Y369.653 E.04257
G1 X351.603 Y111.189 E20.02597
G1 X351.603 Y110.413 E.04251
G1 X92.363 Y369.653 E20.08609
G1 X91.586 Y369.653 E.04257
G1 X351.603 Y109.636 E20.1463
G1 X351.603 Y108.86 E.04251
G1 X90.81 Y369.653 E20.20642
G1 X90.033 Y369.653 E.04257
G1 X351.603 Y108.083 E20.26662
G1 X351.603 Y107.307 E.04251
G1 X89.257 Y369.653 E20.32675
G1 X88.48 Y369.653 E.04257
G1 X351.603 Y106.53 E20.38695
G1 X351.603 Y105.754 E.04251
G1 X87.704 Y369.653 E20.44708
G1 X86.927 Y369.653 E.04257
G1 X351.603 Y104.977 E20.50728
G1 X351.603 Y104.201 E.04251
G1 X86.151 Y369.653 E20.5674
G1 X85.374 Y369.653 E.04257
G1 X351.603 Y103.424 E20.62761
G1 X351.603 Y102.648 E.04251
G1 X84.598 Y369.653 E20.68773
G1 X83.821 Y369.653 E.04257
G1 X351.603 Y101.871 E20.74793
G1 X351.603 Y101.095 E.04251
G1 X83.045 Y369.653 E20.80806
G1 X82.268 Y369.653 E.04257
G1 X351.603 Y100.318 E20.86826
G1 X351.603 Y99.542 E.04251
G1 X81.492 Y369.653 E20.92839
G1 X80.715 Y369.653 E.04257
G1 X351.603 Y98.765 E20.98859
G1 X351.603 Y97.989 E.04251
G1 X79.939 Y369.653 E21.04871
G1 X79.162 Y369.653 E.04257
G1 X351.603 Y97.212 E21.10892
G1 X351.603 Y96.436 E.04251
G1 X78.386 Y369.653 E21.16904
G1 X77.609 Y369.653 E.04257
G1 X351.603 Y95.659 E21.22924
G1 X351.603 Y94.883 E.04251
G1 X76.832 Y369.653 E21.28941
G1 X76.056 Y369.653 E.04251
G1 X351.603 Y94.106 E21.34957
G1 X351.603 Y93.33 E.04251
G1 X75.279 Y369.653 E21.40973
G1 X74.503 Y369.653 E.04251
G1 X351.603 Y92.553 E21.4699
G1 X351.603 Y91.777 E.04251
G1 X73.726 Y369.653 E21.53006
G1 X72.95 Y369.653 E.04251
G1 X351.603 Y91 E21.59023
G1 X351.603 Y90.224 E.04251
G1 X72.173 Y369.653 E21.65039
G1 X71.397 Y369.653 E.04251
G1 X351.603 Y89.447 E21.71055
G1 X351.603 Y88.67 E.04257
G1 X70.62 Y369.653 E21.77076
G1 X69.844 Y369.653 E.04251
G1 X351.603 Y87.894 E21.83088
G1 X351.603 Y87.117 E.04257
G1 X69.067 Y369.653 E21.89108
G1 X68.291 Y369.653 E.04251
G1 X351.603 Y86.341 E21.95121
G1 X351.603 Y85.564 E.04257
G1 X67.514 Y369.653 E22.01141
G1 X66.738 Y369.653 E.04251
G1 X351.603 Y84.788 E22.07154
G1 X351.603 Y84.011 E.04257
G1 X65.961 Y369.653 E22.13174
G1 X65.185 Y369.653 E.04251
G1 X351.603 Y83.235 E22.19186
G1 X351.603 Y82.458 E.04257
G1 X64.408 Y369.653 E22.25207
G1 X63.632 Y369.653 E.04251
G1 X351.603 Y81.682 E22.31219
G1 X351.603 Y80.905 E.04257
G1 X62.855 Y369.653 E22.37239
G1 X62.079 Y369.653 E.04251
G1 X351.603 Y80.129 E22.43252
G1 X351.603 Y79.352 E.04257
G1 X61.302 Y369.653 E22.49272
G1 X60.526 Y369.653 E.04251
G1 X351.603 Y78.576 E22.55285
G1 X351.603 Y77.799 E.04257
G1 X59.749 Y369.653 E22.61305
G1 X59.448 Y369.653 E.01649
G1 X59.448 Y369.177 E.02608
G1 X351.603 Y77.023 E22.63633
G1 X351.603 Y76.246 E.04257
G1 X59.394 Y368.455 E22.64055
G1 X59.328 Y368.212 E.0138
G1 X59.193 Y367.879 E.01969
G1 X351.603 Y75.47 E22.65609
G1 X351.603 Y74.693 E.04257
G1 X58.907 Y367.39 E22.67833
G1 X58.729 Y367.187 E.01479
G1 X58.512 Y367.008 E.01541
G1 X351.603 Y73.917 E22.70889
G1 X351.603 Y73.14 E.04257
G1 X58.011 Y366.732 E22.74771
G1 X57.712 Y366.613 E.01763
G1 X57.424 Y366.542 E.01625
G1 X351.603 Y72.364 E22.79315
G1 X351.603 Y71.587 E.04257
G1 X56.688 Y366.502 E22.85022
G1 X55.912 Y366.502 E.04251
G1 X351.603 Y70.811 E22.91034
G1 X351.603 Y70.034 E.04257
G1 X55.135 Y366.502 E22.97054
G1 X54.359 Y366.502 E.04251
G1 X351.603 Y69.258 E23.03067
G1 X351.603 Y68.481 E.04257
G1 X53.582 Y366.502 E23.09087
G1 X52.806 Y366.502 E.04251
G1 X351.603 Y67.705 E23.151
G1 X351.603 Y66.928 E.04257
G1 X52.029 Y366.502 E23.2112
G1 X51.253 Y366.502 E.04251
G1 X351.603 Y66.152 E23.27132
G1 X351.603 Y65.375 E.04257
G1 X50.476 Y366.502 E23.33153
G1 X49.7 Y366.502 E.04251
G1 X351.603 Y64.599 E23.39165
G1 X351.603 Y63.822 E.04257
G1 X48.923 Y366.502 E23.45185
G1 X48.397 Y366.502 E.02882
G1 X48.397 Y366.251 E.01375
G1 X351.603 Y63.046 E23.49257
G1 X351.603 Y62.269 E.04257
G1 X48.397 Y365.475 E23.49261
G1 X48.397 Y364.698 E.04257
G1 X351.603 Y61.493 E23.49257
G1 X351.603 Y60.716 E.04257
G1 X48.397 Y363.922 E23.49261
G1 X48.397 Y363.145 E.04257
G1 X351.603 Y59.94 E23.49257
G1 X351.603 Y59.163 E.04257
G1 X48.397 Y362.369 E23.49261
G1 X48.397 Y361.592 E.04257
G1 X351.603 Y58.387 E23.49257
G1 X351.603 Y57.61 E.04257
G1 X48.397 Y360.816 E23.49261
G1 X48.397 Y360.039 E.04257
G1 X351.603 Y56.833 E23.49261
G1 X351.603 Y56.057 E.04251
G1 X48.397 Y359.263 E23.49261
G1 X48.397 Y358.486 E.04257
G1 X351.603 Y55.28 E23.49261
G1 X351.603 Y54.504 E.04251
G1 X48.397 Y357.71 E23.49261
G1 X48.397 Y356.933 E.04257
G1 X351.603 Y53.727 E23.49261
G1 X351.603 Y52.951 E.04251
G1 X48.397 Y356.157 E23.49261
G1 X48.397 Y355.38 E.04257
G1 X351.603 Y52.174 E23.49261
G1 X351.603 Y51.398 E.04251
G1 X48.397 Y354.604 E23.49261
G1 X48.397 Y353.827 E.04257
G1 X351.603 Y50.621 E23.49261
G1 X351.603 Y49.845 E.04251
G1 X48.397 Y353.051 E23.49261
G1 X48.397 Y352.274 E.04257
G1 X351.603 Y49.068 E23.49261
G1 X351.603 Y48.292 E.04251
G1 X48.397 Y351.498 E23.49261
G1 X48.397 Y350.721 E.04257
G1 X351.603 Y47.515 E23.49261
G1 X351.603 Y46.739 E.04251
G1 X48.397 Y349.945 E23.49261
G1 X48.397 Y349.168 E.04257
G1 X351.603 Y45.962 E23.49261
G1 X351.603 Y45.186 E.04251
G1 X48.397 Y348.392 E23.49261
G1 X48.397 Y347.615 E.04257
G1 X351.603 Y44.409 E23.49261
G1 X351.603 Y43.633 E.04251
G1 X48.397 Y346.839 E23.49261
G1 X48.397 Y346.062 E.04257
G1 X351.603 Y42.856 E23.49261
G1 X351.603 Y42.08 E.04251
G1 X48.397 Y345.286 E23.49261
G1 X48.397 Y344.509 E.04257
G1 X351.603 Y41.303 E23.49261
G1 X351.603 Y40.527 E.04251
G1 X48.397 Y343.733 E23.49261
G1 X48.397 Y342.956 E.04257
G1 X351.603 Y39.75 E23.49261
G1 X351.603 Y38.974 E.04251
G1 X48.397 Y342.18 E23.49261
G1 X48.397 Y341.403 E.04257
G1 X351.603 Y38.197 E23.49261
G1 X351.603 Y37.421 E.04251
G1 X48.397 Y340.627 E23.49261
G1 X48.397 Y339.85 E.04257
G1 X351.603 Y36.644 E23.49261
G1 X351.603 Y35.868 E.04251
G1 X48.397 Y339.073 E23.49257
G1 X48.397 Y338.297 E.04251
G1 X351.603 Y35.091 E23.49261
G1 X351.603 Y34.315 E.04251
G1 X48.397 Y337.52 E23.49257
G1 X48.397 Y336.744 E.04251
G1 X351.603 Y33.538 E23.49261
G1 X351.603 Y32.762 E.04251
G1 X48.397 Y335.967 E23.49257
G1 X48.397 Y335.191 E.04251
G1 X351.603 Y31.985 E23.49261
G1 X351.655 Y31.601 E.02123
G1 X351.863 Y31.185 E.02548
G1 X352.448 Y30.551 E.04726
G1 X352.324 Y30.488 E.00762
G1 X48.397 Y334.414 E23.54843
G1 X48.397 Y333.638 E.04251
G1 X351.671 Y30.364 E23.49788
G1 X350.912 Y30.347 E.04159
G1 X48.397 Y332.861 E23.43903
G1 X48.397 Y332.085 E.04251
G1 X350.135 Y30.347 E23.37887
G1 X349.358 Y30.347 E.04257
G1 X48.397 Y331.308 E23.31866
G1 X48.397 Y330.532 E.04251
G1 X348.582 Y30.347 E23.25854
G1 X347.805 Y30.347 E.04257
G1 X48.397 Y329.755 E23.19834
G1 X48.397 Y328.979 E.04251
G1 X347.029 Y30.347 E23.13821
G1 X346.252 Y30.347 E.04257
G1 X48.397 Y328.202 E23.07801
G1 X48.397 Y327.426 E.04251
G1 X345.476 Y30.347 E23.01788
G1 X344.699 Y30.347 E.04257
G1 X48.397 Y326.649 E22.95768
G1 X48.397 Y325.873 E.04251
G1 X343.923 Y30.347 E22.89756
G1 X343.146 Y30.347 E.04257
G1 X48.397 Y325.096 E22.83735
G1 X48.397 Y324.32 E.04251
G1 X342.37 Y30.347 E22.77723
G1 X341.593 Y30.347 E.04257
G1 X48.397 Y323.543 E22.71703
G1 X48.397 Y322.767 E.04251
G1 X340.817 Y30.347 E22.6569
G1 X340.04 Y30.347 E.04257
G1 X48.397 Y321.99 E22.5967
G1 X48.397 Y321.214 E.04251
G1 X339.264 Y30.347 E22.53657
G1 X338.487 Y30.347 E.04257
G1 X48.397 Y320.437 E22.47637
G1 X48.397 Y319.661 E.04251
G1 X337.711 Y30.347 E22.41625
G1 X336.934 Y30.347 E.04257
G1 X48.397 Y318.884 E22.35604
G1 X48.397 Y318.108 E.04251
G1 X336.158 Y30.347 E22.29592
G1 X335.381 Y30.347 E.04257
G1 X48.397 Y317.331 E22.23572
G1 X48.397 Y316.555 E.04251
G1 X334.605 Y30.347 E22.17559
G1 X333.828 Y30.347 E.04257
G1 X48.397 Y315.778 E22.11539
G1 X48.397 Y315.002 E.04251
G1 X333.052 Y30.347 E22.05526
G1 X332.275 Y30.347 E.04257
G1 X48.397 Y314.225 E21.99506
G1 X48.397 Y313.449 E.04251
G1 X331.499 Y30.347 E21.93494
G1 X330.722 Y30.347 E.04257
G1 X48.397 Y312.672 E21.87473
G1 X48.397 Y311.896 E.04251
G1 X329.946 Y30.347 E21.81461
G1 X329.169 Y30.347 E.04257
G1 X48.397 Y311.119 E21.75441
G1 X48.397 Y310.343 E.04251
G1 X328.393 Y30.347 E21.69428
G1 X327.616 Y30.347 E.04257
G1 X48.397 Y309.566 E21.63408
G1 X48.397 Y308.79 E.04251
G1 X326.84 Y30.347 E21.57395
G1 X326.063 Y30.347 E.04257
G1 X48.397 Y308.013 E21.51375
G1 X48.397 Y307.237 E.04251
G1 X325.287 Y30.347 E21.45363
G1 X324.51 Y30.347 E.04257
G1 X48.397 Y306.46 E21.39342
G1 X48.397 Y305.683 E.04257
G1 X323.734 Y30.347 E21.33326
G1 X322.957 Y30.347 E.04257
G1 X48.397 Y304.907 E21.2731
G1 X48.397 Y304.13 E.04257
G1 X322.181 Y30.347 E21.21293
G1 X321.404 Y30.347 E.04257
G1 X48.397 Y303.354 E21.15277
G1 X48.397 Y302.577 E.04257
G1 X320.628 Y30.347 E21.09261
G1 X319.851 Y30.347 E.04257
G1 X48.397 Y301.801 E21.03244
G1 X48.397 Y301.024 E.04257
G1 X319.075 Y30.347 E20.97228
G1 X318.298 Y30.347 E.04257
G1 X48.397 Y300.248 E20.91211
G1 X48.397 Y299.471 E.04257
G1 X317.521 Y30.347 E20.85191
G1 X316.745 Y30.347 E.04251
G1 X48.397 Y298.695 E20.79179
G1 X48.397 Y297.918 E.04257
G1 X315.968 Y30.347 E20.73158
G1 X315.192 Y30.347 E.04251
G1 X48.397 Y297.142 E20.67146
G1 X48.397 Y296.365 E.04257
G1 X314.415 Y30.347 E20.61126
G1 X313.639 Y30.347 E.04251
G1 X48.397 Y295.589 E20.55113
G1 X48.397 Y294.812 E.04257
G1 X312.862 Y30.347 E20.49093
G1 X312.086 Y30.347 E.04251
G1 X48.397 Y294.036 E20.4308
G1 X48.397 Y293.259 E.04257
G1 X311.309 Y30.347 E20.3706
G1 X310.533 Y30.347 E.04251
G1 X48.397 Y292.483 E20.31048
G1 X48.397 Y291.706 E.04257
G1 X309.756 Y30.347 E20.25027
G1 X308.98 Y30.347 E.04251
G1 X48.397 Y290.93 E20.19015
G1 X48.397 Y290.153 E.04257
G1 X308.203 Y30.347 E20.12995
G1 X307.427 Y30.347 E.04251
G1 X48.397 Y289.377 E20.06982
G1 X48.397 Y288.6 E.04257
G1 X306.65 Y30.347 E20.00962
G1 X305.874 Y30.347 E.04251
G1 X48.397 Y287.824 E19.94949
G1 X48.397 Y287.047 E.04257
G1 X305.097 Y30.347 E19.88929
G1 X304.321 Y30.347 E.04251
G1 X48.397 Y286.271 E19.82917
G1 X48.397 Y285.494 E.04257
G1 X303.544 Y30.347 E19.76896
G1 X302.768 Y30.347 E.04251
G1 X48.397 Y284.718 E19.70884
G1 X48.397 Y283.941 E.04257
G1 X301.991 Y30.347 E19.64864
G1 X301.215 Y30.347 E.04251
G1 X48.397 Y283.165 E19.58851
G1 X48.397 Y282.388 E.04257
G1 X300.438 Y30.347 E19.52831
G1 X299.662 Y30.347 E.04251
G1 X48.397 Y281.612 E19.46818
G1 X48.397 Y280.835 E.04257
G1 X298.885 Y30.347 E19.40798
G1 X298.109 Y30.347 E.04251
G1 X48.397 Y280.059 E19.34786
G1 X48.397 Y279.282 E.04257
G1 X297.332 Y30.347 E19.28765
G1 X296.556 Y30.347 E.04251
G1 X48.397 Y278.506 E19.22753
G1 X48.397 Y277.729 E.04257
G1 X295.779 Y30.347 E19.16733
G1 X295.003 Y30.347 E.04251
G1 X48.397 Y276.953 E19.1072
G1 X48.397 Y276.176 E.04257
G1 X294.226 Y30.347 E19.047
G1 X293.45 Y30.347 E.04251
G1 X48.397 Y275.4 E18.98687
G1 X48.397 Y274.623 E.04257
G1 X292.673 Y30.347 E18.92667
G1 X291.897 Y30.347 E.04251
G1 X48.397 Y273.846 E18.86651
G1 X48.397 Y273.07 E.04251
G1 X291.12 Y30.347 E18.80634
G1 X290.344 Y30.347 E.04251
G1 X48.397 Y272.293 E18.74618
G1 X48.397 Y271.517 E.04251
G1 X289.567 Y30.347 E18.68602
G1 X288.791 Y30.347 E.04251
G1 X48.397 Y270.74 E18.62585
G1 X48.397 Y269.964 E.04251
G1 X288.014 Y30.347 E18.56569
G1 X287.237 Y30.347 E.04257
G1 X48.397 Y269.187 E18.50549
G1 X48.397 Y268.411 E.04251
G1 X286.461 Y30.347 E18.44536
G1 X285.684 Y30.347 E.04257
G1 X48.397 Y267.634 E18.38516
G1 X48.397 Y266.858 E.04251
G1 X284.908 Y30.347 E18.32503
G1 X284.131 Y30.347 E.04257
G1 X48.397 Y266.081 E18.26483
G1 X48.397 Y265.305 E.04251
G1 X283.355 Y30.347 E18.20471
G1 X282.578 Y30.347 E.04257
G1 X48.397 Y264.528 E18.1445
G1 X48.397 Y263.752 E.04251
G1 X281.802 Y30.347 E18.08438
G1 X281.025 Y30.347 E.04257
G1 X48.397 Y262.975 E18.02418
G1 X48.397 Y262.199 E.04251
G1 X280.249 Y30.347 E17.96405
G1 X279.472 Y30.347 E.04257
G1 X48.397 Y261.422 E17.90385
G1 X48.397 Y260.646 E.04251
G1 X278.696 Y30.347 E17.84372
G1 X277.919 Y30.347 E.04257
G1 X48.397 Y259.869 E17.78352
G1 X48.397 Y259.093 E.04251
G1 X277.143 Y30.347 E17.7234
G1 X276.366 Y30.347 E.04257
G1 X48.397 Y258.316 E17.66319
G1 X48.397 Y257.54 E.04251
G1 X275.59 Y30.347 E17.60307
G1 X274.813 Y30.347 E.04257
G1 X48.397 Y256.763 E17.54287
G1 X48.397 Y255.987 E.04251
G1 X274.037 Y30.347 E17.48274
G1 X273.26 Y30.347 E.04257
G1 X48.397 Y255.21 E17.42254
G1 X48.397 Y254.434 E.04251
G1 X272.484 Y30.347 E17.36241
G1 X271.707 Y30.347 E.04257
G1 X48.397 Y253.657 E17.30221
G1 X48.397 Y252.881 E.04251
G1 X270.931 Y30.347 E17.24209
G1 X270.154 Y30.347 E.04257
G1 X48.397 Y252.104 E17.18188
G1 X48.397 Y251.328 E.04251
G1 X269.378 Y30.347 E17.12176
G1 X268.601 Y30.347 E.04257
G1 X48.397 Y250.551 E17.06156
G1 X48.397 Y249.775 E.04251
G1 X267.825 Y30.347 E17.00143
G1 X267.048 Y30.347 E.04257
G1 X48.397 Y248.998 E16.94123
G1 X48.397 Y248.222 E.04251
G1 X266.272 Y30.347 E16.8811
G1 X265.495 Y30.347 E.04257
G1 X48.397 Y247.445 E16.8209
G1 X48.397 Y246.669 E.04251
G1 X264.719 Y30.347 E16.76078
G1 X263.942 Y30.347 E.04257
G1 X48.397 Y245.892 E16.70057
G1 X48.397 Y245.116 E.04251
G1 X263.166 Y30.347 E16.64045
G1 X262.389 Y30.347 E.04257
G1 X48.397 Y244.339 E16.58025
G1 X48.397 Y243.563 E.04251
G1 X261.613 Y30.347 E16.52012
G1 X260.836 Y30.347 E.04257
G1 X48.397 Y242.786 E16.45992
G1 X48.397 Y242.009 E.04257
G1 X260.06 Y30.347 E16.39976
G1 X259.283 Y30.347 E.04257
G1 X48.397 Y241.233 E16.33959
G1 X48.397 Y240.456 E.04257
G1 X258.507 Y30.347 E16.27943
G1 X257.73 Y30.347 E.04257
G1 X48.397 Y239.68 E16.21926
G1 X48.397 Y238.903 E.04257
G1 X256.954 Y30.347 E16.1591
G1 X256.177 Y30.347 E.04257
G1 X48.397 Y238.127 E16.09894
G1 X48.397 Y237.35 E.04257
G1 X255.4 Y30.347 E16.03873
G1 X254.624 Y30.347 E.04251
G1 X48.397 Y236.574 E15.97861
G1 X48.397 Y235.797 E.04257
G1 X253.847 Y30.347 E15.91841
G1 X253.071 Y30.347 E.04251
G1 X48.397 Y235.021 E15.85828
G1 X48.397 Y234.244 E.04257
G1 X252.294 Y30.347 E15.79808
G1 X251.518 Y30.347 E.04251
G1 X48.397 Y233.468 E15.73795
G1 X48.397 Y232.691 E.04257
G1 X250.741 Y30.347 E15.67775
G1 X249.965 Y30.347 E.04251
G1 X48.397 Y231.915 E15.61763
G1 X48.397 Y231.138 E.04257
G1 X249.188 Y30.347 E15.55742
G1 X248.412 Y30.347 E.04251
G1 X48.397 Y230.362 E15.4973
G1 X48.397 Y229.585 E.04257
G1 X247.635 Y30.347 E15.4371
G1 X246.859 Y30.347 E.04251
G1 X48.397 Y228.809 E15.37697
G1 X48.397 Y228.032 E.04257
G1 X246.082 Y30.347 E15.31677
G1 X245.306 Y30.347 E.04251
G1 X48.397 Y227.256 E15.25664
G1 X48.397 Y226.479 E.04257
G1 X244.529 Y30.347 E15.19644
G1 X243.753 Y30.347 E.04251
G1 X48.397 Y225.703 E15.13632
G1 X48.397 Y224.926 E.04257
G1 X242.976 Y30.347 E15.07611
G1 X242.2 Y30.347 E.04251
G1 X48.397 Y224.15 E15.01599
G1 X48.397 Y223.373 E.04257
G1 X241.423 Y30.347 E14.95579
G1 X240.647 Y30.347 E.04251
G1 X48.397 Y222.597 E14.89566
G1 X48.397 Y221.82 E.04257
G1 X239.87 Y30.347 E14.83546
G1 X239.094 Y30.347 E.04251
G1 X48.397 Y221.044 E14.77533
G1 X48.397 Y220.267 E.04257
G1 X238.317 Y30.347 E14.71513
G1 X237.541 Y30.347 E.04251
G1 X48.397 Y219.491 E14.65501
G1 X48.397 Y218.714 E.04257
G1 X236.764 Y30.347 E14.5948
G1 X235.988 Y30.347 E.04251
G1 X48.397 Y217.938 E14.53468
G1 X48.397 Y217.161 E.04257
G1 X235.211 Y30.347 E14.47448
G1 X234.435 Y30.347 E.04251
G1 X48.397 Y216.385 E14.41435
G1 X48.397 Y215.608 E.04257
G1 X233.658 Y30.347 E14.35415
G1 X232.882 Y30.347 E.04251
G1 X48.397 Y214.832 E14.29402
G1 X48.397 Y214.055 E.04257
G1 X232.105 Y30.347 E14.23382
G1 X231.329 Y30.347 E.04251
G1 X48.397 Y213.279 E14.1737
G1 X48.397 Y212.502 E.04257
G1 X230.552 Y30.347 E14.11349
G1 X229.776 Y30.347 E.04251
G1 X48.397 Y211.726 E14.05337
G1 X48.397 Y210.949 E.04257
G1 X228.999 Y30.347 E13.99317
G1 X228.223 Y30.347 E.04251
G1 X48.397 Y210.173 E13.93304
G1 X48.397 Y209.396 E.04257
G1 X227.446 Y30.347 E13.87284
G1 X226.67 Y30.347 E.04251
G1 X48.397 Y208.619 E13.81268
G1 X48.397 Y207.843 E.04251
G1 X225.893 Y30.347 E13.75251
G1 X225.117 Y30.347 E.04251
G1 X48.397 Y207.066 E13.69235
G1 X48.397 Y206.29 E.04251
G1 X224.34 Y30.347 E13.63218
G1 X223.563 Y30.347 E.04257
G1 X48.397 Y205.513 E13.57198
G1 X48.397 Y204.737 E.04251
G1 X222.787 Y30.347 E13.51186
G1 X222.01 Y30.347 E.04257
G1 X48.397 Y203.96 E13.45165
G1 X48.397 Y203.184 E.04251
G1 X221.234 Y30.347 E13.39153
G1 X220.457 Y30.347 E.04257
G1 X48.397 Y202.407 E13.33133
G1 X48.397 Y201.631 E.04251
G1 X219.681 Y30.347 E13.2712
G1 X218.904 Y30.347 E.04257
G1 X48.397 Y200.854 E13.211
G1 X48.397 Y200.078 E.04251
G1 X218.128 Y30.347 E13.15087
G1 X217.351 Y30.347 E.04257
G1 X48.397 Y199.301 E13.09067
G1 X48.397 Y198.525 E.04251
G1 X216.575 Y30.347 E13.03055
G1 X215.798 Y30.347 E.04257
G1 X48.397 Y197.748 E12.97034
G1 X48.397 Y196.972 E.04251
G1 X215.022 Y30.347 E12.91022
G1 X214.245 Y30.347 E.04257
G1 X48.397 Y196.195 E12.85002
G1 X48.397 Y195.419 E.04251
G1 X213.469 Y30.347 E12.78989
G1 X212.692 Y30.347 E.04257
G1 X48.397 Y194.642 E12.72969
G1 X48.397 Y193.866 E.04251
G1 X211.916 Y30.347 E12.66956
G1 X211.139 Y30.347 E.04257
G1 X48.397 Y193.089 E12.60936
G1 X48.397 Y192.313 E.04251
G1 X210.363 Y30.347 E12.54924
G1 X209.586 Y30.347 E.04257
G1 X48.397 Y191.536 E12.48903
G1 X48.397 Y190.76 E.04251
G1 X208.81 Y30.347 E12.42891
G1 X208.033 Y30.347 E.04257
G1 X48.397 Y189.983 E12.36871
G1 X48.397 Y189.207 E.04251
G1 X207.257 Y30.347 E12.30858
G1 X206.48 Y30.347 E.04257
G1 X48.397 Y188.43 E12.24838
G1 X48.397 Y187.654 E.04251
G1 X205.704 Y30.347 E12.18825
G1 X204.927 Y30.347 E.04257
G1 X48.397 Y186.877 E12.12805
G1 X48.397 Y186.101 E.04251
G1 X204.151 Y30.347 E12.06793
G1 X203.374 Y30.347 E.04257
G1 X48.397 Y185.324 E12.00772
G1 X48.397 Y184.548 E.04251
G1 X202.598 Y30.347 E11.9476
G1 X201.821 Y30.347 E.04257
G1 X48.397 Y183.771 E11.8874
G1 X48.397 Y182.995 E.04251
G1 X201.045 Y30.347 E11.82727
G1 X200.268 Y30.347 E.04257
G1 X48.397 Y182.218 E11.76707
G1 X48.397 Y181.442 E.04251
G1 X199.492 Y30.347 E11.70694
G1 X198.715 Y30.347 E.04257
G1 X48.397 Y180.665 E11.64674
G1 X48.397 Y179.889 E.04251
G1 X197.939 Y30.347 E11.58662
G1 X197.162 Y30.347 E.04257
G1 X48.397 Y179.112 E11.52641
G1 X48.397 Y178.336 E.04251
G1 X196.386 Y30.347 E11.46629
G1 X195.609 Y30.347 E.04257
G1 X48.397 Y177.559 E11.40609
G1 X48.397 Y176.782 E.04257
G1 X194.833 Y30.347 E11.34592
G1 X194.056 Y30.347 E.04257
G1 X48.397 Y176.006 E11.28576
G1 X48.397 Y175.229 E.04257
G1 X193.28 Y30.347 E11.2256
G1 X192.503 Y30.347 E.04257
G1 X48.397 Y174.453 E11.16543
G1 X48.397 Y173.676 E.04257
G1 X191.726 Y30.347 E11.10523
G1 X190.95 Y30.347 E.04251
G1 X48.397 Y172.9 E11.0451
G1 X48.397 Y172.123 E.04257
G1 X190.173 Y30.347 E10.9849
G1 X189.397 Y30.347 E.04251
G1 X48.397 Y171.347 E10.92478
G1 X48.397 Y170.57 E.04257
G1 X188.62 Y30.347 E10.86457
G1 X187.844 Y30.347 E.04251
G1 X48.397 Y169.794 E10.80445
G1 X48.397 Y169.017 E.04257
G1 X187.067 Y30.347 E10.74425
G1 X186.291 Y30.347 E.04251
G1 X48.397 Y168.241 E10.68412
G1 X48.397 Y167.464 E.04257
G1 X185.514 Y30.347 E10.62392
G1 X184.738 Y30.347 E.04251
G1 X48.397 Y166.688 E10.56379
G1 X48.397 Y165.911 E.04257
G1 X183.961 Y30.347 E10.50359
G1 X183.185 Y30.347 E.04251
G1 X48.397 Y165.135 E10.44347
G1 X48.397 Y164.358 E.04257
G1 X182.408 Y30.347 E10.38326
G1 X181.632 Y30.347 E.04251
G1 X48.397 Y163.582 E10.32314
G1 X48.397 Y162.805 E.04257
G1 X180.855 Y30.347 E10.26294
G1 X180.079 Y30.347 E.04251
G1 X48.397 Y162.029 E10.20281
G1 X48.397 Y161.252 E.04257
G1 X179.302 Y30.347 E10.14261
G1 X178.526 Y30.347 E.04251
G1 X48.397 Y160.476 E10.08248
G1 X48.397 Y159.699 E.04257
G1 X177.749 Y30.347 E10.02228
G1 X176.973 Y30.347 E.04251
G1 X48.397 Y158.923 E9.96216
G1 X48.397 Y158.146 E.04257
G1 X176.196 Y30.347 E9.90195
G1 X175.42 Y30.347 E.04251
G1 X48.397 Y157.37 E9.84183
G1 X48.397 Y156.593 E.04257
G1 X174.643 Y30.347 E9.78163
G1 X173.867 Y30.347 E.04251
G1 X48.397 Y155.817 E9.7215
G1 X48.397 Y155.04 E.04257
G1 X173.09 Y30.347 E9.6613
G1 X172.314 Y30.347 E.04251
G1 X48.397 Y154.264 E9.60117
G1 X48.397 Y153.487 E.04257
G1 X171.537 Y30.347 E9.54097
G1 X170.761 Y30.347 E.04251
G1 X48.397 Y152.711 E9.48085
G1 X48.397 Y151.934 E.04257
G1 X169.984 Y30.347 E9.42064
G1 X169.208 Y30.347 E.04251
G1 X48.397 Y151.158 E9.36052
G1 X48.397 Y150.381 E.04257
G1 X168.431 Y30.347 E9.30032
G1 X167.655 Y30.347 E.04251
G1 X48.397 Y149.605 E9.24019
G1 X48.397 Y148.828 E.04257
G1 X166.878 Y30.347 E9.17999
G1 X166.102 Y30.347 E.04251
G1 X48.397 Y148.052 E9.11986
G1 X48.397 Y147.275 E.04257
G1 X165.325 Y30.347 E9.05966
G1 X164.549 Y30.347 E.04251
G1 X48.397 Y146.499 E8.99954
G1 X48.397 Y145.722 E.04257
G1 X163.772 Y30.347 E8.93933
G1 X162.996 Y30.347 E.04251
G1 X48.397 Y144.945 E8.87917
G1 X48.397 Y144.169 E.04251
G1 X162.219 Y30.347 E8.81901
G1 X161.443 Y30.347 E.04251
G1 X48.397 Y143.392 E8.75884
G1 X48.397 Y142.616 E.04251
G1 X160.666 Y30.347 E8.69868
G1 X159.889 Y30.347 E.04257
G1 X48.397 Y141.839 E8.63848
G1 X48.397 Y141.063 E.04251
G1 X159.113 Y30.347 E8.57835
G1 X158.336 Y30.347 E.04257
G1 X48.397 Y140.286 E8.51815
G1 X48.397 Y139.51 E.04251
G1 X157.56 Y30.347 E8.45802
G1 X156.783 Y30.347 E.04257
G1 X48.397 Y138.733 E8.39782
G1 X48.397 Y137.957 E.04251
G1 X156.007 Y30.347 E8.3377
G1 X155.23 Y30.347 E.04257
G1 X48.397 Y137.18 E8.27749
G1 X48.397 Y136.404 E.04251
G1 X154.454 Y30.347 E8.21737
G1 X153.677 Y30.347 E.04257
G1 X48.397 Y135.627 E8.15717
G1 X48.397 Y134.851 E.04251
G1 X152.901 Y30.347 E8.09704
G1 X152.124 Y30.347 E.04257
G1 X48.397 Y134.074 E8.03684
G1 X48.397 Y133.298 E.04251
G1 X151.348 Y30.347 E7.97671
G1 X150.571 Y30.347 E.04257
G1 X48.397 Y132.521 E7.91651
G1 X48.397 Y131.745 E.04251
G1 X149.795 Y30.347 E7.85639
G1 X149.018 Y30.347 E.04257
G1 X48.397 Y130.968 E7.79618
G1 X48.397 Y130.192 E.04251
G1 X148.242 Y30.347 E7.73606
G1 X147.465 Y30.347 E.04257
G1 X48.397 Y129.415 E7.67586
G1 X48.397 Y128.639 E.04251
G1 X146.689 Y30.347 E7.61573
G1 X145.912 Y30.347 E.04257
G1 X48.397 Y127.862 E7.55553
G1 X48.397 Y127.086 E.04251
G1 X145.136 Y30.347 E7.4954
G1 X144.359 Y30.347 E.04257
G1 X48.397 Y126.309 E7.4352
G1 X48.397 Y125.533 E.04251
G1 X143.583 Y30.347 E7.37508
G1 X142.806 Y30.347 E.04257
G1 X48.397 Y124.756 E7.31487
G1 X48.397 Y123.98 E.04251
G1 X142.03 Y30.347 E7.25475
G1 X141.253 Y30.347 E.04257
G1 X48.397 Y123.203 E7.19455
G1 X48.397 Y122.427 E.04251
G1 X140.477 Y30.347 E7.13442
G1 X139.7 Y30.347 E.04257
G1 X48.397 Y121.65 E7.07422
G1 X48.397 Y120.874 E.04251
G1 X138.924 Y30.347 E7.01409
G1 X138.147 Y30.347 E.04257
G1 X48.397 Y120.097 E6.95389
G1 X48.397 Y119.321 E.04251
G1 X137.371 Y30.347 E6.89377
G1 X136.594 Y30.347 E.04257
G1 X48.397 Y118.544 E6.83356
G1 X48.397 Y117.768 E.04251
G1 X135.818 Y30.347 E6.77344
G1 X135.041 Y30.347 E.04257
G1 X48.397 Y116.991 E6.71324
G1 X48.397 Y116.215 E.04251
G1 X134.265 Y30.347 E6.65311
G1 X133.488 Y30.347 E.04257
G1 X48.397 Y115.438 E6.59291
G1 X48.397 Y114.662 E.04251
G1 X132.712 Y30.347 E6.53278
G1 X131.935 Y30.347 E.04257
G1 X48.397 Y113.885 E6.47258
G1 X48.397 Y113.109 E.04251
G1 X131.159 Y30.347 E6.41246
G1 X130.382 Y30.347 E.04257
G1 X48.397 Y112.332 E6.35225
G1 X48.397 Y111.555 E.04257
G1 X129.606 Y30.347 E6.29209
G1 X128.829 Y30.347 E.04257
G1 X48.397 Y110.779 E6.23193
G1 X48.397 Y110.002 E.04257
G1 X128.052 Y30.347 E6.17172
G1 X127.276 Y30.347 E.04251
G1 X48.397 Y109.226 E6.1116
G1 X48.397 Y108.449 E.04257
G1 X126.499 Y30.347 E6.0514
G1 X125.723 Y30.347 E.04251
G1 X48.397 Y107.673 E5.99127
G1 X48.397 Y106.896 E.04257
G1 X124.946 Y30.347 E5.93107
G1 X124.17 Y30.347 E.04251
G1 X48.397 Y106.12 E5.87094
G1 X48.397 Y105.343 E.04257
G1 X123.393 Y30.347 E5.81074
G1 X122.617 Y30.347 E.04251
G1 X48.397 Y104.567 E5.75062
G1 X48.397 Y103.79 E.04257
G1 X121.84 Y30.347 E5.69041
G1 X121.064 Y30.347 E.04251
G1 X48.397 Y103.014 E5.63029
G1 X48.397 Y102.237 E.04257
G1 X120.287 Y30.347 E5.57009
G1 X119.511 Y30.347 E.04251
G1 X48.397 Y101.461 E5.50996
G1 X48.397 Y100.684 E.04257
G1 X118.734 Y30.347 E5.44976
G1 X117.958 Y30.347 E.04251
G1 X48.397 Y99.908 E5.38963
G1 X48.397 Y99.131 E.04257
G1 X117.181 Y30.347 E5.32943
G1 X116.405 Y30.347 E.04251
G1 X48.397 Y98.355 E5.26931
G1 X48.397 Y97.578 E.04257
G1 X115.628 Y30.347 E5.2091
G1 X114.852 Y30.347 E.04251
G1 X48.397 Y96.802 E5.14898
G1 X48.397 Y96.025 E.04257
G1 X114.075 Y30.347 E5.08878
G1 X113.299 Y30.347 E.04251
G1 X48.397 Y95.249 E5.02865
G1 X48.397 Y94.472 E.04257
G1 X112.522 Y30.347 E4.96845
G1 X111.746 Y30.347 E.04251
G1 X48.397 Y93.696 E4.90832
G1 X48.397 Y92.919 E.04257
G1 X110.969 Y30.347 E4.84812
G1 X110.193 Y30.347 E.04251
G1 X48.397 Y92.143 E4.788
G1 X48.397 Y91.366 E.04257
G1 X109.416 Y30.347 E4.72779
G1 X108.64 Y30.347 E.04251
G1 X48.397 Y90.59 E4.66767
G1 X48.397 Y89.813 E.04257
G1 X107.863 Y30.347 E4.60747
G1 X107.087 Y30.347 E.04251
G1 X48.397 Y89.037 E4.54734
G1 X48.397 Y88.26 E.04257
G1 X106.31 Y30.347 E4.48714
G1 X105.534 Y30.347 E.04251
G1 X48.397 Y87.484 E4.42701
G1 X48.397 Y86.707 E.04257
G1 X104.757 Y30.347 E4.36681
G1 X103.981 Y30.347 E.04251
G1 X48.397 Y85.931 E4.30669
G1 X48.397 Y85.154 E.04257
G1 X103.204 Y30.347 E4.24648
G1 X102.428 Y30.347 E.04251
G1 X48.397 Y84.378 E4.18636
G1 X48.397 Y83.601 E.04257
G1 X101.651 Y30.347 E4.12616
G1 X100.875 Y30.347 E.04251
G1 X48.397 Y82.825 E4.06603
G1 X48.397 Y82.048 E.04257
G1 X100.098 Y30.347 E4.00583
G1 X99.322 Y30.347 E.04251
G1 X48.397 Y81.272 E3.9457
G1 X48.397 Y80.495 E.04257
G1 X98.545 Y30.347 E3.8855
G1 X97.769 Y30.347 E.04251
G1 X48.397 Y79.718 E3.82534
G1 X48.397 Y78.942 E.04251
G1 X96.992 Y30.347 E3.76517
G1 X96.215 Y30.347 E.04257
G1 X48.397 Y78.165 E3.70497
G1 X48.397 Y77.389 E.04251
G1 X95.439 Y30.347 E3.64485
G1 X94.662 Y30.347 E.04257
G1 X48.397 Y76.612 E3.58464
G1 X48.397 Y75.836 E.04251
G1 X93.886 Y30.347 E3.52452
G1 X93.109 Y30.347 E.04257
G1 X48.397 Y75.059 E3.46432
G1 X48.397 Y74.283 E.04251
G1 X92.333 Y30.347 E3.40419
G1 X91.556 Y30.347 E.04257
G1 X48.397 Y73.506 E3.34399
G1 X48.397 Y72.73 E.04251
G1 X90.78 Y30.347 E3.28386
G1 X90.003 Y30.347 E.04257
G1 X48.397 Y71.953 E3.22366
G1 X48.397 Y71.177 E.04251
G1 X89.227 Y30.347 E3.16354
G1 X88.45 Y30.347 E.04257
G1 X48.397 Y70.4 E3.10333
G1 X48.397 Y69.624 E.04251
G1 X87.674 Y30.347 E3.04321
G1 X86.897 Y30.347 E.04257
G1 X48.397 Y68.847 E2.98301
G1 X48.397 Y68.071 E.04251
G1 X86.121 Y30.347 E2.92288
G1 X85.344 Y30.347 E.04257
G1 X48.397 Y67.294 E2.86268
G1 X48.397 Y66.518 E.04251
G1 X84.568 Y30.347 E2.80255
G1 X83.791 Y30.347 E.04257
G1 X48.397 Y65.741 E2.74235
G1 X48.397 Y64.965 E.04251
G1 X83.015 Y30.347 E2.68223
G1 X82.238 Y30.347 E.04257
G1 X48.397 Y64.188 E2.62202
G1 X48.397 Y63.412 E.04251
G1 X81.462 Y30.347 E2.5619
G1 X80.685 Y30.347 E.04257
G1 X48.397 Y62.635 E2.5017
G1 X48.397 Y61.859 E.04251
G1 X79.909 Y30.347 E2.44157
G1 X79.132 Y30.347 E.04257
G1 X48.397 Y61.082 E2.38137
G1 X48.397 Y60.306 E.04251
G1 X78.356 Y30.347 E2.32124
G1 X77.579 Y30.347 E.04257
G1 X48.397 Y59.529 E2.26104
G1 X48.397 Y58.753 E.04251
G1 X76.803 Y30.347 E2.20092
G1 X76.026 Y30.347 E.04257
G1 X48.397 Y57.976 E2.14071
G1 X48.397 Y57.2 E.04251
G1 X75.25 Y30.347 E2.08059
G1 X74.473 Y30.347 E.04257
G1 X48.397 Y56.423 E2.02039
G1 X48.397 Y55.647 E.04251
G1 X73.697 Y30.347 E1.96026
G1 X72.92 Y30.347 E.04257
G1 X48.397 Y54.87 E1.90006
G1 X48.397 Y54.094 E.04251
G1 X72.144 Y30.347 E1.83993
G1 X71.367 Y30.347 E.04257
G1 X48.397 Y53.317 E1.77973
G1 X48.397 Y52.541 E.04251
G1 X70.591 Y30.347 E1.71961
G1 X69.814 Y30.347 E.04257
G1 X48.397 Y51.764 E1.6594
G1 X48.397 Y50.988 E.04251
G1 X69.038 Y30.347 E1.59928
G1 X68.261 Y30.347 E.04257
G1 X48.397 Y50.211 E1.53908
G1 X48.397 Y49.435 E.04251
G1 X67.485 Y30.347 E1.47895
G1 X66.708 Y30.347 E.04257
G1 X48.397 Y48.658 E1.41875
G1 X48.397 Y47.881 E.04257
G1 X65.932 Y30.347 E1.35859
G1 X65.155 Y30.347 E.04257
G1 X48.397 Y47.105 E1.29842
G1 X48.397 Y46.328 E.04257
G1 X64.378 Y30.347 E1.23822
G1 X63.602 Y30.347 E.04251
G1 X48.397 Y45.552 E1.17809
G1 X48.397 Y44.775 E.04257
G1 X62.825 Y30.347 E1.11789
G1 X62.049 Y30.347 E.04251
G1 X48.397 Y43.999 E1.05777
G1 X48.397 Y43.222 E.04257
G1 X61.272 Y30.347 E.99756
G1 X60.496 Y30.347 E.04251
G1 X48.397 Y42.446 E.93744
G1 X48.397 Y41.669 E.04257
G1 X59.719 Y30.347 E.87724
G1 X58.943 Y30.347 E.04251
G1 X48.397 Y40.893 E.81711
G1 X48.397 Y40.116 E.04257
G1 X58.166 Y30.347 E.75691
G1 X57.39 Y30.347 E.04251
G1 X48.397 Y39.34 E.69678
G1 X48.397 Y38.563 E.04257
G1 X56.613 Y30.347 E.63658
G1 X55.837 Y30.347 E.04251
G1 X48.397 Y37.787 E.57646
G1 X48.397 Y37.01 E.04257
G1 X55.06 Y30.347 E.51625
G1 X54.284 Y30.347 E.04251
G1 X48.397 Y36.234 E.45613
G1 X48.397 Y35.457 E.04257
G1 X53.507 Y30.347 E.39593
G1 X52.731 Y30.347 E.04251
G1 X48.397 Y34.681 E.3358
G1 X48.397 Y33.904 E.04257
G1 X51.954 Y30.347 E.2756
G1 X51.178 Y30.347 E.04251
G1 X48.397 Y33.128 E.21547
G1 X48.397 Y32.351 E.04257
G1 X50.401 Y30.347 E.15527
G1 X49.625 Y30.347 E.04251
G1 X48.348 Y31.623 E.0989
G1 X48.133 Y31.178 E.02708
G1 X48.071 Y31.124 E.0045
G1 X48.848 Y30.347 E.0602
G1 X48.072 Y30.347 E.04251
G1 X47.473 Y30.945 E.04637
G1 E-4.2 F3600
;WIPE_START
G1 F7200
G1 X48.072 Y30.347 E-.40204
G1 X48.848 Y30.347 E-.3686
G1 X48.071 Y31.124 E-.52195
G1 X48.133 Y31.178 E-.03905
G1 X48.348 Y31.623 E-.23475
G1 X48.696 Y31.275 E-.23361
;WIPE_END
G1 X59.142 Y369.546 F9000
G1 E6 F2400
M204 S250
;TYPE:Bridge infill
;WIDTH:0.711768
;HEIGHT:0.584808
G1 F1500
G1 X48.44 Y369.546 E1.77038
G1 X48.44 Y368.785 E.12589
G1 X58.85 Y368.785 E1.72207
G1 X58.773 Y368.417 E.06219
G1 X58.609 Y368.023 E.0706
G1 X48.44 Y368.023 E1.68221
G1 X48.44 Y367.261 E.12605
G1 X58.34 Y367.261 E1.63771
M204 S500
G1 E-4.2 F3600
;WIPE_START
G1 F7200
G1 X54.551 Y367.261 E-1.8
;WIPE_END
G1 X192.958 Y369.546 F9000
G1 E6 F2400
M204 S250
G1 F1500
G1 X206.857 Y369.546 E2.29924
G1 X206.85 Y368.785 E.12589
G1 X193.25 Y368.785 E2.24978
G1 X193.327 Y368.417 E.06219
G1 X193.491 Y368.023 E.0706
G1 X206.609 Y368.023 E2.17004
G1 X206.452 Y367.771 E.04912
G1 X206.282 Y367.58 E.0423
G1 X206.002 Y367.381 E.05683
G1 X205.743 Y367.261 E.04722
G1 X193.76 Y367.261 E1.98229
M204 S500
; stop printing object Chess Board Lid id:0 copy 0
G1 E-4.2 F3600
;WIPE_START
G1 F7200;_WIPE
G1 X197.549 Y367.261 E-1.8
;WIPE_END
M107
;TYPE:Custom
; Filament-specific end gcode 
;END gcode for filament
G1 Z7.34 F600 ; Move print head up
G1 X5 Y335.75 F9000 ; present print
G1 Z75.34 F600 ; Move print head further up
G1 Z240 F600 ; Move print head further up
M140 S0 ; turn off heatbed
M104 S0 ; turn off temperature
M107 ; turn off fan
M84 X Y E ; disable motors
; objects_info = {"objects":[{"name":"Chess Board Lid id:0 copy 0","polygon":[[355.850,32.000],[352.950,32.000],[352.950,371.000],[47.050,371.000],[47.050,32.000],[44.150,32.000],[44.150,29.000],[355.850,29.000]]}]}
; filament used [mm] = 102015.39
; filament used [cm3] = 245.38
; filament used [g] = 304.27
; filament cost = 6.09
; total filament used [g] = 304.27
; total filament cost = 6.09
; total filament used for wipe tower [g] = 0.00
; estimated printing time (normal mode) = 12h 59m 12s
; estimated first layer printing time (normal mode) = 2h 36m 12s

; prusaslicer_config = begin
; arc_fitting = disabled
; autoemit_temperature_commands = 1
; automatic_extrusion_widths = 0
; automatic_infill_combination = 0
; automatic_infill_combination_max_layer_height = 100%
; avoid_crossing_curled_overhangs = 0
; avoid_crossing_perimeters = 0
; avoid_crossing_perimeters_max_detour = 0
; bed_custom_model = 
; bed_custom_texture = 
; bed_shape = 5x5,395x5,395x395,5x395
; bed_temperature = 60
; bed_temperature_extruder = 0
; before_layer_gcode = ;BEFORE_LAYER_CHANGE\nG92 E0\n;{layer_z}\n\n
; between_objects_gcode = 
; binary_gcode = 0
; bottom_fill_pattern = monotonic
; bottom_solid_layers = 3
; bottom_solid_min_thickness = 0
; bridge_acceleration = 250
; bridge_angle = 0
; bridge_fan_speed = 100
; bridge_flow_ratio = 0.95
; bridge_speed = 25
; brim_separation = 0
; brim_type = outer_only
; brim_width = 0
; chamber_minimal_temperature = 0
; chamber_temperature = 0
; color_change_gcode = M600
; colorprint_heights = 
; compatible_printers_condition_cummulative = "printer_model=~/(ENDER|CR|SERMOON).*/ and nozzle_diameter[0]==0.6";printer_notes=~/.*PRINTER_VENDOR_CREALITY.*/
; complete_objects = 0
; cooling = 1
; cooling_perimeter_transition_distance = 0
; cooling_slowdown_logic = uniform_cooling
; cooling_tube_length = 5
; cooling_tube_retraction = 91.5
; custom_parameters_filament = ""
; custom_parameters_print = 
; custom_parameters_printer = 
; default_acceleration = 500
; default_filament_profile = "Generic PLA @CREALITY"
; default_print_profile = "0.24 mm DRAFT (0.6 mm nozzle) @CREALITY"
; deretract_speed = 40
; disable_fan_first_layers = 1
; dont_support_bridges = 1
; draft_shield = disabled
; duplicate_distance = 6
; elefant_foot_compensation = 0.1
; enable_dynamic_fan_speeds = 0
; enable_dynamic_overhang_speeds = 0
; end_filament_gcode = "; Filament-specific end gcode \n;END gcode for filament\n"
; end_gcode = {if max_layer_z < max_print_height}G1 Z{z_offset+min(max_layer_z+2, max_print_height)} F600 ; Move print head up{endif}\nG1 X5 Y{print_bed_max[1]*0.85} F{travel_speed*60} ; present print\n{if max_layer_z < max_print_height-10}G1 Z{z_offset+min(max_layer_z+70, max_print_height-10)} F600 ; Move print head further up{endif}\n{if max_layer_z < max_print_height*0.6}G1 Z{max_print_height*0.6} F600 ; Move print head further up{endif}\nM140 S0 ; turn off heatbed\nM104 S0 ; turn off temperature\nM107 ; turn off fan\nM84 X Y E ; disable motors
; ensure_vertical_shell_thickness = enabled
; external_perimeter_acceleration = 0
; external_perimeter_extrusion_width = 0.63
; external_perimeter_speed = 25
; external_perimeters_first = 0
; extra_loading_move = -2
; extra_perimeters = 0
; extra_perimeters_on_overhangs = 0
; extruder_clearance_height = 25
; extruder_clearance_radius = 55
; extruder_colour = #FCE94F
; extruder_offset = 0x0
; extrusion_axis = E
; extrusion_multiplier = 1
; extrusion_width = 0.66
; fan_always_on = 1
; fan_below_layer_time = 100
; filament_abrasive = 0
; filament_colour = #FFFFFF
; filament_cooling_final_speed = 3.4
; filament_cooling_initial_speed = 2.2
; filament_cooling_moves = 4
; filament_cost = 20
; filament_density = 1.24
; filament_deretract_speed = nil
; filament_diameter = 1.75
; filament_infill_max_crossing_speed = 0
; filament_infill_max_speed = 0
; filament_load_time = 0
; filament_loading_speed = 28
; filament_loading_speed_start = 3
; filament_max_volumetric_speed = 15
; filament_minimal_purge_on_wipe_tower = 15
; filament_multitool_ramming = 0
; filament_multitool_ramming_flow = 10
; filament_multitool_ramming_volume = 10
; filament_notes = ""
; filament_purge_multiplier = 100%
; filament_ramming_parameters = "120 100 6.6 6.8 7.2 7.6 7.9 8.2 8.7 9.4 9.9 10.0| 0.05 6.6 0.45 6.8 0.95 7.8 1.45 8.3 1.95 9.7 2.45 10 2.95 7.6 3.45 7.6 3.95 7.6 4.45 7.6 4.95 7.6"
; filament_retract_before_travel = nil
; filament_retract_before_wipe = nil
; filament_retract_layer_change = nil
; filament_retract_length = nil
; filament_retract_length_toolchange = nil
; filament_retract_lift = nil
; filament_retract_lift_above = nil
; filament_retract_lift_below = nil
; filament_retract_restart_extra = nil
; filament_retract_restart_extra_toolchange = nil
; filament_retract_speed = nil
; filament_seam_gap_distance = nil
; filament_settings_id = "Creality PLA @CREALITY"
; filament_shrinkage_compensation_xy = 0%
; filament_shrinkage_compensation_z = 0%
; filament_soluble = 0
; filament_spool_weight = 0
; filament_stamping_distance = 0
; filament_stamping_loading_speed = 20
; filament_toolchange_delay = 0
; filament_travel_lift_before_obstacle = nil
; filament_travel_max_lift = nil
; filament_travel_ramping_lift = nil
; filament_travel_slope = nil
; filament_type = PLA
; filament_unload_time = 0
; filament_unloading_speed = 90
; filament_unloading_speed_start = 100
; filament_vendor = Creality
; filament_wipe = nil
; fill_angle = 45
; fill_density = 10%
; fill_pattern = grid
; first_layer_acceleration = 0
; first_layer_acceleration_over_raft = 0
; first_layer_bed_temperature = 60
; first_layer_extrusion_width = 0.63
; first_layer_height = 0.3
; first_layer_infill_speed = 0
; first_layer_speed = 20
; first_layer_speed_over_raft = 30
; first_layer_temperature = 205
; full_fan_speed_layer = 0
; fuzzy_skin = none
; fuzzy_skin_point_dist = 0.8
; fuzzy_skin_thickness = 0.3
; gap_fill_enabled = 1
; gap_fill_speed = 30
; gcode_comments = 0
; gcode_flavor = marlin
; gcode_label_objects = octoprint
; gcode_resolution = 0.0125
; gcode_substitutions = 
; high_current_on_filament_swap = 0
; host_type = prusalink
; idle_temperature = 150
; infill_acceleration = 0
; infill_anchor = 600%
; infill_anchor_max = 50
; infill_every_layers = 1
; infill_extruder = 1
; infill_extrusion_width = 0.66
; infill_first = 0
; infill_overlap = 23%
; infill_speed = 50
; interface_shells = 0
; interlocking_beam = 0
; interlocking_beam_layer_count = 2
; interlocking_beam_width = 0.8
; interlocking_boundary_avoidance = 2
; interlocking_depth = 2
; interlocking_orientation = 22.5
; ironing = 0
; ironing_flowrate = 10%
; ironing_spacing = 0.1
; ironing_speed = 20
; ironing_type = top
; layer_gcode = ;AFTER_LAYER_CHANGE\n;{layer_z}
; layer_height = 0.24
; machine_limits_usage = emit_to_gcode
; machine_max_acceleration_e = 5000
; machine_max_acceleration_extruding = 500
; machine_max_acceleration_retracting = 1000
; machine_max_acceleration_travel = 500
; machine_max_acceleration_x = 500
; machine_max_acceleration_y = 500
; machine_max_acceleration_z = 100
; machine_max_feedrate_e = 60
; machine_max_feedrate_x = 500
; machine_max_feedrate_y = 500
; machine_max_feedrate_z = 10
; machine_max_jerk_e = 5
; machine_max_jerk_x = 8
; machine_max_jerk_y = 8
; machine_max_jerk_z = 0.4
; machine_max_junction_deviation = 0,0
; machine_min_extruding_rate = 0
; machine_min_travel_rate = 0
; max_fan_speed = 100
; max_layer_height = 0.48
; max_print_height = 400
; max_print_speed = 100
; max_volumetric_extrusion_rate_slope_negative = 0
; max_volumetric_extrusion_rate_slope_positive = 0
; max_volumetric_speed = 0
; min_bead_width = 85%
; min_fan_speed = 100
; min_feature_size = 25%
; min_layer_height = 0.08
; min_print_speed = 15
; min_skirt_length = 4
; mmu_segmented_region_interlocking_depth = 0
; mmu_segmented_region_max_width = 0
; multimaterial_purging = 140
; notes = 
; nozzle_diameter = 0.6
; nozzle_high_flow = 0
; only_one_perimeter_first_layer = 0
; only_retract_when_crossing_perimeters = 0
; ooze_prevention = 0
; output_filename_format = {input_filename_base}_{print_time}_{digits(layer_height,1,2)}mm_{temperature[0]}C_{filament_type[0]}_{printer_model}.gcode
; over_bridge_speed = 0
; overhang_fan_speed_0 = 0
; overhang_fan_speed_1 = 0
; overhang_fan_speed_2 = 0
; overhang_fan_speed_3 = 0
; overhang_speed_0 = 15
; overhang_speed_1 = 15
; overhang_speed_2 = 20
; overhang_speed_3 = 25
; overhangs = 0
; parking_pos_retraction = 92
; pause_print_gcode = 
; perimeter_acceleration = 0
; perimeter_extruder = 1
; perimeter_extrusion_width = 0.66
; perimeter_generator = arachne
; perimeter_speed = 40
; perimeters = 2
; physical_printer_settings_id = 
; post_process = 
; prefer_clockwise_movements = 0
; print_settings_id = 0.24 mm DRAFT (0.6 mm nozzle) @CREALITY
; printer_model = CR6MAX
; printer_notes = Don't remove the following keywords! These keywords are used in the "compatible printer" condition of the print and filament profiles to link the particular print and filament profiles to this printer profile.\nPRINTER_VENDOR_CREALITY\nPRINTER_MODEL_CR6MAX\nPRINTER_HAS_BOWDEN
; printer_settings_id = Creality CR-6 Max (0.6 mm nozzle)
; printer_technology = FFF
; printer_variant = 0.6
; printer_vendor = 
; profile_vendor = Creality
; profile_version = 1.1.0
; raft_contact_distance = 0.1
; raft_expansion = 1.5
; raft_first_layer_density = 90%
; raft_first_layer_expansion = 3
; raft_layers = 0
; remaining_times = 0
; resolution = 0
; retract_before_travel = 2
; retract_before_wipe = 70%
; retract_layer_change = 1
; retract_length = 6
; retract_length_toolchange = 1
; retract_lift = 0
; retract_lift_above = 0.3
; retract_lift_below = 0
; retract_restart_extra = 0
; retract_restart_extra_toolchange = 0
; retract_speed = 60
; scarf_seam_entire_loop = 0
; scarf_seam_length = 20
; scarf_seam_max_segment_length = 1
; scarf_seam_on_inner_perimeters = 0
; scarf_seam_only_on_smooth = 1
; scarf_seam_placement = nowhere
; scarf_seam_start_height = 0%
; seam_gap_distance = 15%
; seam_position = nearest
; silent_mode = 0
; single_extruder_multi_material = 0
; single_extruder_multi_material_priming = 0
; skirt_distance = 3
; skirt_height = 2
; skirts = 1
; slice_closing_radius = 0.049
; slicing_mode = regular
; slowdown_below_layer_time = 20
; small_perimeter_speed = 25
; solid_infill_acceleration = 0
; solid_infill_below_area = 0
; solid_infill_every_layers = 0
; solid_infill_extruder = 1
; solid_infill_extrusion_width = 0.66
; solid_infill_speed = 40
; spiral_vase = 0
; staggered_inner_seams = 0
; standby_temperature_delta = -5
; start_filament_gcode = "; Filament gcode\n"
; start_gcode = G90 ; use absolute coordinates\nM83 ; extruder relative mode\nM109 S{is_nil(idle_temperature[0]) ? 150 : idle_temperature[0]} ; set temporary nozzle temp to prevent oozing during homing\nM190 S{first_layer_bed_temperature[0]} ; wait for bed temp to stabilize\nM140 S{first_layer_bed_temperature[0]} ; set final bed temp\nG28 ; home all axis\nG1 Z50 F240\nG1 X2.0 Y10 F3000\nM104 S{first_layer_temperature[0]} ; set final nozzle temp\nM109 S{first_layer_temperature[0]} ; wait for nozzle temp to stabilize\nG1 Z0.28 F240\nG92 E0\nG1 X2.0 Y140 E10 F1500 ; prime the nozzle\nG1 X2.3 Y140 F5000\nG92 E0\nG1 X2.3 Y10 E10 F1200 ; prime the nozzle\nG92 E0
; support_material = 0
; support_material_angle = 0
; support_material_auto = 1
; support_material_bottom_contact_distance = 0
; support_material_bottom_interface_layers = -1
; support_material_buildplate_only = 0
; support_material_closing_radius = 2
; support_material_contact_distance = 0.15
; support_material_enforce_layers = 0
; support_material_extruder = 0
; support_material_extrusion_width = 0.54
; support_material_interface_contact_loops = 0
; support_material_interface_extruder = 0
; support_material_interface_layers = 2
; support_material_interface_pattern = rectilinear
; support_material_interface_spacing = 0.3
; support_material_interface_speed = 100%
; support_material_pattern = rectilinear
; support_material_spacing = 1.2
; support_material_speed = 40
; support_material_style = grid
; support_material_synchronize_layers = 0
; support_material_threshold = 40
; support_material_with_sheath = 0
; support_material_xy_spacing = 60%
; support_tree_angle = 40
; support_tree_angle_slow = 25
; support_tree_branch_diameter = 2
; support_tree_branch_diameter_angle = 5
; support_tree_branch_diameter_double_wall = 3
; support_tree_branch_distance = 1
; support_tree_tip_diameter = 0.8
; support_tree_top_rate = 15%
; temperature = 200
; template_custom_gcode = 
; thick_bridges = 1
; thin_walls = 0
; thumbnails = 
; thumbnails_format = PNG
; toolchange_gcode = 
; top_fill_pattern = monotonic
; top_infill_extrusion_width = 0.6
; top_one_perimeter_type = none
; top_solid_infill_acceleration = 0
; top_solid_infill_speed = 30
; top_solid_layers = 4
; top_solid_min_thickness = 0
; travel_acceleration = 0
; travel_lift_before_obstacle = 0
; travel_max_lift = 0
; travel_ramping_lift = 0
; travel_short_distance_acceleration = 0
; travel_slope = 0
; travel_speed = 150
; travel_speed_z = 0
; use_firmware_retraction = 0
; use_relative_e_distances = 1
; use_volumetric_e = 0
; variable_layer_height = 1
; wall_distribution_count = 1
; wall_transition_angle = 10
; wall_transition_filter_deviation = 25%
; wall_transition_length = 100%
; wipe = 1
; wipe_into_infill = 0
; wipe_into_objects = 0
; wipe_tower = 0
; wipe_tower_acceleration = 0
; wipe_tower_bridging = 10
; wipe_tower_brim_width = 2
; wipe_tower_cone_angle = 0
; wipe_tower_extra_flow = 100%
; wipe_tower_extra_spacing = 100%
; wipe_tower_extruder = 0
; wipe_tower_no_sparse_layers = 0
; wipe_tower_width = 60
; wiping_volumes_matrix = 0
; wiping_volumes_use_custom_matrix = 0
; xy_size_compensation = 0
; z_offset = 0
; prusaslicer_config = end
